company,category,item,fiscal_year,amount
BYC,Ⅰ. 매출액,매출액,2024,165208000000
BYC,Ⅰ. 매출액,매출액,2025,163167000000
BYC,Ⅱ. 매출원가,매출원가,2024,94532603464
BYC,Ⅱ. 매출원가,매출원가,2025,87564545469
BYC,Ⅲ. 매출총이익(Ⅰ - Ⅱ),매출총이익,2024,70674965477
BYC,Ⅲ. 매출총이익(Ⅰ - Ⅱ),매출총이익,2025,75602067702
BYC,Ⅳ. 판매비와 관리비,판매비와관리비,2024,46842058564
BYC,Ⅳ. 판매비와 관리비,판매비와관리비,2025,49028509234
BYC,Ⅴ. 영업손익(Ⅲ - Ⅳ),영업이익,2024,23832906913
BYC,Ⅴ. 영업손익(Ⅲ - Ⅳ),영업이익,2025,26573558468
BYC,Ⅷ. 당기순손익(Ⅴ+Ⅵ-Ⅶ),당기순이익,2024,18404839494
BYC,Ⅷ. 당기순손익(Ⅴ+Ⅵ-Ⅶ),당기순이익,2025,19590575123
BYC,① 인건비,"급여,판관비",2024,21423516530
BYC,① 인건비,"급여,판관비",2025,21945958741
BYC,① 인건비,"퇴직급여,판관비",2024,1691351775
BYC,① 인건비,"퇴직급여,판관비",2025,1822092936
BYC,② 복리후생비,교육훈련비,2024,39792511
BYC,② 복리후생비,교육훈련비,2025,81530037
BYC,② 복리후생비,도서인쇄비,2024,16153305
BYC,② 복리후생비,도서인쇄비,2025,16659910
BYC,② 복리후생비,복리후생비,2024,2560010824
BYC,② 복리후생비,복리후생비,2025,2630216411
BYC,② 복리후생비,여비교통비,2024,711231765
BYC,② 복리후생비,여비교통비,2025,642657001
BYC,③ 지급/용역수수료,지급수수료,2024,4864216514
BYC,③ 지급/용역수수료,지급수수료,2025,5772807867
BYC,③ 지급/용역수수료,판매수수료,2024,2099927592
BYC,③ 지급/용역수수료,판매수수료,2025,1533387835
BYC,④ 광고선전비,광고선전비,2024,1417119727
BYC,④ 광고선전비,광고선전비,2025,1251515146
BYC,⑤ 임차/관리비,수도광열비,2024,1286820966
BYC,⑤ 임차/관리비,수도광열비,2025,1461161245
BYC,⑤ 임차/관리비,"임차료,판관비",2024,31433856
BYC,⑤ 임차/관리비,"임차료,판관비",2025,107760690
BYC,⑤ 임차/관리비,"통신비,판관비",2024,370676566
BYC,⑤ 임차/관리비,"통신비,판관비",2025,347687306
BYC,⑥ 감가상각비,"감가상각비,판관비",2024,2587469221
BYC,⑥ 감가상각비,"감가상각비,판관비",2025,3086453132
BYC,⑥ 감가상각비,"무형자산상각비,판관비",2024,209149429
BYC,⑥ 감가상각비,"무형자산상각비,판관비",2025,195169919
BYC,⑦ 물류/운반비,운반비,2024,1389207894
BYC,⑦ 물류/운반비,운반비,2025,1577239318
BYC,⑦ 물류/운반비,포장비,2024,319601997
BYC,⑦ 물류/운반비,포장비,2025,369181023
BYC,⑨ 기타판관비,견본품비,2024,160807739
BYC,⑨ 기타판관비,견본품비,2025,99719741
BYC,⑨ 기타판관비,기타판매비와관리비,2024,279758923
BYC,⑨ 기타판관비,기타판매비와관리비,2025,176296776
BYC,⑨ 기타판관비,대손상각비,2024,0
BYC,⑨ 기타판관비,대손상각비,2025,60171583
BYC,⑨ 기타판관비,"보험료,판관비",2024,260677184
BYC,⑨ 기타판관비,"보험료,판관비",2025,323847007
BYC,⑨ 기타판관비,사무용품비,2024,153057334
BYC,⑨ 기타판관비,사무용품비,2025,159178006
BYC,⑨ 기타판관비,세금과공과,2024,3497629666
BYC,⑨ 기타판관비,세금과공과,2025,3527762580
BYC,⑨ 기타판관비,소모품비,2024,1119240093
BYC,⑨ 기타판관비,소모품비,2025,615465976
BYC,⑨ 기타판관비,수선비,2024,95192714
BYC,⑨ 기타판관비,수선비,2025,56174952
BYC,⑨ 기타판관비,접대비,2024,73075777
BYC,⑨ 기타판관비,접대비,2025,79468000
BYC,⑨ 기타판관비,차량유지비,2024,172097424
BYC,⑨ 기타판관비,차량유지비,2025,207566268
BYC,⑨ 기타판관비,하자보수비,2024,-1058157
BYC,⑨ 기타판관비,하자보수비,2025,865459402
BYC,⑨ 기타판관비,회의비,2024,13899395
BYC,⑨ 기타판관비,회의비,2025,15920426
BYC,부채총계,부채총계,2024,146993000000
BYC,부채총계,부채총계,2025,213296000000
BYC,순운전자본+,단기금융상품,2024,31100000000
BYC,순운전자본+,단기금융상품,2025,100000000000
BYC,순운전자본+,당기손익-공정가치측정금융자산,2024,26145502600
BYC,순운전자본+,당기손익-공정가치측정금융자산,2025,23397617600
BYC,순운전자본+,매출채권및기타채권,2024,5487160194
BYC,순운전자본+,매출채권및기타채권,2025,5754065728
BYC,순운전자본+,현금및현금성자산,2024,20966809806
BYC,순운전자본+,현금및현금성자산,2025,16590273221
BYC,순운전자본-,단기차입금,2024,5793409027
BYC,순운전자본-,단기차입금,2025,36377395072
BYC,순운전자본-,매입채무및기타채무,2024,16248825751
BYC,순운전자본-,매입채무및기타채무,2025,12157998720
BYC,순운전자본-,유동성장기부채,2024,0
BYC,순운전자본-,유동성장기부채,2025,20000000000
BYC,영업활동현금흐름,영업활동현금흐름,2024,28220086500
BYC,영업활동현금흐름,영업활동현금흐름,2025,34233859773
BYC,이익잉여금,이익잉여금,2024,538377000000
BYC,이익잉여금,이익잉여금,2025,556213000000
BYC,자본총계,자본총계,2024,549408000000
BYC,자본총계,자본총계,2025,562493000000
BYC,자산총계,자산총계,2024,696401000000
BYC,자산총계,자산총계,2025,775789000000
BYC,재고자산,유동재고자산,2024,39543573388
BYC,재고자산,유동재고자산,2025,35875333507
BYC,재무활동현금흐름,재무활동현금흐름,2024,-8617198114
BYC,재무활동현금흐름,재무활동현금흐름,2025,60899797584
BYC,투자활동현금흐름,투자활동현금흐름,2024,-8525450585
BYC,투자활동현금흐름,투자활동현금흐름,2025,-99357574811
BYC,현금의 증감,현금및현금성자산의순증가,2024,11133190418
BYC,현금의 증감,현금및현금성자산의순증가,2025,-4376536585
CJ제일제당,Ⅰ. 매출액,수익,2024,27239700000000
CJ제일제당,Ⅰ. 매출액,수익,2025,27342600000000
CJ제일제당,Ⅱ. 매출원가,매출원가,2024,21085200000000
CJ제일제당,Ⅱ. 매출원가,매출원가,2025,21434600000000
CJ제일제당,Ⅲ. 매출총이익(Ⅰ - Ⅱ),매출총이익,2024,6154590000000
CJ제일제당,Ⅲ. 매출총이익(Ⅰ - Ⅱ),매출총이익,2025,5908030000000
CJ제일제당,Ⅳ. 판매비와 관리비,판매및일반관리비,2024,4698310000000
CJ제일제당,Ⅳ. 판매비와 관리비,판매및일반관리비,2025,4675060000000
CJ제일제당,Ⅴ. 영업손익(Ⅲ - Ⅳ),영업이익,2024,1452070000000
CJ제일제당,Ⅴ. 영업손익(Ⅲ - Ⅳ),영업이익,2025,1233600000000
CJ제일제당,Ⅷ. 당기순손익(Ⅴ+Ⅵ-Ⅶ),당기순이익,2024,345926000000
CJ제일제당,Ⅷ. 당기순손익(Ⅴ+Ⅵ-Ⅶ),당기순이익,2025,-416955000000
CJ제일제당,① 인건비,"급여,판관비",2024,1416520000000
CJ제일제당,① 인건비,"급여,판관비",2025,1366880000000
CJ제일제당,① 인건비,"퇴직급여,판관비",2024,83720281000
CJ제일제당,① 인건비,"퇴직급여,판관비",2025,91901779000
CJ제일제당,② 복리후생비,"교육훈련비,판관비",2024,22277392000
CJ제일제당,② 복리후생비,"교육훈련비,판관비",2025,22423171000
CJ제일제당,② 복리후생비,"복리후생비,판관비",2024,307131000000
CJ제일제당,② 복리후생비,"복리후생비,판관비",2025,309574000000
CJ제일제당,② 복리후생비,"여비교통비,판관비",2024,73877768000
CJ제일제당,② 복리후생비,"여비교통비,판관비",2025,70386187000
CJ제일제당,② 복리후생비,"회의비,판관비",2024,6516423000
CJ제일제당,② 복리후생비,"회의비,판관비",2025,7246615000
CJ제일제당,③ 지급/용역수수료,"지급수수료,판관비",2024,662063000000
CJ제일제당,③ 지급/용역수수료,"지급수수료,판관비",2025,677286000000
CJ제일제당,③ 지급/용역수수료,"판매수수료,판관비",2024,119450000000
CJ제일제당,③ 지급/용역수수료,"판매수수료,판관비",2025,92880478000
CJ제일제당,④ 광고선전비,"광고선전비,판관비",2024,206551000000
CJ제일제당,④ 광고선전비,"광고선전비,판관비",2025,231982000000
CJ제일제당,④ 광고선전비,"판매촉진비,판관비",2024,141925000000
CJ제일제당,④ 광고선전비,"판매촉진비,판관비",2025,152374000000
CJ제일제당,④ 광고선전비,"행사비,판관비",2024,9758694000
CJ제일제당,④ 광고선전비,"행사비,판관비",2025,7128579000
CJ제일제당,⑤ 임차/관리비,"사용권자산상각비,판관비",2024,99629754000
CJ제일제당,⑤ 임차/관리비,"사용권자산상각비,판관비",2025,113107000000
CJ제일제당,⑤ 임차/관리비,"임차료,판관비",2024,54224527000
CJ제일제당,⑤ 임차/관리비,"임차료,판관비",2025,55344128000
CJ제일제당,⑥ 감가상각비,"감가상각비,판관비",2024,101782000000
CJ제일제당,⑥ 감가상각비,"감가상각비,판관비",2025,106607000000
CJ제일제당,⑥ 감가상각비,"무형자산상각비,판관비",2024,131424000000
CJ제일제당,⑥ 감가상각비,"무형자산상각비,판관비",2025,128444000000
CJ제일제당,⑦ 물류/운반비,"운반비,판관비",2024,898146000000
CJ제일제당,⑦ 물류/운반비,"운반비,판관비",2025,875266000000
CJ제일제당,⑨ 기타판관비,기타판매비와관리비,2024,207624000000
CJ제일제당,⑨ 기타판관비,기타판매비와관리비,2025,206031000000
CJ제일제당,⑨ 기타판관비,"보험료,판관비",2024,31975436000
CJ제일제당,⑨ 기타판관비,"보험료,판관비",2025,36394738000
CJ제일제당,⑨ 기타판관비,"세금과공과,판관비",2024,74898321000
CJ제일제당,⑨ 기타판관비,"세금과공과,판관비",2025,74270923000
CJ제일제당,⑨ 기타판관비,"소모품비,판관비",2024,1937199000
CJ제일제당,⑨ 기타판관비,"소모품비,판관비",2025,1213309000
CJ제일제당,⑨ 기타판관비,"조사분석비,판관비",2024,44917704000
CJ제일제당,⑨ 기타판관비,"조사분석비,판관비",2025,46317111000
CJ제일제당,⑨ 기타판관비,"투자부동산감가상각비,판관비",2024,1961034000
CJ제일제당,⑨ 기타판관비,"투자부동산감가상각비,판관비",2025,1996021000
CJ제일제당,리스부채,비유동리스부채,2024,1644450000000
CJ제일제당,리스부채,비유동리스부채,2025,1821580000000
CJ제일제당,리스부채,유동리스부채,2024,467171000000
CJ제일제당,리스부채,유동리스부채,2025,464083000000
CJ제일제당,부채총계,부채총계,2024,17906800000000
CJ제일제당,부채총계,부채총계,2025,18193600000000
CJ제일제당,사용권자산,사용권자산,2024,2104760000000
CJ제일제당,사용권자산,사용권자산,2025,2196620000000
CJ제일제당,순운전자본+,기타유동금융자산,2024,562596000000
CJ제일제당,순운전자본+,기타유동금융자산,2025,336897000000
CJ제일제당,순운전자본+,단기금융상품,2024,359387000000
CJ제일제당,순운전자본+,단기금융상품,2025,243276000000
CJ제일제당,순운전자본+,유동매출채권,2024,3176650000000
CJ제일제당,순운전자본+,유동매출채권,2025,2919040000000
CJ제일제당,순운전자본+,현금및현금성자산,2024,1301780000000
CJ제일제당,순운전자본+,현금및현금성자산,2025,1038960000000
CJ제일제당,순운전자본-,기타유동금융부채,2024,686238000000
CJ제일제당,순운전자본-,기타유동금융부채,2025,665657000000
CJ제일제당,순운전자본-,단기미지급금,2024,672810000000
CJ제일제당,순운전자본-,단기미지급금,2025,465855000000
CJ제일제당,순운전자본-,단기차입금,2024,3379010000000
CJ제일제당,순운전자본-,단기차입금,2025,2760320000000
CJ제일제당,순운전자본-,유동매입채무,2024,1915690000000
CJ제일제당,순운전자본-,유동매입채무,2025,1884920000000
CJ제일제당,영업활동현금흐름,영업활동현금흐름,2024,2255250000000
CJ제일제당,영업활동현금흐름,영업활동현금흐름,2025,2481610000000
CJ제일제당,이익잉여금,이익잉여금,2024,5731220000000
CJ제일제당,이익잉여금,이익잉여금,2025,5025740000000
CJ제일제당,자본총계,자본총계,2024,12226900000000
CJ제일제당,자본총계,자본총계,2025,11551200000000
CJ제일제당,자산총계,자산총계,2024,30133700000000
CJ제일제당,자산총계,자산총계,2025,29744800000000
CJ제일제당,재고자산,유동재고자산,2024,2520540000000
CJ제일제당,재고자산,유동재고자산,2025,2181890000000
CJ제일제당,재무활동현금흐름,재무활동현금흐름,2024,-1863280000000
CJ제일제당,재무활동현금흐름,재무활동현금흐름,2025,-1102040000000
CJ제일제당,투자활동현금흐름,투자활동현금흐름,2024,-1103530000000
CJ제일제당,투자활동현금흐름,투자활동현금흐름,2025,-1526840000000
CJ제일제당,현금의 증감,환율변동효과반영전현금및현금성자산의순증가,2024,-711548000000
CJ제일제당,현금의 증감,환율변동효과반영전현금및현금성자산의순증가,2025,-147265000000
NC,Ⅰ. 매출액,영업수익,2024,1578120000000
NC,Ⅰ. 매출액,영업수익,2025,1506930000000
NC,Ⅳ. 판매비와 관리비,영업비용,2024,1687340000000
NC,Ⅳ. 판매비와 관리비,영업비용,2025,1490850000000
NC,Ⅴ. 영업손익(Ⅲ - Ⅳ),영업이익,2024,-109215000000
NC,Ⅴ. 영업손익(Ⅲ - Ⅳ),영업이익,2025,16078426029
NC,Ⅷ. 당기순손익(Ⅴ+Ⅵ-Ⅶ),연결당기순이익,2024,94115833907
NC,Ⅷ. 당기순손익(Ⅴ+Ⅵ-Ⅶ),연결당기순이익,2025,347422000000
NC,① 인건비,급여및상여금,2024,755998000000
NC,① 인건비,급여및상여금,2025,637276000000
NC,① 인건비,퇴직급여,2024,44219426000
NC,① 인건비,퇴직급여,2025,52451775000
NC,② 복리후생비,교육훈련비,2024,767419000
NC,② 복리후생비,교육훈련비,2025,748647000
NC,② 복리후생비,도서인쇄비,2024,302988000
NC,② 복리후생비,도서인쇄비,2025,221890000
NC,② 복리후생비,복리후생비,2024,126179000000
NC,② 복리후생비,복리후생비,2025,113023000000
NC,② 복리후생비,여비교통비,2024,4453410000
NC,② 복리후생비,여비교통비,2025,7976520000
NC,② 복리후생비,차량유지비,2024,2625495000
NC,② 복리후생비,차량유지비,2025,1701589000
NC,③ 지급/용역수수료,로열티비용,2024,3198446000
NC,③ 지급/용역수수료,로열티비용,2025,5147452000
NC,③ 지급/용역수수료,지급수수료,2024,410436000000
NC,③ 지급/용역수수료,지급수수료,2025,380937000000
NC,④ 광고선전비,광고선전비,2024,128260000000
NC,④ 광고선전비,광고선전비,2025,105662000000
NC,⑤ 임차/관리비,수도광열비,2024,7414126000
NC,⑤ 임차/관리비,수도광열비,2025,7273847000
NC,⑤ 임차/관리비,지급임차료,2024,1575614000
NC,⑤ 임차/관리비,지급임차료,2025,1682445000
NC,⑤ 임차/관리비,통신비,2024,14185239000
NC,⑤ 임차/관리비,통신비,2025,19699078000
NC,⑥ 감가상각비,감가상각비,2024,105869000000
NC,⑥ 감가상각비,감가상각비,2025,90910795000
NC,⑥ 감가상각비,무형자산상각비,2024,3308020000
NC,⑥ 감가상각비,무형자산상각비,2025,4676673000
NC,⑦ 물류/운반비,운반비,2024,130563000
NC,⑦ 물류/운반비,운반비,2025,131022000
NC,⑨ 기타판관비,기타비용,2024,17776772000
NC,⑨ 기타판관비,기타비용,2025,13113851000
NC,⑨ 기타판관비,대손상각비,2024,494994000
NC,⑨ 기타판관비,대손상각비,2025,1032553000
NC,⑨ 기타판관비,보험료,2024,1006846000
NC,⑨ 기타판관비,보험료,2025,847604000
NC,⑨ 기타판관비,상품매출원가,2024,4295397000
NC,⑨ 기타판관비,상품매출원가,2025,5252697000
NC,⑨ 기타판관비,세금과공과금,2024,10791096000
NC,⑨ 기타판관비,세금과공과금,2025,5899238000
NC,⑨ 기타판관비,소모품비,2024,43779230000
NC,⑨ 기타판관비,소모품비,2025,34904129000
NC,⑨ 기타판관비,수선비,2024,17928000
NC,⑨ 기타판관비,수선비,2025,34813000
NC,⑨ 기타판관비,접대비,2024,253340000
NC,⑨ 기타판관비,접대비,2025,241271000
NC,리스부채,비유동리스부채,2024,163806000000
NC,리스부채,비유동리스부채,2025,137867000000
NC,리스부채,유동리스부채,2024,45845075089
NC,리스부채,유동리스부채,2025,49240156099
NC,부채총계,부채총계,2024,890353000000
NC,부채총계,부채총계,2025,962710000000
NC,순운전자본+,단기금융상품,2024,178293000000
NC,순운전자본+,단기금융상품,2025,491465000000
NC,순운전자본+,매출채권,2024,130279000000
NC,순운전자본+,매출채권,2025,187483000000
NC,순운전자본+,현금및현금성자산,2024,1260470000000
NC,순운전자본+,현금및현금성자산,2025,503522000000
NC,순운전자본-,기타유동지급채무,2024,70549194791
NC,순운전자본-,기타유동지급채무,2025,105862000000
NC,순운전자본-,유동성사채및차입금,2024,0
NC,순운전자본-,유동성사채및차입금,2025,129966000000
NC,영업활동현금흐름,영업활동현금흐름,2024,107041000000
NC,영업활동현금흐름,영업활동현금흐름,2025,161968000000
NC,이익잉여금,이익잉여금,2024,3473870000000
NC,이익잉여금,이익잉여금,2025,3669050000000
NC,자본총계,자본총계,2024,3063590000000
NC,자본총계,자본총계,2025,3370430000000
NC,자산총계,자산총계,2024,3953940000000
NC,자산총계,자산총계,2025,4333140000000
NC,재고자산,유동재고자산,2024,1052133087
NC,재고자산,유동재고자산,2025,1291590997
NC,재무활동현금흐름,재무활동현금흐름,2024,-522940000000
NC,재무활동현금흐름,재무활동현금흐름,2025,-82491719521
NC,투자활동현금흐름,투자활동현금흐름,2024,1294120000000
NC,투자활동현금흐름,투자활동현금흐름,2025,-832439000000
NC,현금의 증감,현금및현금성자산의증가,2024,878219000000
NC,현금의 증감,현금및현금성자산의증가,2025,-752963000000
NHN,Ⅰ. 매출액,영업수익,2024,2456110000000
NHN,Ⅰ. 매출액,영업수익,2025,2516230000000
NHN,Ⅳ. 판매비와 관리비,영업비용,2024,2488730000000
NHN,Ⅳ. 판매비와 관리비,영업비용,2025,2383800000000
NHN,Ⅴ. 영업손익(Ⅲ - Ⅳ),영업이익,2024,-32619646834
NHN,Ⅴ. 영업손익(Ⅲ - Ⅳ),영업이익,2025,132434000000
NHN,Ⅷ. 당기순손익(Ⅴ+Ⅵ-Ⅶ),당기순이익,2024,-192599000000
NHN,Ⅷ. 당기순손익(Ⅴ+Ⅵ-Ⅶ),당기순이익,2025,51909280522
NHN,① 인건비,단기종업원급여비용,2024,346858000000
NHN,① 인건비,단기종업원급여비용,2025,344146000000
NHN,① 인건비,당기손익에포함되는퇴직급여비용,2024,28898750000
NHN,① 인건비,당기손익에포함되는퇴직급여비용,2025,29272108000
NHN,② 복리후생비,교육훈련비,2024,2005039000
NHN,② 복리후생비,교육훈련비,2025,1874526000
NHN,② 복리후생비,복리후생비,2024,60554942000
NHN,② 복리후생비,복리후생비,2025,58178855000
NHN,② 복리후생비,여비교통비,2024,5519925000
NHN,② 복리후생비,여비교통비,2025,5325203000
NHN,③ 지급/용역수수료,외주용역비,2024,744170000
NHN,③ 지급/용역수수료,외주용역비,2025,142278000
NHN,③ 지급/용역수수료,지급수수료,2024,1474070000000
NHN,③ 지급/용역수수료,지급수수료,2025,1603510000000
NHN,④ 광고선전비,광고비,2024,67064164000
NHN,④ 광고선전비,광고비,2025,86816276000
NHN,⑤ 임차/관리비,수도광열비,2024,12837355000
NHN,⑤ 임차/관리비,수도광열비,2025,12729956000
NHN,⑤ 임차/관리비,임차료,2024,3644626000
NHN,⑤ 임차/관리비,임차료,2025,4844213000
NHN,⑤ 임차/관리비,통신비,2024,14749524000
NHN,⑤ 임차/관리비,통신비,2025,14779862000
NHN,⑥ 감가상각비,"감가상각비,사용권자산",2024,23885067000
NHN,⑥ 감가상각비,"감가상각비,사용권자산",2025,21915463000
NHN,⑥ 감가상각비,"감가상각비,유형자산",2024,61970090000
NHN,⑥ 감가상각비,"감가상각비,유형자산",2025,63905043000
NHN,⑥ 감가상각비,"감가상각비,투자부동산",2024,138839000
NHN,⑥ 감가상각비,"감가상각비,투자부동산",2025,99437000
NHN,⑥ 감가상각비,무형자산상각비,2024,18471969000
NHN,⑥ 감가상각비,무형자산상각비,2025,17493685000
NHN,⑦ 물류/운반비,운반비,2024,9307730000
NHN,⑦ 물류/운반비,운반비,2025,8943569000
NHN,⑨ 기타판관비,기타비용,2024,7569378000
NHN,⑨ 기타판관비,기타비용,2025,9725503000
NHN,⑨ 기타판관비,대손상각비,2024,156978000000
NHN,⑨ 기타판관비,대손상각비,2025,777740000
NHN,⑨ 기타판관비,보험료,2024,4450857000
NHN,⑨ 기타판관비,보험료,2025,4124671000
NHN,⑨ 기타판관비,세금과공과,2024,8154541000
NHN,⑨ 기타판관비,세금과공과,2025,8608230000
NHN,⑨ 기타판관비,소모품비,2024,6202059000
NHN,⑨ 기타판관비,소모품비,2025,5164162000
NHN,⑨ 기타판관비,제품과재공품의증가,2024,172245000000
NHN,⑨ 기타판관비,제품과재공품의증가,2025,77089675000
NHN,⑨ 기타판관비,종업원주식기준보상거래로부터의비용,2024,2411230000
NHN,⑨ 기타판관비,종업원주식기준보상거래로부터의비용,2025,4332344000
NHN,리스부채,비유동리스부채,2024,54179292762
NHN,리스부채,비유동리스부채,2025,37749838179
NHN,리스부채,유동리스부채,2024,18716361256
NHN,리스부채,유동리스부채,2025,16969272202
NHN,부채총계,부채총계,2024,1427670000000
NHN,부채총계,부채총계,2025,2080600000000
NHN,사용권자산,사용권자산,2024,74215055043
NHN,사용권자산,사용권자산,2025,54632908342
NHN,순운전자본+,단기금융상품,2024,125675000000
NHN,순운전자본+,단기금융상품,2025,102299000000
NHN,순운전자본+,매출채권및기타유동채권,2024,524170000000
NHN,순운전자본+,매출채권및기타유동채권,2025,429639000000
NHN,순운전자본+,유동당기손익공정가치측정금융자산,2024,31325684308
NHN,순운전자본+,유동당기손익공정가치측정금융자산,2025,19098604351
NHN,순운전자본+,현금및현금성자산,2024,621779000000
NHN,순운전자본+,현금및현금성자산,2025,1563680000000
NHN,순운전자본-,기타유동금융부채,2024,5243581997
NHN,순운전자본-,기타유동금융부채,2025,3747047524
NHN,순운전자본-,매입채무및기타유동채무,2024,574885000000
NHN,순운전자본-,매입채무및기타유동채무,2025,1268940000000
NHN,순운전자본-,유동차입금및비유동차입금,2024,96032425050
NHN,순운전자본-,유동차입금및비유동차입금,2025,79952101025
NHN,영업활동현금흐름,영업활동현금흐름,2024,47032770723
NHN,영업활동현금흐름,영업활동현금흐름,2025,373978000000
NHN,이익잉여금,미처분이익잉여금,2024,324788000000
NHN,이익잉여금,미처분이익잉여금,2025,629904000000
NHN,자본총계,자본총계,2024,1765360000000
NHN,자본총계,자본총계,2025,1770820000000
NHN,자산총계,자산총계,2024,3193040000000
NHN,자산총계,자산총계,2025,3851420000000
NHN,재고자산,유동재고자산,2024,49371283462
NHN,재고자산,유동재고자산,2025,25855850748
NHN,재무활동현금흐름,재무활동현금흐름,2024,-149215000000
NHN,재무활동현금흐름,재무활동현금흐름,2025,554109000000
NHN,투자활동현금흐름,투자활동현금흐름,2024,-50460387501
NHN,투자활동현금흐름,투자활동현금흐름,2025,12784899939
NHN,현금의 증감,환율변동효과반영전현금및현금성자산의순증가,2024,-152642000000
NHN,현금의 증감,환율변동효과반영전현금및현금성자산의순증가,2025,940872000000
TP(태평양물산),Ⅰ. 매출액,매출액,2024,1064150000000
TP(태평양물산),Ⅰ. 매출액,매출액,2025,1028990000000
TP(태평양물산),Ⅱ. 매출원가,매출원가,2024,897218000000
TP(태평양물산),Ⅱ. 매출원가,매출원가,2025,855505000000
TP(태평양물산),Ⅲ. 매출총이익(Ⅰ - Ⅱ),매출총이익,2024,166933000000
TP(태평양물산),Ⅲ. 매출총이익(Ⅰ - Ⅱ),매출총이익,2025,173483000000
TP(태평양물산),Ⅳ. 판매비와 관리비,판매비와관리비,2024,117105000000
TP(태평양물산),Ⅳ. 판매비와 관리비,판매비와관리비,2025,109542000000
TP(태평양물산),Ⅴ. 영업손익(Ⅲ - Ⅳ),영업이익,2024,48931866971
TP(태평양물산),Ⅴ. 영업손익(Ⅲ - Ⅳ),영업이익,2025,62006155691
TP(태평양물산),Ⅷ. 당기순손익(Ⅴ+Ⅵ-Ⅶ),당기순이익,2024,22354312028
TP(태평양물산),Ⅷ. 당기순손익(Ⅴ+Ⅵ-Ⅶ),당기순이익,2025,37970490479
TP(태평양물산),리스부채,리스부채,2024,17325101502
TP(태평양물산),리스부채,리스부채,2025,13455862943
TP(태평양물산),부채총계,부채총계,2024,510410000000
TP(태평양물산),부채총계,부채총계,2025,481847000000
TP(태평양물산),사용권자산,사용권자산,2024,13939624292
TP(태평양물산),사용권자산,사용권자산,2025,10918608512
TP(태평양물산),순운전자본+,매출채권및기타채권,2024,65384316366
TP(태평양물산),순운전자본+,매출채권및기타채권,2025,55813127803
TP(태평양물산),순운전자본+,현금및현금성자산,2024,13504845945
TP(태평양물산),순운전자본+,현금및현금성자산,2025,17695899894
TP(태평양물산),순운전자본-,매입채무및기타채무,2024,101991000000
TP(태평양물산),순운전자본-,매입채무및기타채무,2025,79581618884
TP(태평양물산),순운전자본-,차입금및사채,2024,325847545161
TP(태평양물산),순운전자본-,차입금및사채,2025,312983000000
TP(태평양물산),영업활동현금흐름,영업활동현금흐름,2024,16152724261
TP(태평양물산),영업활동현금흐름,영업활동현금흐름,2025,51969812155
TP(태평양물산),이익잉여금,이익잉여금,2024,91637282990
TP(태평양물산),이익잉여금,이익잉여금,2025,128491000000
TP(태평양물산),자본총계,자본총계,2024,241920000000
TP(태평양물산),자본총계,자본총계,2025,284914000000
TP(태평양물산),자산총계,자산총계,2024,752330000000
TP(태평양물산),자산총계,자산총계,2025,766761000000
TP(태평양물산),재고자산,재고자산,2024,230248000000
TP(태평양물산),재고자산,재고자산,2025,231048000000
TP(태평양물산),재무활동현금흐름,재무활동현금흐름,2024,-19162086494
TP(태평양물산),재무활동현금흐름,재무활동현금흐름,2025,-6047491288
TP(태평양물산),투자활동현금흐름,투자활동현금흐름,2024,-6082503047
TP(태평양물산),투자활동현금흐름,투자활동현금흐름,2025,-41299047650
TP(태평양물산),현금의 증감,현금및현금성자산의변동,2024,-9091865280
TP(태평양물산),현금의 증감,현금및현금성자산의변동,2025,4623273217
고피자,Ⅰ. 매출액,매출액,2024,19933020391
고피자,Ⅰ. 매출액,매출액,2025,16906166448
고피자,Ⅱ. 매출원가,매출원가,2024,13081983149
고피자,Ⅱ. 매출원가,매출원가,2025,9853697736
고피자,Ⅲ. 매출총이익(Ⅰ - Ⅱ),매출총이익,2024,6851037242
고피자,Ⅲ. 매출총이익(Ⅰ - Ⅱ),매출총이익,2025,7052468712
고피자,Ⅳ. 판매비와 관리비,판매비와관리비,2024,10709677346
고피자,Ⅳ. 판매비와 관리비,판매비와관리비,2025,10019702800
고피자,Ⅴ. 영업손익(Ⅲ - Ⅳ),영업이익,2024,-3858640104
고피자,Ⅴ. 영업손익(Ⅲ - Ⅳ),영업이익,2025,-2967234088
고피자,Ⅷ. 당기순손익(Ⅴ+Ⅵ-Ⅶ),당기순이익,2024,-11187046908
고피자,Ⅷ. 당기순손익(Ⅴ+Ⅵ-Ⅶ),당기순이익,2025,-6822577131
고피자,① 인건비,직원급여,2024,3911314464
고피자,① 인건비,직원급여,2025,4003302589
고피자,① 인건비,퇴직급여,2024,310601797
고피자,① 인건비,퇴직급여,2025,313770796
고피자,② 복리후생비,교육훈련비,2024,2531455
고피자,② 복리후생비,교육훈련비,2025,8195660
고피자,② 복리후생비,도서인쇄비,2024,1477597
고피자,② 복리후생비,도서인쇄비,2025,7033335
고피자,② 복리후생비,복리후생비,2024,366919016
고피자,② 복리후생비,복리후생비,2025,314486808
고피자,② 복리후생비,여비교통비,2024,306152489
고피자,② 복리후생비,여비교통비,2025,296355213
고피자,③ 지급/용역수수료,지급수수료,2024,1110990562
고피자,③ 지급/용역수수료,지급수수료,2025,849482073
고피자,③ 지급/용역수수료,판매수수료,2024,187911262
고피자,③ 지급/용역수수료,판매수수료,2025,222679171
고피자,④ 광고선전비,광고선전비,2024,907031865
고피자,④ 광고선전비,광고선전비,2025,738354981
고피자,⑤ 임차/관리비,건물관리비,2024,74141397
고피자,⑤ 임차/관리비,건물관리비,2025,57455686
고피자,⑤ 임차/관리비,수도광열비,2024,41422215
고피자,⑤ 임차/관리비,수도광열비,2025,40659373
고피자,⑤ 임차/관리비,전력비,2024,98024591
고피자,⑤ 임차/관리비,전력비,2025,104863407
고피자,⑤ 임차/관리비,지급임차료,2024,1024304820
고피자,⑤ 임차/관리비,지급임차료,2025,1265691105
고피자,⑥ 감가상각비,감가상각비,2024,525031062
고피자,⑥ 감가상각비,감가상각비,2025,437199555
고피자,⑥ 감가상각비,무형자산상각비,2024,59553859
고피자,⑥ 감가상각비,무형자산상각비,2025,57881758
고피자,⑦ 물류/운반비,운반비,2024,412481222
고피자,⑦ 물류/운반비,운반비,2025,412869988
고피자,⑨ 기타판관비,경상연구개발비,2024,722422556
고피자,⑨ 기타판관비,경상연구개발비,2025,402948188
고피자,⑨ 기타판관비,대손상각비,2024,69931183
고피자,⑨ 기타판관비,대손상각비,2025,-46051403
고피자,⑨ 기타판관비,보험료,2024,79686185
고피자,⑨ 기타판관비,보험료,2025,84978670
고피자,⑨ 기타판관비,사무용품비,2024,3217020
고피자,⑨ 기타판관비,사무용품비,2025,2783880
고피자,⑨ 기타판관비,세금과공과금,2024,182775638
고피자,⑨ 기타판관비,세금과공과금,2025,163096350
고피자,⑨ 기타판관비,소모품비,2024,170361020
고피자,⑨ 기타판관비,소모품비,2025,106820679
고피자,⑨ 기타판관비,수선비,2024,24523001
고피자,⑨ 기타판관비,수선비,2025,34668209
고피자,⑨ 기타판관비,접대비,2024,4968860
고피자,⑨ 기타판관비,접대비,2025,11807976
고피자,⑨ 기타판관비,차량유지비,2024,84281236
고피자,⑨ 기타판관비,차량유지비,2025,104110924
고피자,⑨ 기타판관비,통신비,2024,27620974
고피자,⑨ 기타판관비,통신비,2025,24257829
고피자,부채총계,부채총계,2024,13692814677
고피자,부채총계,부채총계,2025,11874996579
고피자,순운전자본+,대손충당금,2024,-124442825
고피자,순운전자본+,대손충당금,2025,-78391422
고피자,순운전자본+,매출채권,2024,1148813184
고피자,순운전자본+,매출채권,2025,1662913297
고피자,순운전자본+,미수금,2024,262370416
고피자,순운전자본+,미수금,2025,63551013
고피자,순운전자본+,현금및현금성자산,2024,11377176873
고피자,순운전자본+,현금및현금성자산,2025,1965034221
고피자,순운전자본-,단기차입금,2024,6840000000
고피자,순운전자본-,단기차입금,2025,4840000000
고피자,순운전자본-,미지급금,2024,2117646258
고피자,순운전자본-,미지급금,2025,1709869459
고피자,순운전자본-,미지급비용,2024,212860662
고피자,순운전자본-,미지급비용,2025,177530865
고피자,순운전자본-,유동성장기차입금,2024,207997005
고피자,순운전자본-,유동성장기차입금,2025,392825527
고피자,영업활동현금흐름,영업활동으로인한현금흐름,2024,-2141104427
고피자,영업활동현금흐름,영업활동으로인한현금흐름,2025,-3177693905
고피자,이익잉여금,결손금,2024,36596465711
고피자,이익잉여금,결손금,2025,43419042842
고피자,자본총계,자본총계,2024,13760247065
고피자,자본총계,자본총계,2025,7006549856
고피자,자산총계,자산총계,2024,27453061742
고피자,자산총계,자산총계,2025,18881546435
고피자,재고자산,재고자산,2024,1030838154
고피자,재고자산,재고자산,2025,888571939
고피자,재무활동현금흐름,재무활동으로인한현금흐름,2024,14764969564
고피자,재무활동현금흐름,재무활동으로인한현금흐름,2025,-1206964505
고피자,투자활동현금흐름,투자활동으로인한현금흐름,2024,-4805715846
고피자,투자활동현금흐름,투자활동으로인한현금흐름,2025,-5027484242
고피자,현금의 증감,현금의증가,2024,7818149291
고피자,현금의 증감,현금의증가,2025,-9412142652
공차코리아,Ⅰ. 매출액,매출액,2024,201457000000
공차코리아,Ⅰ. 매출액,매출액,2025,240140000000
공차코리아,Ⅱ. 매출원가,매출원가,2024,142125000000
공차코리아,Ⅱ. 매출원가,매출원가,2025,164466000000
공차코리아,Ⅲ. 매출총이익(Ⅰ - Ⅱ),매출총이익,2024,59332182590
공차코리아,Ⅲ. 매출총이익(Ⅰ - Ⅱ),매출총이익,2025,75673880117
공차코리아,Ⅳ. 판매비와 관리비,판매관리비,2024,49918866056
공차코리아,Ⅳ. 판매비와 관리비,판매관리비,2025,59949399994
공차코리아,Ⅴ. 영업손익(Ⅲ - Ⅳ),영업이익,2024,9413316534
공차코리아,Ⅴ. 영업손익(Ⅲ - Ⅳ),영업이익,2025,15724480123
공차코리아,Ⅷ. 당기순손익(Ⅴ+Ⅵ-Ⅶ),당기순이익,2024,9726654619
공차코리아,Ⅷ. 당기순손익(Ⅴ+Ⅵ-Ⅶ),당기순이익,2025,10461173876
공차코리아,① 인건비,급여,2024,12064892000
공차코리아,① 인건비,급여,2025,13375778000
공차코리아,① 인건비,퇴직급여,2024,501119000
공차코리아,① 인건비,퇴직급여,2025,575289000
공차코리아,② 복리후생비,교육훈련비,2024,236073000
공차코리아,② 복리후생비,교육훈련비,2025,215097000
공차코리아,② 복리후생비,도서인쇄비,2024,6033000
공차코리아,② 복리후생비,도서인쇄비,2025,0
공차코리아,② 복리후생비,복리후생비,2024,1376539000
공차코리아,② 복리후생비,복리후생비,2025,1435980000
공차코리아,② 복리후생비,여비교통비,2024,870535000
공차코리아,② 복리후생비,여비교통비,2025,1097475000
공차코리아,③ 지급/용역수수료,지급수수료,2024,21293831000
공차코리아,③ 지급/용역수수료,지급수수료,2025,25034408000
공차코리아,④ 광고선전비,광고선전비,2024,5758672000
공차코리아,④ 광고선전비,광고선전비,2025,10006689000
공차코리아,④ 광고선전비,판매촉진비,2024,2594397000
공차코리아,④ 광고선전비,판매촉진비,2025,2243273000
공차코리아,⑤ 임차/관리비,사용권자산상각비,2024,1162503000
공차코리아,⑤ 임차/관리비,사용권자산상각비,2025,1549516000
공차코리아,⑤ 임차/관리비,수도광열비,2024,59811000
공차코리아,⑤ 임차/관리비,수도광열비,2025,61189000
공차코리아,⑤ 임차/관리비,지급임차료,2024,43806000
공차코리아,⑤ 임차/관리비,지급임차료,2025,35504000
공차코리아,⑥ 감가상각비,감가상각비,2024,374528000
공차코리아,⑥ 감가상각비,감가상각비,2025,454437000
공차코리아,⑥ 감가상각비,무형자산상각비,2024,675482000
공차코리아,⑥ 감가상각비,무형자산상각비,2025,796893000
공차코리아,⑦ 물류/운반비,운반비,2024,142452000
공차코리아,⑦ 물류/운반비,운반비,2025,139250000
공차코리아,⑨ 기타판관비,대손상각비,2024,-6699000
공차코리아,⑨ 기타판관비,대손상각비,2025,27890000
공차코리아,⑨ 기타판관비,보험료,2024,463142000
공차코리아,⑨ 기타판관비,보험료,2025,453790000
공차코리아,⑨ 기타판관비,세금과공과,2024,779092000
공차코리아,⑨ 기타판관비,세금과공과,2025,975704000
공차코리아,⑨ 기타판관비,소모품비,2024,188170000
공차코리아,⑨ 기타판관비,소모품비,2025,158428000
공차코리아,⑨ 기타판관비,수선비,2024,38897000
공차코리아,⑨ 기타판관비,수선비,2025,20445000
공차코리아,⑨ 기타판관비,시험연구비,2024,123910000
공차코리아,⑨ 기타판관비,시험연구비,2025,162527000
공차코리아,⑨ 기타판관비,영업활동비,2024,246065000
공차코리아,⑨ 기타판관비,영업활동비,2025,276012000
공차코리아,⑨ 기타판관비,잡비,2024,378586000
공차코리아,⑨ 기타판관비,잡비,2025,329065000
공차코리아,⑨ 기타판관비,접대비,2024,113428000
공차코리아,⑨ 기타판관비,접대비,2025,112799000
공차코리아,⑨ 기타판관비,차량유지비,2024,295148000
공차코리아,⑨ 기타판관비,차량유지비,2025,252217000
공차코리아,⑨ 기타판관비,통신비,2024,138454000
공차코리아,⑨ 기타판관비,통신비,2025,159744000
공차코리아,리스부채,비유동리스부채,2024,29016054544
공차코리아,리스부채,비유동리스부채,2025,46141552292
공차코리아,리스부채,유동성리스부채,2024,14343021617
공차코리아,리스부채,유동성리스부채,2025,18890882596
공차코리아,부채총계,부채총계,2024,110758000000
공차코리아,부채총계,부채총계,2025,153398000000
공차코리아,사용권자산,사용권자산,2024,22452446784
공차코리아,사용권자산,사용권자산,2025,29500837788
공차코리아,순운전자본+,매출채권및기타채권,2024,35410088539
공차코리아,순운전자본+,매출채권및기타채권,2025,41747145752
공차코리아,순운전자본+,현금및현금성자산,2024,22482912866
공차코리아,순운전자본+,현금및현금성자산,2025,33652837054
공차코리아,순운전자본-,단기차입금,2024,59489686
공차코리아,순운전자본-,단기차입금,2025,5653851420
공차코리아,순운전자본-,매입채무및기타채무,2024,33907467626
공차코리아,순운전자본-,매입채무및기타채무,2025,39923130822
공차코리아,영업활동현금흐름,영업활동으로인한현금흐름,2024,13607252782
공차코리아,영업활동현금흐름,영업활동으로인한현금흐름,2025,27333675317
공차코리아,이익잉여금,이익잉여금,2024,94781113012
공차코리아,이익잉여금,이익잉여금,2025,101676000000
공차코리아,자본총계,자본총계,2024,71165042418
공차코리아,자본총계,자본총계,2025,77519711502
공차코리아,자산총계,자산총계,2024,181923000000
공차코리아,자산총계,자산총계,2025,230918000000
공차코리아,재고자산,재고자산,2024,14502633847
공차코리아,재고자산,재고자산,2025,11780965289
공차코리아,재무활동현금흐름,재무활동으로인한현금흐름,2024,-22961501130
공차코리아,재무활동현금흐름,재무활동으로인한현금흐름,2025,-14816152122
공차코리아,투자활동현금흐름,투자활동으로인한현금흐름,2024,2921746213
공차코리아,투자활동현금흐름,투자활동으로인한현금흐름,2025,-2845559610
공차코리아,현금의 증감,현금및현금성자산의증감,2024,-6432502135
공차코리아,현금의 증감,현금및현금성자산의증감,2025,9671963585
구다이글로벌,Ⅰ. 매출액,매출액,2023,139392984858
구다이글로벌,Ⅰ. 매출액,매출액,2024,373072439704
구다이글로벌,Ⅰ. 매출액,매출액,2025,1471758058601
구다이글로벌,Ⅱ. 매출원가,매출원가,2023,60482530805
구다이글로벌,Ⅱ. 매출원가,매출원가,2024,140676624091
구다이글로벌,Ⅱ. 매출원가,매출원가,2025,543057084304
구다이글로벌,Ⅲ. 매출총이익(Ⅰ - Ⅱ),매출총이익,2023,78910454053
구다이글로벌,Ⅲ. 매출총이익(Ⅰ - Ⅱ),매출총이익,2024,232395815613
구다이글로벌,Ⅲ. 매출총이익(Ⅰ - Ⅱ),매출총이익,2025,928700974297
구다이글로벌,Ⅳ. 판매비와 관리비,판매비와관리비,2023,10337325325
구다이글로벌,Ⅳ. 판매비와 관리비,판매비와관리비,2024,94628631584
구다이글로벌,Ⅳ. 판매비와 관리비,판매비와관리비,2025,655255978596
구다이글로벌,Ⅴ. 영업손익(Ⅲ - Ⅳ),영업이익,2023,68573128728
구다이글로벌,Ⅴ. 영업손익(Ⅲ - Ⅳ),영업이익,2024,137767184029
구다이글로벌,Ⅴ. 영업손익(Ⅲ - Ⅳ),영업이익,2025,273444995701
구다이글로벌,Ⅷ. 당기순손익(Ⅴ+Ⅵ-Ⅶ),당기순이익,2023,52058074630
구다이글로벌,Ⅷ. 당기순손익(Ⅴ+Ⅵ-Ⅶ),당기순이익,2024,124264758825
구다이글로벌,Ⅷ. 당기순손익(Ⅴ+Ⅵ-Ⅶ),당기순이익,2025,233706127928
구다이글로벌,① 인건비,급여,2023,1816923000
구다이글로벌,① 인건비,급여,2024,6745807000
구다이글로벌,① 인건비,급여,2025,51904725000
구다이글로벌,① 인건비,퇴직급여,2023,220580000
구다이글로벌,① 인건비,퇴직급여,2024,508403000
구다이글로벌,① 인건비,퇴직급여,2025,2708255000
구다이글로벌,② 복리후생비,복리후생비,2023,394605000
구다이글로벌,② 복리후생비,복리후생비,2024,689091000
구다이글로벌,② 복리후생비,복리후생비,2025,5802752000
구다이글로벌,③ 지급/용역수수료,수출제비용,2024,633484000
구다이글로벌,③ 지급/용역수수료,수출제비용,2025,24768386000
구다이글로벌,③ 지급/용역수수료,외주용역비,2024,3821000
구다이글로벌,③ 지급/용역수수료,외주용역비,2025,694626000
구다이글로벌,③ 지급/용역수수료,지급수수료,2023,1528419000
구다이글로벌,③ 지급/용역수수료,지급수수료,2024,37318254000
구다이글로벌,③ 지급/용역수수료,지급수수료,2025,112369230000
구다이글로벌,③ 지급/용역수수료,판매수수료,2024,1101221000
구다이글로벌,③ 지급/용역수수료,판매수수료,2025,21863993000
구다이글로벌,④ 광고선전비,광고선전비,2023,3384077000
구다이글로벌,④ 광고선전비,광고선전비,2024,23778822000
구다이글로벌,④ 광고선전비,광고선전비,2025,224321314000
구다이글로벌,④ 광고선전비,판매촉진비,2023,398820000
구다이글로벌,④ 광고선전비,판매촉진비,2024,974888000
구다이글로벌,④ 광고선전비,판매촉진비,2025,12618966000
구다이글로벌,⑤ 임차/관리비,건물관리비,2023,102644000
구다이글로벌,⑤ 임차/관리비,건물관리비,2024,238701000
구다이글로벌,⑤ 임차/관리비,건물관리비,2025,1541722000
구다이글로벌,⑤ 임차/관리비,사용권자산상각비,2023,261107000
구다이글로벌,⑤ 임차/관리비,사용권자산상각비,2024,1122892000
구다이글로벌,⑤ 임차/관리비,사용권자산상각비,2025,10602388000
구다이글로벌,⑥ 감가상각비,감가상각비,2023,310480000
구다이글로벌,⑥ 감가상각비,감가상각비,2024,470895000
구다이글로벌,⑥ 감가상각비,감가상각비,2025,2851013000
구다이글로벌,⑥ 감가상각비,무형자산상각비,2023,106497000
구다이글로벌,⑥ 감가상각비,무형자산상각비,2024,2169839000
구다이글로벌,⑥ 감가상각비,무형자산상각비,2025,43529958000
구다이글로벌,⑦ 물류/운반비,운반보관비,2023,1288136000
구다이글로벌,⑦ 물류/운반비,운반보관비,2024,17165424000
구다이글로벌,⑦ 물류/운반비,운반보관비,2025,110037034000
구다이글로벌,⑨ 기타판관비,기타,2023,413855000
구다이글로벌,⑨ 기타판관비,기타,2024,1199464000
구다이글로벌,⑨ 기타판관비,기타,2025,21790716000
구다이글로벌,⑨ 기타판관비,대손상각비,2023,13666000
구다이글로벌,⑨ 기타판관비,대손상각비,2024,276323000
구다이글로벌,⑨ 기타판관비,대손상각비,2025,1953076000
구다이글로벌,⑨ 기타판관비,세금과공과금,2023,97515000
구다이글로벌,⑨ 기타판관비,세금과공과금,2024,189684000
구다이글로벌,⑨ 기타판관비,세금과공과금,2025,1818935000
구다이글로벌,⑨ 기타판관비,주식보상비용,2024,41618000
구다이글로벌,⑨ 기타판관비,주식보상비용,2025,4078889000
구다이글로벌,리스부채,비유동리스부채,2022,221802920
구다이글로벌,리스부채,비유동리스부채,2023,1407479471
구다이글로벌,리스부채,비유동리스부채,2024,22987986464
구다이글로벌,리스부채,비유동리스부채,2025,80161100131
구다이글로벌,리스부채,유동리스부채,2022,64082171
구다이글로벌,리스부채,유동리스부채,2023,566950773
구다이글로벌,리스부채,유동리스부채,2024,4671061450
구다이글로벌,리스부채,유동리스부채,2025,15238587854
구다이글로벌,부채총계,부채총계,2022,31071184903
구다이글로벌,부채총계,부채총계,2023,52431773845
구다이글로벌,부채총계,부채총계,2024,694920434201
구다이글로벌,부채총계,부채총계,2025,2425971279000
구다이글로벌,사용권자산,사용권자산,2022,346693298
구다이글로벌,사용권자산,사용권자산,2023,1974321146
구다이글로벌,사용권자산,사용권자산,2024,28730563006
구다이글로벌,사용권자산,사용권자산,2025,91737516435
구다이글로벌,순운전자본+,기타단기금융자산,2022,62000000
구다이글로벌,순운전자본+,기타단기금융자산,2023,2330000000
구다이글로벌,순운전자본+,기타단기금융자산,2024,17856766930
구다이글로벌,순운전자본+,기타단기금융자산,2025,196838331133
구다이글로벌,순운전자본+,매출채권,2022,894703337
구다이글로벌,순운전자본+,매출채권,2023,147495688
구다이글로벌,순운전자본+,매출채권,2024,42458032942
구다이글로벌,순운전자본+,매출채권,2025,100760284568
구다이글로벌,순운전자본+,현금및현금성자산,2022,3899646704
구다이글로벌,순운전자본+,현금및현금성자산,2023,16228530723
구다이글로벌,순운전자본+,현금및현금성자산,2024,55268093953
구다이글로벌,순운전자본+,현금및현금성자산,2025,267532345268
구다이글로벌,순운전자본-,기타지급채무,2022,1052043303
구다이글로벌,순운전자본-,기타지급채무,2023,611338362
구다이글로벌,순운전자본-,기타지급채무,2024,19690010065
구다이글로벌,순운전자본-,기타지급채무,2025,147005827670
구다이글로벌,순운전자본-,단기차입금,2022,1600000000
구다이글로벌,순운전자본-,단기차입금,2023,900000000
구다이글로벌,순운전자본-,단기차입금,2024,36010126767
구다이글로벌,순운전자본-,단기차입금,2025,61120000000
구다이글로벌,순운전자본-,매입채무,2022,615773961
구다이글로벌,순운전자본-,매입채무,2023,1917761521
구다이글로벌,순운전자본-,매입채무,2024,33437374936
구다이글로벌,순운전자본-,매입채무,2025,82092862184
구다이글로벌,순운전자본-,유동성장기차입금,2022,3338850000
구다이글로벌,순운전자본-,유동성장기차입금,2023,8139952600
구다이글로벌,순운전자본-,유동성장기차입금,2024,25681962760
구다이글로벌,순운전자본-,유동성장기차입금,2025,20157231840
구다이글로벌,영업활동현금흐름,영업활동으로인한현금흐름,2023,43486372698
구다이글로벌,영업활동현금흐름,영업활동으로인한현금흐름,2024,135891451587
구다이글로벌,영업활동현금흐름,영업활동으로인한현금흐름,2025,185481535036
구다이글로벌,이익잉여금,이익잉여금,2022,12244696085
구다이글로벌,이익잉여금,이익잉여금,2023,63917339923
구다이글로벌,이익잉여금,이익잉여금,2024,186885937328
구다이글로벌,이익잉여금,이익잉여금,2025,393840817252
구다이글로벌,자본총계,자본총계,2022,12815867501
구다이글로벌,자본총계,자본총계,2023,64373931361
구다이글로벌,자본총계,자본총계,2024,328368154235
구다이글로벌,자본총계,자본총계,2025,421522454246
구다이글로벌,자산총계,자산총계,2022,43887052404
구다이글로벌,자산총계,자산총계,2023,116805705206
구다이글로벌,자산총계,자산총계,2024,1023288588436
구다이글로벌,자산총계,자산총계,2025,2847493733246
구다이글로벌,재고자산,재고자산,2022,4897615763
구다이글로벌,재고자산,재고자산,2023,27867885738
구다이글로벌,재고자산,재고자산,2024,104064739523
구다이글로벌,재고자산,재고자산,2025,277305845866
구다이글로벌,재무활동현금흐름,재무활동으로인한현금흐름,2023,7795314056
구다이글로벌,재무활동현금흐름,재무활동으로인한현금흐름,2024,382012144461
구다이글로벌,재무활동현금흐름,재무활동으로인한현금흐름,2025,1017476596272
구다이글로벌,투자활동현금흐름,투자활동으로인한현금흐름,2023,-38904159805
구다이글로벌,투자활동현금흐름,투자활동으로인한현금흐름,2024,-479549700068
구다이글로벌,투자활동현금흐름,투자활동으로인한현금흐름,2025,-991437935015
구다이글로벌,현금의 증감,현금및현금성자산의순증가,2023,12377526949
구다이글로벌,현금의 증감,현금및현금성자산의순증가,2024,38353895980
구다이글로벌,현금의 증감,현금및현금성자산의순증가,2025,211520196293
그라비티,Ⅰ. 매출액,매출액,2024,500845120000
그라비티,Ⅰ. 매출액,매출액,2025,560547445000
그라비티,Ⅱ. 매출원가,매출원가,2024,306903066000
그라비티,Ⅱ. 매출원가,매출원가,2025,364267566000
그라비티,Ⅲ. 매출총이익(Ⅰ - Ⅱ),매출총이익,2024,193942054000
그라비티,Ⅲ. 매출총이익(Ⅰ - Ⅱ),매출총이익,2025,196279879000
그라비티,Ⅳ. 판매비와 관리비,판매비와관리비,2024,107753364000
그라비티,Ⅳ. 판매비와 관리비,판매비와관리비,2025,117250377000
그라비티,Ⅴ. 영업손익(Ⅲ - Ⅳ),영업이익,2024,86188690000
그라비티,Ⅴ. 영업손익(Ⅲ - Ⅳ),영업이익,2025,79029502000
그라비티,Ⅷ. 당기순손익(Ⅴ+Ⅵ-Ⅶ),당기순이익,2024,84902208000
그라비티,Ⅷ. 당기순손익(Ⅴ+Ⅵ-Ⅶ),당기순이익,2025,67309329000
그라비티,① 인건비,급여,2024,22990995000
그라비티,① 인건비,급여,2025,26562266000
그라비티,① 인건비,퇴직급여,2024,1180912000
그라비티,① 인건비,퇴직급여,2025,1327110000
그라비티,② 복리후생비,복리후생비,2024,2384507000
그라비티,② 복리후생비,복리후생비,2025,2804397000
그라비티,③ 지급/용역수수료,외주비,2024,1952620000
그라비티,③ 지급/용역수수료,외주비,2025,2366202000
그라비티,③ 지급/용역수수료,지급수수료,2024,14613156000
그라비티,③ 지급/용역수수료,지급수수료,2025,17914109000
그라비티,④ 광고선전비,광고선전비,2024,38731094000
그라비티,④ 광고선전비,광고선전비,2025,44737519000
그라비티,⑤ 임차/관리비,지급임차료,2024,773168000
그라비티,⑤ 임차/관리비,지급임차료,2025,888668000
그라비티,⑥ 감가상각비,감가상각비,2024,4239592000
그라비티,⑥ 감가상각비,감가상각비,2025,4261292000
그라비티,⑥ 감가상각비,무형자산상각비,2024,1746966000
그라비티,⑥ 감가상각비,무형자산상각비,2025,1597796000
그라비티,⑨ 기타판관비,경상개발비,2024,15262000000
그라비티,⑨ 기타판관비,경상개발비,2025,10326126000
그라비티,⑨ 기타판관비,기타비용,2024,3289536000
그라비티,⑨ 기타판관비,기타비용,2025,3712676000
그라비티,⑨ 기타판관비,대손상각비,2024,588818000
그라비티,⑨ 기타판관비,대손상각비,2025,752216000
그라비티,부채총계,부채총계,2024,118095483000
그라비티,부채총계,부채총계,2025,105295102000
그라비티,순운전자본+,기타유동금융자산,2024,6601519000
그라비티,순운전자본+,기타유동금융자산,2025,4332769000
그라비티,순운전자본+,단기금융상품,2024,324304040000
그라비티,순운전자본+,단기금융상품,2025,415033514000
그라비티,순운전자본+,매출채권,2024,81152458000
그라비티,순운전자본+,매출채권,2025,56318021000
그라비티,순운전자본+,미수금,2024,1572182000
그라비티,순운전자본+,미수금,2025,2904339000
그라비티,순운전자본+,현금및현금성자산,2024,228898026000
그라비티,순운전자본+,현금및현금성자산,2025,203599414000
그라비티,순운전자본-,미지급금,2024,67929911000
그라비티,순운전자본-,미지급금,2025,61926877000
그라비티,순운전자본-,미지급법인세,2024,6507227000
그라비티,순운전자본-,미지급법인세,2025,4633281000
그라비티,순운전자본-,미지급비용,2024,2651426000
그라비티,순운전자본-,미지급비용,2025,2596933000
그라비티,순운전자본-,예수금,2024,1587759000
그라비티,순운전자본-,예수금,2025,1654977000
그라비티,영업활동현금흐름,영업활동으로인한현금흐름,2024,78555174000
그라비티,영업활동현금흐름,영업활동으로인한현금흐름,2025,76092217000
그라비티,이익잉여금,이익잉여금,2024,513417859000
그라비티,이익잉여금,이익잉여금,2025,580881573000
그라비티,자본총계,자본총계,2024,568363459000
그라비티,자본총계,자본총계,2025,637366761000
그라비티,자산총계,자산총계,2024,686458942000
그라비티,자산총계,자산총계,2025,742661863000
그라비티,재무활동현금흐름,재무활동으로인한현금흐름,2024,-4641636000
그라비티,재무활동현금흐름,재무활동으로인한현금흐름,2025,-4514664000
그라비티,투자활동현금흐름,투자활동으로인한현금흐름,2024,-47034392000
그라비티,투자활동현금흐름,투자활동으로인한현금흐름,2025,-96651663000
그라비티,현금의 증감,현금및현금성자산의증가,2024,44816211000
그라비티,현금의 증감,현금및현금성자산의증가,2025,-25298612000
넛지헬스케어,Ⅰ. 매출액,영업수익,2024,118040000000
넛지헬스케어,Ⅰ. 매출액,영업수익,2025,118152000000
넛지헬스케어,Ⅳ. 판매비와 관리비,영업비용,2024,115159000000
넛지헬스케어,Ⅳ. 판매비와 관리비,영업비용,2025,110036000000
넛지헬스케어,Ⅴ. 영업손익(Ⅲ - Ⅳ),영업이익,2024,2880073633
넛지헬스케어,Ⅴ. 영업손익(Ⅲ - Ⅳ),영업이익,2025,8116100454
넛지헬스케어,Ⅷ. 당기순손익(Ⅴ+Ⅵ-Ⅶ),당기순손실,2024,-6237056789
넛지헬스케어,Ⅷ. 당기순손익(Ⅴ+Ⅵ-Ⅶ),당기순손실,2025,-4652472972
넛지헬스케어,① 인건비,급여,2024,12305461626
넛지헬스케어,① 인건비,급여,2025,13713604730
넛지헬스케어,① 인건비,퇴직급여,2024,3238875799
넛지헬스케어,① 인건비,퇴직급여,2025,1539590608
넛지헬스케어,② 복리후생비,교육훈련비,2024,20882374
넛지헬스케어,② 복리후생비,교육훈련비,2025,9293916
넛지헬스케어,② 복리후생비,도서인쇄비,2024,4906766
넛지헬스케어,② 복리후생비,도서인쇄비,2025,3845708
넛지헬스케어,② 복리후생비,복리후생비,2024,1898692906
넛지헬스케어,② 복리후생비,복리후생비,2025,2035518228
넛지헬스케어,② 복리후생비,여비교통비,2024,66798903
넛지헬스케어,② 복리후생비,여비교통비,2025,75414411
넛지헬스케어,③ 지급/용역수수료,외주용역비,2024,3865284326
넛지헬스케어,③ 지급/용역수수료,외주용역비,2025,4808703782
넛지헬스케어,③ 지급/용역수수료,지급수수료,2024,12517745478
넛지헬스케어,③ 지급/용역수수료,지급수수료,2025,12749417315
넛지헬스케어,③ 지급/용역수수료,판매수수료,2024,90539280
넛지헬스케어,③ 지급/용역수수료,판매수수료,2025,71400299
넛지헬스케어,④ 광고선전비,광고선전비,2024,2526392003
넛지헬스케어,④ 광고선전비,광고선전비,2025,1226795874
넛지헬스케어,④ 광고선전비,판매촉진비,2024,72452951808
넛지헬스케어,④ 광고선전비,판매촉진비,2025,67403259812
넛지헬스케어,⑤ 임차/관리비,건물관리비,2024,151087976
넛지헬스케어,⑤ 임차/관리비,건물관리비,2025,187293307
넛지헬스케어,⑤ 임차/관리비,사용권자산감가상각비,2024,200913383
넛지헬스케어,⑤ 임차/관리비,사용권자산감가상각비,2025,186730649
넛지헬스케어,⑤ 임차/관리비,수도광열비,2024,80494565
넛지헬스케어,⑤ 임차/관리비,수도광열비,2025,83541027
넛지헬스케어,⑤ 임차/관리비,지급임차료,2024,196528058
넛지헬스케어,⑤ 임차/관리비,지급임차료,2025,196660858
넛지헬스케어,⑥ 감가상각비,감가상각비및투자부동산상각비,2024,322737620
넛지헬스케어,⑥ 감가상각비,감가상각비및투자부동산상각비,2025,416986540
넛지헬스케어,⑥ 감가상각비,무형자산상각비,2024,593591735
넛지헬스케어,⑥ 감가상각비,무형자산상각비,2025,1059966787
넛지헬스케어,⑦ 물류/운반비,보관료,2024,14753109
넛지헬스케어,⑦ 물류/운반비,보관료,2025,19494292
넛지헬스케어,⑦ 물류/운반비,운반비,2024,230871769
넛지헬스케어,⑦ 물류/운반비,운반비,2025,171157115
넛지헬스케어,⑦ 물류/운반비,포장비,2024,31834675
넛지헬스케어,⑦ 물류/운반비,포장비,2025,20407927
넛지헬스케어,⑨ 기타판관비,경상연구개발비,2024,1223052143
넛지헬스케어,⑨ 기타판관비,경상연구개발비,2025,1214840852
넛지헬스케어,⑨ 기타판관비,대손상각비,2024,318796464
넛지헬스케어,⑨ 기타판관비,대손상각비,2025,10079573
넛지헬스케어,⑨ 기타판관비,보험료,2024,273831036
넛지헬스케어,⑨ 기타판관비,보험료,2025,321620191
넛지헬스케어,⑨ 기타판관비,사무용품비,2024,10197583
넛지헬스케어,⑨ 기타판관비,사무용품비,2025,0
넛지헬스케어,⑨ 기타판관비,상품원가,2024,1063100193
넛지헬스케어,⑨ 기타판관비,상품원가,2025,1220313596
넛지헬스케어,⑨ 기타판관비,세금과공과,2024,799704957
넛지헬스케어,⑨ 기타판관비,세금과공과,2025,815908238
넛지헬스케어,⑨ 기타판관비,소모품비,2024,302773324
넛지헬스케어,⑨ 기타판관비,소모품비,2025,239724889
넛지헬스케어,⑨ 기타판관비,수선비,2024,92214532
넛지헬스케어,⑨ 기타판관비,수선비,2025,14640800
넛지헬스케어,⑨ 기타판관비,접대비,2024,98950990
넛지헬스케어,⑨ 기타판관비,접대비,2025,76223625
넛지헬스케어,⑨ 기타판관비,통신비,2024,165484472
넛지헬스케어,⑨ 기타판관비,통신비,2025,143637311
넛지헬스케어,리스부채,비유동리스부채,2024,20287934
넛지헬스케어,리스부채,비유동리스부채,2025,47749794
넛지헬스케어,리스부채,유동리스부채,2024,22247351
넛지헬스케어,리스부채,유동리스부채,2025,140130235
넛지헬스케어,부채총계,부채총계,2024,56307031008
넛지헬스케어,부채총계,부채총계,2025,52182507817
넛지헬스케어,사용권자산,사용권자산,2024,43609121
넛지헬스케어,사용권자산,사용권자산,2025,192711056
넛지헬스케어,순운전자본+,기타유동금융자산,2024,1466735626
넛지헬스케어,순운전자본+,기타유동금융자산,2025,393038599
넛지헬스케어,순운전자본+,매출채권,2024,17936420442
넛지헬스케어,순운전자본+,매출채권,2025,16486098754
넛지헬스케어,순운전자본+,현금및현금성자산,2024,34734992506
넛지헬스케어,순운전자본+,현금및현금성자산,2025,32266442741
넛지헬스케어,순운전자본-,기타유동금융부채,2024,7092842324
넛지헬스케어,순운전자본-,기타유동금융부채,2025,4042626589
넛지헬스케어,순운전자본-,단기차입금,2024,15668000000
넛지헬스케어,순운전자본-,단기차입금,2025,13005000000
넛지헬스케어,순운전자본-,매입채무,2024,699332756
넛지헬스케어,순운전자본-,매입채무,2025,1020332819
넛지헬스케어,순운전자본-,유동성장기차입금,2024,219960000
넛지헬스케어,순운전자본-,유동성장기차입금,2025,144990000
넛지헬스케어,영업활동현금흐름,영업활동으로인한현금흐름,2024,2290609365
넛지헬스케어,영업활동현금흐름,영업활동으로인한현금흐름,2025,7961200772
넛지헬스케어,이익잉여금,이익잉여금,2024,25306069069
넛지헬스케어,이익잉여금,이익잉여금,2025,21344436363
넛지헬스케어,자본총계,자본총계,2024,61824743041
넛지헬스케어,자본총계,자본총계,2025,57460313808
넛지헬스케어,자산총계,자산총계,2024,118132000000
넛지헬스케어,자산총계,자산총계,2025,109643000000
넛지헬스케어,재고자산,재고자산,2024,91317520
넛지헬스케어,재고자산,재고자산,2025,245313066
넛지헬스케어,재무활동현금흐름,재무활동으로인한현금흐름,2024,13431667355
넛지헬스케어,재무활동현금흐름,재무활동으로인한현금흐름,2025,-2884919524
넛지헬스케어,투자활동현금흐름,투자활동으로인한현금흐름,2024,-27154241526
넛지헬스케어,투자활동현금흐름,투자활동으로인한현금흐름,2025,-7642357761
넛지헬스케어,현금의 증감,현금및현금성자산의증가,2024,-11431964806
넛지헬스케어,현금의 증감,현금및현금성자산의증가,2025,-2566076513
네오위즈,Ⅰ. 매출액,영업수익,2024,366812592730
네오위즈,Ⅰ. 매출액,영업수익,2025,432726157539
네오위즈,Ⅳ. 판매비와 관리비,영업비용,2024,333892613554
네오위즈,Ⅳ. 판매비와 관리비,영업비용,2025,372746022193
네오위즈,Ⅴ. 영업손익(Ⅲ - Ⅳ),영업이익,2024,32919979176
네오위즈,Ⅴ. 영업손익(Ⅲ - Ⅳ),영업이익,2025,59980135346
네오위즈,Ⅷ. 당기순손익(Ⅴ+Ⅵ-Ⅶ),당기순이익,2024,-6953946967
네오위즈,Ⅷ. 당기순손익(Ⅴ+Ⅵ-Ⅶ),당기순이익,2025,45068449570
네오위즈,① 인건비,종업원급여비용,2024,126301836000
네오위즈,① 인건비,종업원급여비용,2025,131265687000
네오위즈,② 복리후생비,복리후생비,2024,17779859000
네오위즈,② 복리후생비,복리후생비,2025,17466706000
네오위즈,③ 지급/용역수수료,외주비,2024,7168858000
네오위즈,③ 지급/용역수수료,외주비,2025,7324281000
네오위즈,③ 지급/용역수수료,정보료,2024,75857012000
네오위즈,③ 지급/용역수수료,정보료,2025,116836910000
네오위즈,③ 지급/용역수수료,지급수수료,2024,39091030000
네오위즈,③ 지급/용역수수료,지급수수료,2025,38218155000
네오위즈,④ 광고선전비,광고선전비및판매촉진비,2024,35421050000
네오위즈,④ 광고선전비,광고선전비및판매촉진비,2025,30825836000
네오위즈,⑤ 임차/관리비,건물관리비,2024,2957874000
네오위즈,⑤ 임차/관리비,건물관리비,2025,2635226000
네오위즈,⑤ 임차/관리비,수도광열비,2024,1799915000
네오위즈,⑤ 임차/관리비,수도광열비,2025,1752832000
네오위즈,⑥ 감가상각비,감가상각비와상각비,2024,17311249000
네오위즈,⑥ 감가상각비,감가상각비와상각비,2025,15910546000
네오위즈,⑨ 기타판관비,기타비용,2024,4785173000
네오위즈,⑨ 기타판관비,기타비용,2025,6558839000
네오위즈,⑨ 기타판관비,세금과공과금,2024,2080586000
네오위즈,⑨ 기타판관비,세금과공과금,2025,1813895000
네오위즈,⑨ 기타판관비,주식보상비,2024,3338171000
네오위즈,⑨ 기타판관비,주식보상비,2025,2137109000
네오위즈,리스부채,리스부채,2024,3624934169
네오위즈,리스부채,리스부채,2025,3240452148
네오위즈,부채총계,부채총계,2024,101061621627
네오위즈,부채총계,부채총계,2025,123529621721
네오위즈,사용권자산,사용권자산,2024,3594330945
네오위즈,사용권자산,사용권자산,2025,3209525046
네오위즈,순운전자본+,매출채권및기타채권,2024,49310004229
네오위즈,순운전자본+,매출채권및기타채권,2025,59122177699
네오위즈,순운전자본+,현금및현금성자산,2024,116866909092
네오위즈,순운전자본+,현금및현금성자산,2025,71506938430
네오위즈,순운전자본-,매입채무및기타채무,2024,44046218594
네오위즈,순운전자본-,매입채무및기타채무,2025,70575122501
네오위즈,영업활동현금흐름,영업활동으로인한현금흐름,2024,33841853627
네오위즈,영업활동현금흐름,영업활동으로인한현금흐름,2025,76072659764
네오위즈,이익잉여금,이익잉여금,2024,420820557520
네오위즈,이익잉여금,이익잉여금,2025,520956645535
네오위즈,자본총계,자본총계,2024,518936747128
네오위즈,자본총계,자본총계,2025,555813321731
네오위즈,자산총계,자산총계,2024,619998368755
네오위즈,자산총계,자산총계,2025,679342943452
네오위즈,재고자산,재고자산,2024,163424915
네오위즈,재고자산,재고자산,2025,528380752
네오위즈,재무활동현금흐름,재무활동으로인한현금흐름,2024,-34705985775
네오위즈,재무활동현금흐름,재무활동으로인한현금흐름,2025,-5564948585
네오위즈,투자활동현금흐름,투자활동으로인한현금흐름,2024,-15835532342
네오위즈,투자활동현금흐름,투자활동으로인한현금흐름,2025,-116508068780
네오위즈,현금의 증감,현금및현금성자산의순증감,2024,-16699664490
네오위즈,현금의 증감,현금및현금성자산의순증감,2025,-46000357601
넥슨코리아,Ⅰ. 매출액,매출액,2024,2417260000000
넥슨코리아,Ⅰ. 매출액,매출액,2025,3105880000000
넥슨코리아,Ⅱ. 매출원가,매출원가,2024,1273710000000
넥슨코리아,Ⅱ. 매출원가,매출원가,2025,1606440000000
넥슨코리아,Ⅲ. 매출총이익(Ⅰ - Ⅱ),매출총이익,2024,1143550000000
넥슨코리아,Ⅲ. 매출총이익(Ⅰ - Ⅱ),매출총이익,2025,1499440000000
넥슨코리아,Ⅳ. 판매비와 관리비,판매비와관리비,2024,751503000000
넥슨코리아,Ⅳ. 판매비와 관리비,판매비와관리비,2025,875794000000
넥슨코리아,Ⅴ. 영업손익(Ⅲ - Ⅳ),영업이익,2024,392048000000
넥슨코리아,Ⅴ. 영업손익(Ⅲ - Ⅳ),영업이익,2025,623649000000
넥슨코리아,Ⅷ. 당기순손익(Ⅴ+Ⅵ-Ⅶ),당기순이익,2024,964677000000
넥슨코리아,Ⅷ. 당기순손익(Ⅴ+Ⅵ-Ⅶ),당기순이익,2025,1328010000000
넥슨코리아,① 인건비,급여,2024,90344525000
넥슨코리아,① 인건비,급여,2025,79084409000
넥슨코리아,① 인건비,퇴직급여,2024,6306187000
넥슨코리아,① 인건비,퇴직급여,2025,6854882000
넥슨코리아,② 복리후생비,교육훈련비,2024,1736952000
넥슨코리아,② 복리후생비,교육훈련비,2025,1742074000
넥슨코리아,② 복리후생비,복리후생비,2024,20837266000
넥슨코리아,② 복리후생비,복리후생비,2025,22346347000
넥슨코리아,② 복리후생비,여비교통비,2024,2878968000
넥슨코리아,② 복리후생비,여비교통비,2025,2184080000
넥슨코리아,③ 지급/용역수수료,외주용역비,2024,14513854000
넥슨코리아,③ 지급/용역수수료,외주용역비,2025,18355067000
넥슨코리아,③ 지급/용역수수료,지급수수료,2024,303582000000
넥슨코리아,③ 지급/용역수수료,지급수수료,2025,339663000000
넥슨코리아,④ 광고선전비,광고선전비,2024,221436000000
넥슨코리아,④ 광고선전비,광고선전비,2025,286585000000
넥슨코리아,⑤ 임차/관리비,임차료,2024,2067139000
넥슨코리아,⑤ 임차/관리비,임차료,2025,2281885000
넥슨코리아,⑥ 감가상각비,감가상각비,2024,13554931000
넥슨코리아,⑥ 감가상각비,감가상각비,2025,16067205000
넥슨코리아,⑥ 감가상각비,무형자산상각비,2024,1870273000
넥슨코리아,⑥ 감가상각비,무형자산상각비,2025,2227563000
넥슨코리아,⑨ 기타판관비,경상연구개발비,2024,58389137000
넥슨코리아,⑨ 기타판관비,경상연구개발비,2025,86103273000
넥슨코리아,⑨ 기타판관비,기타비용,2024,6128846000
넥슨코리아,⑨ 기타판관비,기타비용,2025,5201182000
넥슨코리아,⑨ 기타판관비,세금과공과,2024,4630040000
넥슨코리아,⑨ 기타판관비,세금과공과,2025,5753622000
넥슨코리아,⑨ 기타판관비,주식보상비용,2024,3226842000
넥슨코리아,⑨ 기타판관비,주식보상비용,2025,1344412000
넥슨코리아,리스부채,리스부채,2024,294332158632
넥슨코리아,리스부채,리스부채,2025,292989711733
넥슨코리아,부채총계,부채총계,2024,926170000000
넥슨코리아,부채총계,부채총계,2025,1547700000000
넥슨코리아,사용권자산,사용권자산,2024,134617000000
넥슨코리아,사용권자산,사용권자산,2025,132244000000
넥슨코리아,순운전자본+,기타금융자산,2024,182196000000
넥슨코리아,순운전자본+,기타금융자산,2025,268564000000
넥슨코리아,순운전자본+,단기금융상품,2024,1720940000000
넥슨코리아,순운전자본+,단기금융상품,2025,2012580000000
넥슨코리아,순운전자본+,매출채권,2024,142308000000
넥슨코리아,순운전자본+,매출채권,2025,446603000000
넥슨코리아,순운전자본+,현금및현금성자산,2024,923337000000
넥슨코리아,순운전자본+,현금및현금성자산,2025,1955360000000
넥슨코리아,순운전자본-,기타금융부채,2024,172900000000
넥슨코리아,순운전자본-,기타금융부채,2025,281531000000
넥슨코리아,순운전자본-,매입채무,2024,59137219546
넥슨코리아,순운전자본-,매입채무,2025,148778000000
넥슨코리아,영업활동현금흐름,영업활동으로인한현금흐름,2024,933348000000
넥슨코리아,영업활동현금흐름,영업활동으로인한현금흐름,2025,1369290000000
넥슨코리아,이익잉여금,이익잉여금,2024,5499060000000
넥슨코리아,이익잉여금,이익잉여금,2025,5552990000000
넥슨코리아,자본총계,자본총계,2024,6783250000000
넥슨코리아,자본총계,자본총계,2025,6614930000000
넥슨코리아,자산총계,자산총계,2024,7709420000000
넥슨코리아,자산총계,자산총계,2025,8162640000000
넥슨코리아,재고자산,재고자산,2024,907207929
넥슨코리아,재고자산,재고자산,2025,837635884
넥슨코리아,재무활동현금흐름,재무활동으로인한현금흐름,2024,-186501000000
넥슨코리아,재무활동현금흐름,재무활동으로인한현금흐름,2025,-1877090000000
넥슨코리아,투자활동현금흐름,투자활동으로인한현금흐름,2024,-384421000000
넥슨코리아,투자활동현금흐름,투자활동으로인한현금흐름,2025,1529670000000
넥슨코리아,현금의 증감,현금및현금성자산의순증가,2024,362426000000
넥슨코리아,현금의 증감,현금및현금성자산의순증가,2025,1021880000000
넷마블,Ⅰ. 매출액,영업수익,2024,2663780000000
넷마블,Ⅰ. 매출액,영업수익,2025,2835070000000
넷마블,Ⅳ. 판매비와 관리비,영업비용,2024,2448160000000
넷마블,Ⅳ. 판매비와 관리비,영업비용,2025,2482600000000
넷마블,Ⅴ. 영업손익(Ⅲ - Ⅳ),영업손익,2024,215627000000
넷마블,Ⅴ. 영업손익(Ⅲ - Ⅳ),영업손익,2025,352478000000
넷마블,Ⅷ. 당기순손익(Ⅴ+Ⅵ-Ⅶ),당기순손익,2024,3216188118
넷마블,Ⅷ. 당기순손익(Ⅴ+Ⅵ-Ⅶ),당기순손익,2025,230819000000
넷마블,① 인건비,급여,2024,517155000000
넷마블,① 인건비,급여,2025,493208000000
넷마블,① 인건비,상여,2024,59817875000
넷마블,① 인건비,상여,2025,68623917000
넷마블,① 인건비,퇴직급여,2024,37728511000
넷마블,① 인건비,퇴직급여,2025,34159484000
넷마블,② 복리후생비,교육훈련비,2024,624217000
넷마블,② 복리후생비,교육훈련비,2025,587770000
넷마블,② 복리후생비,도서인쇄비,2024,43677000
넷마블,② 복리후생비,도서인쇄비,2025,36366000
넷마블,② 복리후생비,복리후생비,2024,101512000000
넷마블,② 복리후생비,복리후생비,2025,102680000000
넷마블,② 복리후생비,여비교통비,2024,3394800000
넷마블,② 복리후생비,여비교통비,2025,3772387000
넷마블,② 복리후생비,차량유지비,2024,160491000
넷마블,② 복리후생비,차량유지비,2025,153921000
넷마블,③ 지급/용역수수료,지급수수료,2024,1051730000000
넷마블,③ 지급/용역수수료,지급수수료,2025,1031000000000
넷마블,④ 광고선전비,광고선전비,2024,470257000000
넷마블,④ 광고선전비,광고선전비,2025,573574000000
넷마블,④ 광고선전비,판매촉진비,2024,5257000
넷마블,④ 광고선전비,판매촉진비,2025,16605000
넷마블,⑤ 임차/관리비,건물관리비,2024,1329703000
넷마블,⑤ 임차/관리비,건물관리비,2025,151001000
넷마블,⑤ 임차/관리비,수도광열비,2024,3215998000
넷마블,⑤ 임차/관리비,수도광열비,2025,2992646000
넷마블,⑤ 임차/관리비,임차료,2024,13506138000
넷마블,⑤ 임차/관리비,임차료,2025,12746772000
넷마블,⑤ 임차/관리비,통신비,2024,2058366000
넷마블,⑤ 임차/관리비,통신비,2025,1832625000
넷마블,⑥ 감가상각비,감가상각비,2024,53447226000
넷마블,⑥ 감가상각비,감가상각비,2025,47854542000
넷마블,⑥ 감가상각비,무형자산상각비,2024,100927000000
넷마블,⑥ 감가상각비,무형자산상각비,2025,83629047000
넷마블,⑦ 물류/운반비,운반비,2024,767982000
넷마블,⑦ 물류/운반비,운반비,2025,449598000
넷마블,⑨ 기타판관비,기타,2024,1631918000
넷마블,⑨ 기타판관비,기타,2025,2311595000
넷마블,⑨ 기타판관비,대손상각비,2024,667115000
넷마블,⑨ 기타판관비,대손상각비,2025,203568000
넷마블,⑨ 기타판관비,대외업무활동비,2024,1789931000
넷마블,⑨ 기타판관비,대외업무활동비,2025,1971968000
넷마블,⑨ 기타판관비,보험료,2024,1927758000
넷마블,⑨ 기타판관비,보험료,2025,2029606000
넷마블,⑨ 기타판관비,세금과공과,2024,8959991000
넷마블,⑨ 기타판관비,세금과공과,2025,8023076000
넷마블,⑨ 기타판관비,소모품비,2024,3932344000
넷마블,⑨ 기타판관비,소모품비,2025,4010964000
넷마블,⑨ 기타판관비,수선비,2024,898117000
넷마블,⑨ 기타판관비,수선비,2025,977463000
넷마블,⑨ 기타판관비,시설사용료,2024,172421000
넷마블,⑨ 기타판관비,시설사용료,2025,158159000
넷마블,⑨ 기타판관비,조사연구비,2024,22145000
넷마블,⑨ 기타판관비,조사연구비,2025,83754000
넷마블,⑨ 기타판관비,주식보상비용,2024,3751715000
넷마블,⑨ 기타판관비,주식보상비용,2025,728735000
넷마블,⑨ 기타판관비,행사비,2024,3621614000
넷마블,⑨ 기타판관비,행사비,2025,1879320000
넷마블,⑨ 기타판관비,회의비,2024,3100883000
넷마블,⑨ 기타판관비,회의비,2025,2746710000
넷마블,리스부채,리스부채,2024,59560074193
넷마블,리스부채,리스부채,2025,61435402162
넷마블,리스부채,유동성리스부채,2024,18774351669
넷마블,리스부채,유동성리스부채,2025,12334491694
넷마블,부채총계,부채총계,2024,2703210000000
넷마블,부채총계,부채총계,2025,2601170000000
넷마블,사용권자산,사용권자산,2024,70045228541
넷마블,사용권자산,사용권자산,2025,51462388262
넷마블,순운전자본+,단기금융상품,2024,99131590088
넷마블,순운전자본+,단기금융상품,2025,142126000000
넷마블,순운전자본+,당기손익-공정가치측정금융자산,2024,14134587947
넷마블,순운전자본+,당기손익-공정가치측정금융자산,2025,24322409180
넷마블,순운전자본+,매출채권,2024,277252000000
넷마블,순운전자본+,매출채권,2025,280634000000
넷마블,순운전자본+,현금및현금성자산,2024,577864000000
넷마블,순운전자본+,현금및현금성자산,2025,688943000000
넷마블,순운전자본-,단기차입금,2024,504985000000
넷마블,순운전자본-,단기차입금,2025,732523000000
넷마블,순운전자본-,매입채무,2024,27852469652
넷마블,순운전자본-,매입채무,2025,23475783488
넷마블,순운전자본-,유동성사채,2024,0
넷마블,순운전자본-,유동성사채,2025,142072000000
넷마블,순운전자본-,유동성장기사채,2024,0
넷마블,순운전자본-,유동성장기사채,2025,249927000000
넷마블,순운전자본-,유동성장기차입금,2024,112292000000
넷마블,순운전자본-,유동성장기차입금,2025,28800000000
넷마블,영업활동현금흐름,영업활동현금흐름,2024,287708000000
넷마블,영업활동현금흐름,영업활동현금흐름,2025,337794000000
넷마블,이익잉여금,이익잉여금,2024,1145500000000
넷마블,이익잉여금,이익잉여금,2025,1337590000000
넷마블,자본총계,자본총계,2024,5473860000000
넷마블,자본총계,자본총계,2025,5492480000000
넷마블,자산총계,자산총계,2024,8177070000000
넷마블,자산총계,자산총계,2025,8093650000000
넷마블,재고자산,재고자산,2024,2118851906
넷마블,재고자산,재고자산,2025,1521893175
넷마블,재무활동현금흐름,재무활동현금흐름,2024,-220822000000
넷마블,재무활동현금흐름,재무활동현금흐름,2025,-146338000000
넷마블,투자활동현금흐름,투자활동현금흐름,2024,36891322843
넷마블,투자활동현금흐름,투자활동현금흐름,2025,-74006307155
넷마블,현금의 증감,연결범위변동으로인한현금의증가,2024,0
넷마블,현금의 증감,연결범위변동으로인한현금의증가,2025,113699000000
넷마블,현금의 증감,현금및현금성자산의증가,2024,103778000000
넷마블,현금의 증감,현금및현금성자산의증가,2025,117449000000
놀부,Ⅰ. 매출액,매출액,2024,76127592713
놀부,Ⅰ. 매출액,매출액,2025,63849382757
놀부,Ⅱ. 매출원가,매출원가,2024,60398019670
놀부,Ⅱ. 매출원가,매출원가,2025,53219633320
놀부,Ⅲ. 매출총이익(Ⅰ - Ⅱ),매출총이익,2024,15729573043
놀부,Ⅲ. 매출총이익(Ⅰ - Ⅱ),매출총이익,2025,10629749437
놀부,Ⅳ. 판매비와 관리비,판매비와관리비,2024,16318053985
놀부,Ⅳ. 판매비와 관리비,판매비와관리비,2025,19324609702
놀부,Ⅴ. 영업손익(Ⅲ - Ⅳ),영업손실,2024,-588480942
놀부,Ⅴ. 영업손익(Ⅲ - Ⅳ),영업손실,2025,-8694860265
놀부,Ⅷ. 당기순손익(Ⅴ+Ⅵ-Ⅶ),당기순손실,2024,-1564481288
놀부,Ⅷ. 당기순손익(Ⅴ+Ⅵ-Ⅶ),당기순손실,2025,-13928656885
놀부,① 인건비,급여,2024,5831867480
놀부,① 인건비,급여,2025,5178078881
놀부,① 인건비,잡급,2024,109328810
놀부,① 인건비,잡급,2025,1732010
놀부,① 인건비,퇴직급여,2024,455533212
놀부,① 인건비,퇴직급여,2025,344216942
놀부,② 복리후생비,교육훈련비,2024,5760883
놀부,② 복리후생비,교육훈련비,2025,4572443
놀부,② 복리후생비,도서인쇄비,2024,1479817
놀부,② 복리후생비,도서인쇄비,2025,7913133
놀부,② 복리후생비,복리후생비,2024,671990498
놀부,② 복리후생비,복리후생비,2025,484513500
놀부,② 복리후생비,여비교통비,2024,111906834
놀부,② 복리후생비,여비교통비,2025,119594016
놀부,③ 지급/용역수수료,지급수수료,2024,1132685847
놀부,③ 지급/용역수수료,지급수수료,2025,1212349947
놀부,④ 광고선전비,광고선전비,2024,222451568
놀부,④ 광고선전비,광고선전비,2025,2871586119
놀부,④ 광고선전비,판매장려금,2024,68838413
놀부,④ 광고선전비,판매장려금,2025,113126571
놀부,⑤ 임차/관리비,건물관리비,2024,125902174
놀부,⑤ 임차/관리비,건물관리비,2025,121014700
놀부,⑤ 임차/관리비,경상관리비,2024,52320845
놀부,⑤ 임차/관리비,경상관리비,2025,29142145
놀부,⑤ 임차/관리비,수도광열비,2024,112735344
놀부,⑤ 임차/관리비,수도광열비,2025,76468574
놀부,⑤ 임차/관리비,임차료,2024,1556392739
놀부,⑤ 임차/관리비,임차료,2025,1329719725
놀부,⑤ 임차/관리비,전력비,2024,191412107
놀부,⑤ 임차/관리비,전력비,2025,127481247
놀부,⑥ 감가상각비,감가상각비,2024,603937907
놀부,⑥ 감가상각비,감가상각비,2025,489228588
놀부,⑥ 감가상각비,무형자산상각비,2024,1253322708
놀부,⑥ 감가상각비,무형자산상각비,2025,1249808349
놀부,⑦ 물류/운반비,보관료,2024,408295072
놀부,⑦ 물류/운반비,보관료,2025,387125732
놀부,⑦ 물류/운반비,운반비,2024,2202465623
놀부,⑦ 물류/운반비,운반비,2025,1752251417
놀부,⑦ 물류/운반비,포장비,2024,11735670
놀부,⑦ 물류/운반비,포장비,2025,4415265
놀부,⑨ 기타판관비,대손상각비,2024,236838457
놀부,⑨ 기타판관비,대손상각비,2025,2570663244
놀부,⑨ 기타판관비,리스료,2024,86561792
놀부,⑨ 기타판관비,리스료,2025,43328789
놀부,⑨ 기타판관비,보험료,2024,49004738
놀부,⑨ 기타판관비,보험료,2025,126274512
놀부,⑨ 기타판관비,세금과공과,2024,134710754
놀부,⑨ 기타판관비,세금과공과,2025,266378641
놀부,⑨ 기타판관비,소모품비,2024,241837668
놀부,⑨ 기타판관비,소모품비,2025,129173260
놀부,⑨ 기타판관비,수선비,2024,17627165
놀부,⑨ 기타판관비,수선비,2025,9884168
놀부,⑨ 기타판관비,외주가공비,2024,102659759
놀부,⑨ 기타판관비,외주가공비,2025,55037680
놀부,⑨ 기타판관비,접대비,2024,130993536
놀부,⑨ 기타판관비,접대비,2025,45803810
놀부,⑨ 기타판관비,차량유지비,2024,164645835
놀부,⑨ 기타판관비,차량유지비,2025,152581413
놀부,⑨ 기타판관비,통신비,2024,22703911
놀부,⑨ 기타판관비,통신비,2025,20958731
놀부,⑨ 기타판관비,해외시장개척비,2024,106819
놀부,⑨ 기타판관비,해외시장개척비,2025,186150
놀부,부채총계,부채총계,2024,26438269200
놀부,부채총계,부채총계,2025,25363802889
놀부,순운전자본+,단기금융상품,2024,17882025
놀부,순운전자본+,단기금융상품,2025,17882025
놀부,순운전자본+,대손충당금,2024,-797623823
놀부,순운전자본+,대손충당금,2025,-3234598203
놀부,순운전자본+,매출채권,2024,9185290809
놀부,순운전자본+,매출채권,2025,7074542187
놀부,순운전자본+,미수금,2024,91902280
놀부,순운전자본+,미수금,2025,128305316
놀부,순운전자본+,현금및현금성자산,2024,871619317
놀부,순운전자본+,현금및현금성자산,2025,554797901
놀부,순운전자본-,단기차입금,2024,9313000000
놀부,순운전자본-,단기차입금,2025,7013000004
놀부,순운전자본-,매입채무,2024,3771814553
놀부,순운전자본-,매입채무,2025,4661985335
놀부,순운전자본-,미지급금,2024,634328112
놀부,순운전자본-,미지급금,2025,588969078
놀부,순운전자본-,미지급비용,2024,868271910
놀부,순운전자본-,미지급비용,2025,844342985
놀부,순운전자본-,부가세예수금,2024,416079879
놀부,순운전자본-,부가세예수금,2025,63200034
놀부,순운전자본-,예수금,2024,63502174
놀부,순운전자본-,예수금,2025,2661230
놀부,순운전자본-,유동성장기부채,2024,6891666642
놀부,순운전자본-,유동성장기부채,2025,7116666636
놀부,영업활동현금흐름,영업활동으로인한현금흐름,2024,-1121347525
놀부,영업활동현금흐름,영업활동으로인한현금흐름,2025,73537118
놀부,이익잉여금,결손금,2024,-81993634083
놀부,이익잉여금,결손금,2025,-95922290968
놀부,자본총계,자본총계,2024,17924044526
놀부,자본총계,자본총계,2025,3995387641
놀부,자산총계,자산총계,2024,44362313726
놀부,자산총계,자산총계,2025,29359190530
놀부,재고자산,재고자산,2024,6364057669
놀부,재고자산,재고자산,2025,4367451830
놀부,재무활동현금흐름,재무활동으로인한현금흐름,2024,7748536608
놀부,재무활동현금흐름,재무활동으로인한현금흐름,2025,0
놀부,투자활동현금흐름,투자활동으로인한현금흐름,2024,-6796171773
놀부,투자활동현금흐름,투자활동으로인한현금흐름,2025,587197580
놀부,현금의 증감,현금의증가,2024,-168982690
놀부,현금의 증감,현금의증가,2025,-316821416
농심,Ⅰ. 매출액,매출액,2024,3438730000000
농심,Ⅰ. 매출액,매출액,2025,3514320000000
농심,Ⅱ. 매출원가,매출원가,2024,2473190000000
농심,Ⅱ. 매출원가,매출원가,2025,2495380000000
농심,Ⅲ. 매출총이익(Ⅰ - Ⅱ),매출총이익,2024,965542000000
농심,Ⅲ. 매출총이익(Ⅰ - Ⅱ),매출총이익,2025,1018930000000
농심,Ⅳ. 판매비와 관리비,판매비와관리비,2024,802468000000
농심,Ⅳ. 판매비와 관리비,판매비와관리비,2025,835001000000
농심,Ⅴ. 영업손익(Ⅲ - Ⅳ),영업이익,2024,163074000000
농심,Ⅴ. 영업손익(Ⅲ - Ⅳ),영업이익,2025,183933000000
농심,Ⅷ. 당기순손익(Ⅴ+Ⅵ-Ⅶ),당기순이익,2024,157630000000
농심,Ⅷ. 당기순손익(Ⅴ+Ⅵ-Ⅶ),당기순이익,2025,170054000000
농심,① 인건비,급여,2024,184566000000
농심,① 인건비,급여,2025,192580000000
농심,① 인건비,퇴직급여,2024,19816367000
농심,① 인건비,퇴직급여,2025,18305975000
농심,② 복리후생비,복리후생비,2024,27176796000
농심,② 복리후생비,복리후생비,2025,36122505000
농심,② 복리후생비,여비교통비,2024,8292581000
농심,② 복리후생비,여비교통비,2025,9614812000
농심,③ 지급/용역수수료,수출비용,2024,18223866000
농심,③ 지급/용역수수료,수출비용,2025,18868448000
농심,③ 지급/용역수수료,용역비,2024,108187000000
농심,③ 지급/용역수수료,용역비,2025,110292000000
농심,③ 지급/용역수수료,지급수수료,2024,39207326000
농심,③ 지급/용역수수료,지급수수료,2025,61772607000
농심,④ 광고선전비,광고선전비,2024,107239000000
농심,④ 광고선전비,광고선전비,2025,98003402000
농심,⑤ 임차/관리비,수도광열비,2024,4390297000
농심,⑤ 임차/관리비,수도광열비,2025,4590089000
농심,⑤ 임차/관리비,임차료,2024,19139048000
농심,⑤ 임차/관리비,임차료,2025,19629071000
농심,⑥ 감가상각비,감가상각비,2024,36955039000
농심,⑥ 감가상각비,감가상각비,2025,38395485000
농심,⑥ 감가상각비,무형자산상각비,2024,4117643000
농심,⑥ 감가상각비,무형자산상각비,2025,4715877000
농심,⑦ 물류/운반비,운송보관료,2024,140481000000
농심,⑦ 물류/운반비,운송보관료,2025,140552000000
농심,⑨ 기타판관비,경상개발비,2024,6232054000
농심,⑨ 기타판관비,경상개발비,2025,5961717000
농심,⑨ 기타판관비,기타판매비와관리비,2024,27348163000
농심,⑨ 기타판관비,기타판매비와관리비,2025,26915401000
농심,⑨ 기타판관비,대손상각비,2024,30148000
농심,⑨ 기타판관비,대손상각비,2025,249470000
농심,⑨ 기타판관비,소모품비,2024,16084875000
농심,⑨ 기타판관비,소모품비,2025,16390902000
농심,⑨ 기타판관비,제세공과금,2024,34981289000
농심,⑨ 기타판관비,제세공과금,2025,32041601000
농심,리스부채,리스부채,2024,31096257337
농심,리스부채,리스부채,2025,23013141473
농심,부채총계,부채총계,2024,924886441245
농심,부채총계,부채총계,2025,990936608000
농심,사용권자산,사용권자산,2024,58326151370
농심,사용권자산,사용권자산,2025,50219938043
농심,순운전자본+,기타금융자산,2024,160929704053
농심,순운전자본+,기타금융자산,2025,220138118514
농심,순운전자본+,단기금융상품,2024,751199120000
농심,순운전자본+,단기금융상품,2025,745596630000
농심,순운전자본+,매출채권,2024,308271886119
농심,순운전자본+,매출채권,2025,322700751452
농심,순운전자본+,현금및현금성자산,2024,140894116584
농심,순운전자본+,현금및현금성자산,2025,253539960716
농심,순운전자본-,기타채무,2024,208739194782
농심,순운전자본-,기타채무,2025,256116972985
농심,순운전자본-,단기차입금,2024,27272821197
농심,순운전자본-,단기차입금,2025,27652497602
농심,순운전자본-,매입채무,2024,359126540270
농심,순운전자본-,매입채무,2025,366313614821
농심,영업활동현금흐름,영업활동으로인한현금흐름,2024,272544000000
농심,영업활동현금흐름,영업활동으로인한현금흐름,2025,268701000000
농심,이익잉여금,이익잉여금,2024,2437443898464
농심,이익잉여금,이익잉여금,2025,2578245603707
농심,자본총계,자본총계,2024,2672575129457
농심,자본총계,자본총계,2025,2831185859403
농심,자산총계,자산총계,2024,3597461570702
농심,자산총계,자산총계,2025,3822122467403
농심,재고자산,재고자산,2024,323189566831
농심,재고자산,재고자산,2025,353314247728
농심,재무활동현금흐름,재무활동으로인한현금흐름,2024,95086933564
농심,재무활동현금흐름,재무활동으로인한현금흐름,2025,-41189063184
농심,투자활동현금흐름,투자활동으로인한현금흐름,2024,-381947000000
농심,투자활동현금흐름,투자활동으로인한현금흐름,2025,-116837000000
농심,현금의 증감,현금및현금성자산의증감,2024,-2005420997
농심,현금의 증감,현금및현금성자산의증감,2025,112646000000
단비교육,Ⅰ. 매출액,매출액,2024,67165409328
단비교육,Ⅰ. 매출액,매출액,2025,61785959811
단비교육,Ⅱ. 매출원가,매출원가,2024,33081827655
단비교육,Ⅱ. 매출원가,매출원가,2025,29218020752
단비교육,Ⅲ. 매출총이익(Ⅰ - Ⅱ),매출총이익,2024,34083581673
단비교육,Ⅲ. 매출총이익(Ⅰ - Ⅱ),매출총이익,2025,32567939059
단비교육,Ⅳ. 판매비와 관리비,판매비와관리비,2024,46656826500
단비교육,Ⅳ. 판매비와 관리비,판매비와관리비,2025,48195633062
단비교육,Ⅴ. 영업손익(Ⅲ - Ⅳ),영업이익,2024,-12573244827
단비교육,Ⅴ. 영업손익(Ⅲ - Ⅳ),영업이익,2025,-15627694003
단비교육,Ⅷ. 당기순손익(Ⅴ+Ⅵ-Ⅶ),당기순이익,2024,-16786418881
단비교육,Ⅷ. 당기순손익(Ⅴ+Ⅵ-Ⅶ),당기순이익,2025,-10865462715
단비교육,① 인건비,급여및상여,2024,8689015000
단비교육,① 인건비,급여및상여,2025,8389508000
단비교육,③ 지급/용역수수료,수납수수료,2024,1593778000
단비교육,③ 지급/용역수수료,수납수수료,2025,1459738000
단비교육,③ 지급/용역수수료,지급수수료,2024,4853778000
단비교육,③ 지급/용역수수료,지급수수료,2025,4208717000
단비교육,③ 지급/용역수수료,판매부대비,2024,3989452000
단비교육,③ 지급/용역수수료,판매부대비,2025,4759106000
단비교육,④ 광고선전비,광고선전비,2024,11078162000
단비교육,④ 광고선전비,광고선전비,2025,15532403000
단비교육,⑥ 감가상각비,감가상각비,2024,6388600000
단비교육,⑥ 감가상각비,감가상각비,2025,4499058000
단비교육,⑦ 물류/운반비,운반비,2024,3969069000
단비교육,⑦ 물류/운반비,운반비,2025,2850985000
단비교육,⑨ 기타판관비,기타,2024,6094973000
단비교육,⑨ 기타판관비,기타,2025,6496118000
단비교육,리스부채,리스부채,2024,3095340066
단비교육,리스부채,리스부채,2025,2864032638
단비교육,부채총계,부채총계,2024,13303998804
단비교육,부채총계,부채총계,2025,12662694664
단비교육,사용권자산,사용권자산,2024,3249861204
단비교육,사용권자산,사용권자산,2025,2994115651
단비교육,순운전자본+,기타수취채권,2024,341222151
단비교육,순운전자본+,기타수취채권,2025,595392501
단비교육,순운전자본+,매출채권,2024,1765939708
단비교육,순운전자본+,매출채권,2025,1856718800
단비교육,순운전자본+,현금및현금성자산,2024,16601378998
단비교육,순운전자본+,현금및현금성자산,2025,9182134542
단비교육,순운전자본-,기타금융부채,2024,3385679198
단비교육,순운전자본-,기타금융부채,2025,3095707291
단비교육,순운전자본-,매입채무,2024,224634269
단비교육,순운전자본-,매입채무,2025,228507400
단비교육,영업활동현금흐름,영업활동으로인한현금흐름,2024,-1784446747
단비교육,영업활동현금흐름,영업활동으로인한현금흐름,2025,2791358990
단비교육,이익잉여금,이익잉여금,2024,46761829555
단비교육,이익잉여금,이익잉여금,2025,35944886328
단비교육,자본총계,자본총계,2024,60755572077
단비교육,자본총계,자본총계,2025,49911577897
단비교육,재고자산,재고자산,2024,1158174483
단비교육,재고자산,재고자산,2025,814559121
단비교육,재무활동현금흐름,재무활동현금흐름,2024,-1104430175
단비교육,재무활동현금흐름,재무활동현금흐름,2025,-1107572936
단비교육,투자활동현금흐름,투자활동현금흐름,2024,4886021258
단비교육,투자활동현금흐름,투자활동현금흐름,2025,-8995656377
단비교육,현금의 증감,현금및현금성자산의순증감,2024,1838044627
단비교육,현금의 증감,현금및현금성자산의순증감,2025,-7419244456
달바글로벌,Ⅰ. 매출액,매출액,2023,200802470160
달바글로벌,Ⅰ. 매출액,매출액,2024,309062616157
달바글로벌,Ⅰ. 매출액,매출액,2025,519735447906
달바글로벌,Ⅱ. 매출원가,매출원가,2023,53939006079
달바글로벌,Ⅱ. 매출원가,매출원가,2024,74686096056
달바글로벌,Ⅱ. 매출원가,매출원가,2025,125306164766
달바글로벌,Ⅲ. 매출총이익(Ⅰ - Ⅱ),매출총이익,2023,146863464081
달바글로벌,Ⅲ. 매출총이익(Ⅰ - Ⅱ),매출총이익,2024,234376520101
달바글로벌,Ⅲ. 매출총이익(Ⅰ - Ⅱ),매출총이익,2025,394429283140
달바글로벌,Ⅳ. 판매비와 관리비,판매비와관리비,2023,114417530686
달바글로벌,Ⅳ. 판매비와 관리비,판매비와관리비,2024,174531807413
달바글로벌,Ⅳ. 판매비와 관리비,판매비와관리비,2025,292959867937
달바글로벌,Ⅴ. 영업손익(Ⅲ - Ⅳ),영업이익,2023,32445933395
달바글로벌,Ⅴ. 영업손익(Ⅲ - Ⅳ),영업이익,2024,59844712688
달바글로벌,Ⅴ. 영업손익(Ⅲ - Ⅳ),영업이익,2025,101469415203
달바글로벌,Ⅷ. 당기순손익(Ⅴ+Ⅵ-Ⅶ),당기순이익,2023,13604748485
달바글로벌,Ⅷ. 당기순손익(Ⅴ+Ⅵ-Ⅶ),당기순이익,2024,15408977423
달바글로벌,Ⅷ. 당기순손익(Ⅴ+Ⅵ-Ⅶ),당기순이익,2025,79053534113
달바글로벌,① 인건비,급여,2024,8080249000
달바글로벌,① 인건비,급여,2025,14247229000
달바글로벌,① 인건비,퇴직급여,2024,-125951000
달바글로벌,① 인건비,퇴직급여,2025,1549806000
달바글로벌,② 복리후생비,교육훈련비,2024,21055000
달바글로벌,② 복리후생비,교육훈련비,2025,32477000
달바글로벌,② 복리후생비,도서인쇄비,2024,2475000
달바글로벌,② 복리후생비,복리후생비,2024,1271278000
달바글로벌,② 복리후생비,복리후생비,2025,2114115000
달바글로벌,② 복리후생비,여비교통비,2024,437629000
달바글로벌,② 복리후생비,여비교통비,2025,768257000
달바글로벌,③ 지급/용역수수료,수출입제비용,2024,765792000
달바글로벌,③ 지급/용역수수료,수출입제비용,2025,2029383000
달바글로벌,③ 지급/용역수수료,지급수수료,2024,2695072000
달바글로벌,③ 지급/용역수수료,지급수수료,2025,7590793000
달바글로벌,③ 지급/용역수수료,판매수수료,2024,51152907000
달바글로벌,③ 지급/용역수수료,판매수수료,2025,70279711000
달바글로벌,④ 광고선전비,광고선전비,2024,73569389000
달바글로벌,④ 광고선전비,광고선전비,2025,120525094000
달바글로벌,⑤ 임차/관리비,건물관리비,2024,349936000
달바글로벌,⑤ 임차/관리비,건물관리비,2025,606567000
달바글로벌,⑤ 임차/관리비,사용권자산상각비,2024,550891000
달바글로벌,⑤ 임차/관리비,사용권자산상각비,2025,1025660000
달바글로벌,⑤ 임차/관리비,지급임차료,2024,39734000
달바글로벌,⑤ 임차/관리비,지급임차료,2025,80860000
달바글로벌,⑥ 감가상각비,감가상각비,2024,148704000
달바글로벌,⑥ 감가상각비,감가상각비,2025,257983000
달바글로벌,⑥ 감가상각비,무형자산상각비,2024,21583000
달바글로벌,⑥ 감가상각비,무형자산상각비,2025,63392000
달바글로벌,⑦ 물류/운반비,운반비,2024,30134199000
달바글로벌,⑦ 물류/운반비,운반비,2025,60011959000
달바글로벌,⑦ 물류/운반비,포장비,2024,1156014000
달바글로벌,⑦ 물류/운반비,포장비,2025,1099598000
달바글로벌,⑨ 기타판관비,경상연구개발비,2024,1314398000
달바글로벌,⑨ 기타판관비,경상연구개발비,2025,1814677000
달바글로벌,⑨ 기타판관비,대손상각비,2024,11693000
달바글로벌,⑨ 기타판관비,대손상각비,2025,5709000
달바글로벌,⑨ 기타판관비,보험료,2024,84204000
달바글로벌,⑨ 기타판관비,보험료,2025,317066000
달바글로벌,⑨ 기타판관비,세금과공과금,2024,630965000
달바글로벌,⑨ 기타판관비,세금과공과금,2025,2139112000
달바글로벌,⑨ 기타판관비,소모품비,2024,530550000
달바글로벌,⑨ 기타판관비,소모품비,2025,938626000
달바글로벌,⑨ 기타판관비,수선비,2024,29700000
달바글로벌,⑨ 기타판관비,접대비,2024,208887000
달바글로벌,⑨ 기타판관비,접대비,2025,457525000
달바글로벌,⑨ 기타판관비,주식보상비용,2024,1431313000
달바글로벌,⑨ 기타판관비,주식보상비용,2025,5004269000
달바글로벌,⑨ 기타판관비,차량유지비,2024,3776000
달바글로벌,⑨ 기타판관비,통신비,2024,15364000
달바글로벌,리스부채,리스부채,2023,1432839053
달바글로벌,리스부채,리스부채,2024,2818691432
달바글로벌,리스부채,리스부채,2025,2944140299
달바글로벌,부채총계,부채총계,2023,62489866399
달바글로벌,부채총계,부채총계,2024,34039092723
달바글로벌,부채총계,부채총계,2025,56779849718
달바글로벌,사용권자산,사용권자산,2023,1498216488
달바글로벌,사용권자산,사용권자산,2024,3057889856
달바글로벌,사용권자산,사용권자산,2025,3024726902
달바글로벌,순운전자본+,기타금융자산,2023,0
달바글로벌,순운전자본+,기타금융자산,2024,0
달바글로벌,순운전자본+,기타금융자산,2025,25460347792
달바글로벌,순운전자본+,매출채권,2023,13723974731
달바글로벌,순운전자본+,매출채권,2024,20122916470
달바글로벌,순운전자본+,매출채권,2025,39941766303
달바글로벌,순운전자본+,현금및현금성자산,2023,41316802897
달바글로벌,순운전자본+,현금및현금성자산,2024,54002975233
달바글로벌,순운전자본+,현금및현금성자산,2025,100992795264
달바글로벌,순운전자본-,기타채무,2023,6514788174
달바글로벌,순운전자본-,기타채무,2024,10384574770
달바글로벌,순운전자본-,기타채무,2025,19543652544
달바글로벌,순운전자본-,매입채무,2023,6492785822
달바글로벌,순운전자본-,매입채무,2024,7968871091
달바글로벌,순운전자본-,매입채무,2025,14826172461
달바글로벌,영업활동현금흐름,영업활동으로인한현금흐름,2023,24301463412
달바글로벌,영업활동현금흐름,영업활동으로인한현금흐름,2024,15809001299
달바글로벌,영업활동현금흐름,영업활동으로인한현금흐름,2025,68482449044
달바글로벌,이익잉여금,이익잉여금,2023,13056632386
달바글로벌,이익잉여금,이익잉여금,2024,25802142837
달바글로벌,이익잉여금,이익잉여금,2025,101429900481
달바글로벌,자본총계,자본총계,2023,15513742727
달바글로벌,자본총계,자본총계,2024,102069072470
달바글로벌,자본총계,자본총계,2025,198554792679
달바글로벌,자산총계,자산총계,2023,78003609126
달바글로벌,자산총계,자산총계,2024,136108165193
달바글로벌,자산총계,자산총계,2025,255334642397
달바글로벌,재고자산,재고자산,2023,16965957509
달바글로벌,재고자산,재고자산,2024,47899634179
달바글로벌,재고자산,재고자산,2025,66196611280
달바글로벌,재무활동현금흐름,재무활동으로인한현금흐름,2023,-2361850643
달바글로벌,재무활동현금흐름,재무활동으로인한현금흐름,2024,-2179632375
달바글로벌,재무활동현금흐름,재무활동으로인한현금흐름,2025,9076615679
달바글로벌,투자활동현금흐름,투자활동으로인한현금흐름,2023,-176441387
달바글로벌,투자활동현금흐름,투자활동으로인한현금흐름,2024,-1790713542
달바글로벌,투자활동현금흐름,투자활동으로인한현금흐름,2025,-29954564794
달바글로벌,현금의 증감,현금및현금성자산의증가,2023,21763171382
달바글로벌,현금의 증감,현금및현금성자산의증가,2024,11838655382
달바글로벌,현금의 증감,현금및현금성자산의증가,2025,47604499929
당근마켓,Ⅰ. 매출액,영업수익,2024,189237000000
당근마켓,Ⅰ. 매출액,영업수익,2025,270691000000
당근마켓,Ⅳ. 판매비와 관리비,영업비용,2024,186729000000
당근마켓,Ⅳ. 판매비와 관리비,영업비용,2025,256127000000
당근마켓,Ⅴ. 영업손익(Ⅲ - Ⅳ),영업이익,2024,2507501021
당근마켓,Ⅴ. 영업손익(Ⅲ - Ⅳ),영업이익,2025,14564332324
당근마켓,Ⅷ. 당기순손익(Ⅴ+Ⅵ-Ⅶ),당기순이익,2024,8449550206
당근마켓,Ⅷ. 당기순손익(Ⅴ+Ⅵ-Ⅶ),당기순이익,2025,23005265864
당근마켓,① 인건비,종업원급여,2024,65459629000
당근마켓,① 인건비,종업원급여,2025,76028392000
당근마켓,② 복리후생비,복리후생비,2024,9252948000
당근마켓,② 복리후생비,복리후생비,2025,11669246000
당근마켓,③ 지급/용역수수료,외주용역비,2024,433254000
당근마켓,③ 지급/용역수수료,외주용역비,2025,952323000
당근마켓,③ 지급/용역수수료,지급수수료,2024,68790175000
당근마켓,③ 지급/용역수수료,지급수수료,2025,97386135000
당근마켓,④ 광고선전비,광고선전비,2024,29259718000
당근마켓,④ 광고선전비,광고선전비,2025,54271334000
당근마켓,⑤ 임차/관리비,건물관리비,2024,1943653000
당근마켓,⑤ 임차/관리비,건물관리비,2025,2287048000
당근마켓,⑤ 임차/관리비,지급임차료,2024,3549792000
당근마켓,⑤ 임차/관리비,지급임차료,2025,4306226000
당근마켓,⑥ 감가상각비,감가상각비,2024,1645661000
당근마켓,⑥ 감가상각비,감가상각비,2025,1985525000
당근마켓,⑥ 감가상각비,무형자산상각비,2024,189772000
당근마켓,⑥ 감가상각비,무형자산상각비,2025,93964000
당근마켓,⑨ 기타판관비,기타,2024,1645967000
당근마켓,⑨ 기타판관비,기타,2025,1721878000
당근마켓,⑨ 기타판관비,세금과공과,2024,534455000
당근마켓,⑨ 기타판관비,세금과공과,2025,882707000
당근마켓,⑨ 기타판관비,주식보상비용,2024,4004444000
당근마켓,⑨ 기타판관비,주식보상비용,2025,4457881000
당근마켓,부채총계,부채총계,2024,74406642239
당근마켓,부채총계,부채총계,2025,121444000000
당근마켓,순운전자본-,미지급금,2024,11829830668
당근마켓,순운전자본-,미지급금,2025,19523715409
당근마켓,순운전자본-,미지급비용,2024,8424623321
당근마켓,순운전자본-,미지급비용,2025,10262476381
당근마켓,순운전자본-,부가세예수금,2024,3236096654
당근마켓,순운전자본-,부가세예수금,2025,3873362023
당근마켓,순운전자본-,예수금,2024,35705007136
당근마켓,순운전자본-,예수금,2025,64719353250
당근마켓,영업활동현금흐름,영업활동으로인한현금흐름,2024,42247310072
당근마켓,영업활동현금흐름,영업활동으로인한현금흐름,2025,48403366559
당근마켓,이익잉여금,이익잉여금,2024,-129554000000
당근마켓,이익잉여금,이익잉여금,2025,-106549000000
당근마켓,자본총계,자본총계,2024,131132000000
당근마켓,자본총계,자본총계,2025,159771000000
당근마켓,자산총계,자산총계,2024,205538000000
당근마켓,자산총계,자산총계,2025,281214000000
당근마켓,재무활동현금흐름,재무활동으로인한현금흐름,2024,818776200
당근마켓,재무활동현금흐름,재무활동으로인한현금흐름,2025,683440500
당근마켓,투자활동현금흐름,투자활동으로인한현금흐름,2024,0
당근마켓,투자활동현금흐름,투자활동으로인한현금흐름,2025,-53365786982
당근마켓,현금의 증감,현금의증가,2024,63257773651
당근마켓,현금의 증감,현금의증가,2025,-4728500663
대상,Ⅰ. 매출액,매출액,2024,4255140000000
대상,Ⅰ. 매출액,매출액,2025,4401310000000
대상,Ⅱ. 매출원가,매출원가,2024,3113062462535
대상,Ⅱ. 매출원가,매출원가,2025,3222940343651
대상,Ⅲ. 매출총이익(Ⅰ - Ⅱ),매출총이익,2024,1142072295032
대상,Ⅲ. 매출총이익(Ⅰ - Ⅱ),매출총이익,2025,1178365027625
대상,Ⅳ. 판매비와 관리비,판매비와관리비,2024,965131149547
대상,Ⅳ. 판매비와 관리비,판매비와관리비,2025,1009082710197
대상,Ⅴ. 영업손익(Ⅲ - Ⅳ),영업이익,2024,176941000000
대상,Ⅴ. 영업손익(Ⅲ - Ⅳ),영업이익,2025,169282000000
대상,Ⅷ. 당기순손익(Ⅴ+Ⅵ-Ⅶ),당기순이익,2024,96689000000
대상,Ⅷ. 당기순손익(Ⅴ+Ⅵ-Ⅶ),당기순이익,2025,-303089000000
대상,① 인건비,"급여,판관비",2024,285191000000
대상,① 인건비,"급여,판관비",2025,298329000000
대상,① 인건비,"퇴직급여,판관비",2024,28186000000
대상,① 인건비,"퇴직급여,판관비",2025,26933000000
대상,② 복리후생비,"교육훈련비,판관비",2024,3571000000
대상,② 복리후생비,"교육훈련비,판관비",2025,4104000000
대상,② 복리후생비,"도서인쇄비,판관비",2024,623000000
대상,② 복리후생비,"도서인쇄비,판관비",2025,389000000
대상,② 복리후생비,"복리후생비,판관비",2024,34407000000
대상,② 복리후생비,"복리후생비,판관비",2025,35297000000
대상,② 복리후생비,"여비교통비,판관비",2024,11572000000
대상,② 복리후생비,"여비교통비,판관비",2025,12079000000
대상,② 복리후생비,"차량유지비,판관비",2024,4172000000
대상,② 복리후생비,"차량유지비,판관비",2025,4340000000
대상,③ 지급/용역수수료,"수출제비용,판관비",2024,17809000000
대상,③ 지급/용역수수료,"수출제비용,판관비",2025,15449000000
대상,③ 지급/용역수수료,"외주용역비,판관비",2024,50398000000
대상,③ 지급/용역수수료,"외주용역비,판관비",2025,50177000000
대상,③ 지급/용역수수료,"지급수수료,판관비",2024,90450000000
대상,③ 지급/용역수수료,"지급수수료,판관비",2025,102536000000
대상,③ 지급/용역수수료,"판매수수료,판관비",2024,34598000000
대상,③ 지급/용역수수료,"판매수수료,판관비",2025,36304000000
대상,④ 광고선전비,"광고선전비,판관비",2024,34925000000
대상,④ 광고선전비,"광고선전비,판관비",2025,38379000000
대상,④ 광고선전비,"판매촉진비,판관비",2024,44072000000
대상,④ 광고선전비,"판매촉진비,판관비",2025,37300000000
대상,⑤ 임차/관리비,"수도광열비,판관비",2024,6433000000
대상,⑤ 임차/관리비,"수도광열비,판관비",2025,6106000000
대상,⑤ 임차/관리비,"임차료,판관비",2024,5642000000
대상,⑤ 임차/관리비,"임차료,판관비",2025,7651000000
대상,⑤ 임차/관리비,"통신비,판관비",2024,4221000000
대상,⑤ 임차/관리비,"통신비,판관비",2025,4054000000
대상,⑥ 감가상각비,"감가상각비,판관비",2024,36950000000
대상,⑥ 감가상각비,"감가상각비,판관비",2025,47426000000
대상,⑥ 감가상각비,"무형자산상각비,판관비",2024,6758000000
대상,⑥ 감가상각비,"무형자산상각비,판관비",2025,6826000000
대상,⑦ 물류/운반비,"운반비,판관비",2024,146519000000
대상,⑦ 물류/운반비,"운반비,판관비",2025,142503000000
대상,⑦ 물류/운반비,"포장비,판관비",2024,4734000000
대상,⑦ 물류/운반비,"포장비,판관비",2025,4232000000
대상,⑨ 기타판관비,"견본품비,판관비",2024,1489000000
대상,⑨ 기타판관비,"견본품비,판관비",2025,2069000000
대상,⑨ 기타판관비,"경상개발비,판관비",2024,46535000000
대상,⑨ 기타판관비,"경상개발비,판관비",2025,56968000000
대상,⑨ 기타판관비,기대신용손실충당금전입,2024,1256000000
대상,⑨ 기타판관비,기대신용손실충당금전입,2025,3051000000
대상,⑨ 기타판관비,"기업업무추진비,판관비",2024,7929000000
대상,⑨ 기타판관비,"기업업무추진비,판관비",2025,8092000000
대상,⑨ 기타판관비,기타판매비와관리비,2024,7337000000
대상,⑨ 기타판관비,기타판매비와관리비,2025,9860000000
대상,⑨ 기타판관비,"보험료,판관비",2024,7012000000
대상,⑨ 기타판관비,"보험료,판관비",2025,7205000000
대상,⑨ 기타판관비,"세금과공과,판관비",2024,26697000000
대상,⑨ 기타판관비,"세금과공과,판관비",2025,27254000000
대상,⑨ 기타판관비,"소모품비,판관비",2024,13464000000
대상,⑨ 기타판관비,"소모품비,판관비",2025,12665000000
대상,⑨ 기타판관비,"수선비,판관비",2024,2181000000
대상,⑨ 기타판관비,"수선비,판관비",2025,1505000000
대상,부채총계,부채총계,2024,2062240000000
대상,부채총계,부채총계,2025,2382200000000
대상,사용권자산,사용권자산,2024,111832000000
대상,사용권자산,사용권자산,2025,102545000000
대상,순운전자본+,기타유동금융자산,2024,2656034563
대상,순운전자본+,기타유동금융자산,2025,1637993739
대상,순운전자본+,단기금융상품,2024,32104018125
대상,순운전자본+,단기금융상품,2025,57459745389
대상,순운전자본+,매출채권및기타채권,2024,410693000000
대상,순운전자본+,매출채권및기타채권,2025,397740000000
대상,순운전자본+,현금및현금성자산,2024,672769000000
대상,순운전자본+,현금및현금성자산,2025,595682000000
대상,순운전자본-,기타유동금융부채,2024,67311207108
대상,순운전자본-,기타유동금융부채,2025,72818916570
대상,순운전자본-,단기차입금,2024,368293000000
대상,순운전자본-,단기차입금,2025,369419000000
대상,순운전자본-,매입채무및기타채무,2024,394059000000
대상,순운전자본-,매입채무및기타채무,2025,403681000000
대상,순운전자본-,유동성사채,2024,219983000000
대상,순운전자본-,유동성사채,2025,219983000000
대상,순운전자본-,유동성장기차입금,2024,67347838810
대상,순운전자본-,유동성장기차입금,2025,72415138922
대상,영업활동현금흐름,영업활동으로인한현금흐름,2024,187744000000
대상,영업활동현금흐름,영업활동으로인한현금흐름,2025,188141000000
대상,이익잉여금,이익잉여금,2024,1102880000000
대상,이익잉여금,이익잉여금,2025,768737000000
대상,자본총계,자본총계,2024,1447600000000
대상,자본총계,자본총계,2025,1096950000000
대상,자산총계,자산총계,2024,3509840000000
대상,자산총계,자산총계,2025,3479150000000
대상,재고자산,재고자산,2024,649137000000
대상,재고자산,재고자산,2025,696901000000
대상,재무활동현금흐름,재무활동으로인한현금흐름,2024,-82193003817
대상,재무활동현금흐름,재무활동으로인한현금흐름,2025,-118041000000
대상,투자활동현금흐름,투자활동으로인한현금흐름,2024,-184569000000
대상,투자활동현금흐름,투자활동으로인한현금흐름,2025,-152817000000
대상,현금의 증감,현금및현금성자산의증감,2024,-79017706938
대상,현금의 증감,현금및현금성자산의증감,2025,-82716855995
더네이쳐홀딩스,Ⅰ. 매출액,매출액,2024,516897000000
더네이쳐홀딩스,Ⅰ. 매출액,매출액,2025,477522000000
더네이쳐홀딩스,Ⅱ. 매출원가,매출원가,2024,181592000000
더네이쳐홀딩스,Ⅱ. 매출원가,매출원가,2025,171779000000
더네이쳐홀딩스,Ⅲ. 매출총이익(Ⅰ - Ⅱ),매출총이익,2024,335305000000
더네이쳐홀딩스,Ⅲ. 매출총이익(Ⅰ - Ⅱ),매출총이익,2025,305743000000
더네이쳐홀딩스,Ⅳ. 판매비와 관리비,판매비와관리비,2024,305211000000
더네이쳐홀딩스,Ⅳ. 판매비와 관리비,판매비와관리비,2025,298775000000
더네이쳐홀딩스,Ⅴ. 영업손익(Ⅲ - Ⅳ),영업이익,2024,30093846387
더네이쳐홀딩스,Ⅴ. 영업손익(Ⅲ - Ⅳ),영업이익,2025,6968044892
더네이쳐홀딩스,Ⅷ. 당기순손익(Ⅴ+Ⅵ-Ⅶ),당기순이익,2024,18991375049
더네이쳐홀딩스,Ⅷ. 당기순손익(Ⅴ+Ⅵ-Ⅶ),당기순이익,2025,1024799100
더네이쳐홀딩스,① 인건비,급여,2024,36582641000
더네이쳐홀딩스,① 인건비,급여,2025,40443799000
더네이쳐홀딩스,① 인건비,퇴직급여,2024,2902509000
더네이쳐홀딩스,① 인건비,퇴직급여,2025,2909324000
더네이쳐홀딩스,② 복리후생비,교육훈련비,2024,9091000
더네이쳐홀딩스,② 복리후생비,교육훈련비,2025,25609000
더네이쳐홀딩스,② 복리후생비,도서인쇄비,2024,23446000
더네이쳐홀딩스,② 복리후생비,도서인쇄비,2025,22151000
더네이쳐홀딩스,② 복리후생비,복리후생비,2024,2350913000
더네이쳐홀딩스,② 복리후생비,복리후생비,2025,2442313000
더네이쳐홀딩스,② 복리후생비,여비교통비,2024,601857000
더네이쳐홀딩스,② 복리후생비,여비교통비,2025,727933000
더네이쳐홀딩스,③ 지급/용역수수료,지급수수료,2024,170560000000
더네이쳐홀딩스,③ 지급/용역수수료,지급수수료,2025,159554000000
더네이쳐홀딩스,④ 광고선전비,광고선전비,2024,23483338000
더네이쳐홀딩스,④ 광고선전비,광고선전비,2025,23567417000
더네이쳐홀딩스,⑤ 임차/관리비,건물관리비,2024,2904940000
더네이쳐홀딩스,⑤ 임차/관리비,건물관리비,2025,4643938000
더네이쳐홀딩스,⑤ 임차/관리비,사용권자산상각비,2024,12515331000
더네이쳐홀딩스,⑤ 임차/관리비,사용권자산상각비,2025,14491342000
더네이쳐홀딩스,⑤ 임차/관리비,수도광열비,2024,795618000
더네이쳐홀딩스,⑤ 임차/관리비,수도광열비,2025,997056000
더네이쳐홀딩스,⑤ 임차/관리비,지급임차료,2024,20662919000
더네이쳐홀딩스,⑤ 임차/관리비,지급임차료,2025,19613558000
더네이쳐홀딩스,⑥ 감가상각비,감가상각비,2024,13546187000
더네이쳐홀딩스,⑥ 감가상각비,감가상각비,2025,15088824000
더네이쳐홀딩스,⑥ 감가상각비,무형자산상각비,2024,708293000
더네이쳐홀딩스,⑥ 감가상각비,무형자산상각비,2025,794127000
더네이쳐홀딩스,⑦ 물류/운반비,운반비,2024,6764860000
더네이쳐홀딩스,⑦ 물류/운반비,운반비,2025,5547784000
더네이쳐홀딩스,⑨ 기타판관비,경상개발비,2024,962587000
더네이쳐홀딩스,⑨ 기타판관비,경상개발비,2025,759964000
더네이쳐홀딩스,⑨ 기타판관비,대손상각비,2024,28330000
더네이쳐홀딩스,⑨ 기타판관비,대손상각비,2025,219787000
더네이쳐홀딩스,⑨ 기타판관비,보험료,2024,1236824000
더네이쳐홀딩스,⑨ 기타판관비,보험료,2025,1395205000
더네이쳐홀딩스,⑨ 기타판관비,샘플비,2024,215313000
더네이쳐홀딩스,⑨ 기타판관비,샘플비,2025,132870000
더네이쳐홀딩스,⑨ 기타판관비,세금과공과,2024,2479246000
더네이쳐홀딩스,⑨ 기타판관비,세금과공과,2025,2290375000
더네이쳐홀딩스,⑨ 기타판관비,소모품비,2024,3778562000
더네이쳐홀딩스,⑨ 기타판관비,소모품비,2025,2854481000
더네이쳐홀딩스,⑨ 기타판관비,수선비,2024,519800000
더네이쳐홀딩스,⑨ 기타판관비,수선비,2025,596958000
더네이쳐홀딩스,⑨ 기타판관비,접대비,2024,672482000
더네이쳐홀딩스,⑨ 기타판관비,접대비,2025,433387000
더네이쳐홀딩스,⑨ 기타판관비,주식보상비용,2024,533939000
더네이쳐홀딩스,⑨ 기타판관비,주식보상비용,2025,-1172524000
더네이쳐홀딩스,⑨ 기타판관비,차량유지비,2024,94335000
더네이쳐홀딩스,⑨ 기타판관비,차량유지비,2025,78681000
더네이쳐홀딩스,⑨ 기타판관비,통신비,2024,277707000
더네이쳐홀딩스,⑨ 기타판관비,통신비,2025,316413000
더네이쳐홀딩스,리스부채,리스부채,2024,23514717508
더네이쳐홀딩스,리스부채,리스부채,2025,20803857450
더네이쳐홀딩스,부채총계,부채총계,2024,298690000000
더네이쳐홀딩스,부채총계,부채총계,2025,283182000000
더네이쳐홀딩스,사용권자산,사용권자산,2024,22485451506
더네이쳐홀딩스,사용권자산,사용권자산,2025,20073704828
더네이쳐홀딩스,순운전자본+,단기금융상품,2024,13574962000
더네이쳐홀딩스,순운전자본+,단기금융상품,2025,13245910000
더네이쳐홀딩스,순운전자본+,당기손익-공정가치측정금융자산,2024,5381947790
더네이쳐홀딩스,순운전자본+,당기손익-공정가치측정금융자산,2025,11753311988
더네이쳐홀딩스,순운전자본+,매출채권및기타채권,2024,47646079964
더네이쳐홀딩스,순운전자본+,매출채권및기타채권,2025,37773928482
더네이쳐홀딩스,순운전자본+,현금및현금성자산,2024,77109136988
더네이쳐홀딩스,순운전자본+,현금및현금성자산,2025,54766557558
더네이쳐홀딩스,순운전자본-,매입채무및기타채무,2024,55755670433
더네이쳐홀딩스,순운전자본-,매입채무및기타채무,2025,48553033486
더네이쳐홀딩스,순운전자본-,차입금,2024,156640000000
더네이쳐홀딩스,순운전자본-,차입금,2025,167890000000
더네이쳐홀딩스,영업활동현금흐름,영업활동으로인한현금흐름,2024,57579356456
더네이쳐홀딩스,영업활동현금흐름,영업활동으로인한현금흐름,2025,40952462379
더네이쳐홀딩스,이익잉여금,이익잉여금,2024,241579000000
더네이쳐홀딩스,이익잉여금,이익잉여금,2025,237203000000
더네이쳐홀딩스,자본총계,자본총계,2024,399624000000
더네이쳐홀딩스,자본총계,자본총계,2025,392722000000
더네이쳐홀딩스,자산총계,자산총계,2024,698315000000
더네이쳐홀딩스,자산총계,자산총계,2025,675904000000
더네이쳐홀딩스,재고자산,재고자산,2024,155924000000
더네이쳐홀딩스,재고자산,재고자산,2025,143492000000
더네이쳐홀딩스,재무활동현금흐름,재무활동으로인한현금흐름,2024,6977187657
더네이쳐홀딩스,재무활동현금흐름,재무활동으로인한현금흐름,2025,-23910507278
더네이쳐홀딩스,투자활동현금흐름,투자활동으로인한현금흐름,2024,-33107752602
더네이쳐홀딩스,투자활동현금흐름,투자활동으로인한현금흐름,2025,-38874008911
더네이쳐홀딩스,현금의 증감,현금및현금성자산의증감,2024,37641107428
더네이쳐홀딩스,현금의 증감,현금및현금성자산의증감,2025,-22342579430
더본코리아,Ⅰ. 매출액,매출액,2024,464151000000
더본코리아,Ⅰ. 매출액,매출액,2025,361239000000
더본코리아,Ⅱ. 매출원가,매출원가,2024,309509000000
더본코리아,Ⅱ. 매출원가,매출원가,2025,271561000000
더본코리아,Ⅲ. 매출총이익(Ⅰ - Ⅱ),매출총이익,2024,154642000000
더본코리아,Ⅲ. 매출총이익(Ⅰ - Ⅱ),매출총이익,2025,89677257655
더본코리아,Ⅳ. 판매비와 관리비,판매비와관리비,2024,118618000000
더본코리아,Ⅳ. 판매비와 관리비,판매비와관리비,2025,113356000000
더본코리아,Ⅴ. 영업손익(Ⅲ - Ⅳ),영업이익,2024,36023906701
더본코리아,Ⅴ. 영업손익(Ⅲ - Ⅳ),영업이익,2025,-23678680069
더본코리아,Ⅷ. 당기순손익(Ⅴ+Ⅵ-Ⅶ),당기순이익,2024,30992599183
더본코리아,Ⅷ. 당기순손익(Ⅴ+Ⅵ-Ⅶ),당기순이익,2025,-17393878663
더본코리아,① 인건비,"급여,판관비",2024,35041565000
더본코리아,① 인건비,"급여,판관비",2025,35121332000
더본코리아,① 인건비,"퇴직급여,판관비",2024,2569106000
더본코리아,① 인건비,"퇴직급여,판관비",2025,2957503000
더본코리아,② 복리후생비,"복리후생비,판관비",2024,1964505000
더본코리아,② 복리후생비,"복리후생비,판관비",2025,2335906000
더본코리아,② 복리후생비,"여비교통비,판관비",2024,1815336000
더본코리아,② 복리후생비,"여비교통비,판관비",2025,1739909000
더본코리아,② 복리후생비,"차량유지비,판관비",2024,120169000
더본코리아,② 복리후생비,"차량유지비,판관비",2025,116768000
더본코리아,③ 지급/용역수수료,"지급수수료,판관비",2024,23782590000
더본코리아,③ 지급/용역수수료,"지급수수료,판관비",2025,19736952000
더본코리아,④ 광고선전비,"판매촉진비,판관비",2024,5102375000
더본코리아,④ 광고선전비,"판매촉진비,판관비",2025,7672502000
더본코리아,⑤ 임차/관리비,"사용권자산상각비,판관비",2024,3800136000
더본코리아,⑤ 임차/관리비,"사용권자산상각비,판관비",2025,3103984000
더본코리아,⑤ 임차/관리비,"수도광열비,판관비",2024,1985887000
더본코리아,⑤ 임차/관리비,"수도광열비,판관비",2025,2144546000
더본코리아,⑤ 임차/관리비,"지급임차료,판관비",2024,1154191000
더본코리아,⑤ 임차/관리비,"지급임차료,판관비",2025,1588272000
더본코리아,⑥ 감가상각비,"감가상각비,판관비",2024,2588940000
더본코리아,⑥ 감가상각비,"감가상각비,판관비",2025,2495620000
더본코리아,⑥ 감가상각비,"무형자산상각비,판관비",2024,574400000
더본코리아,⑥ 감가상각비,"무형자산상각비,판관비",2025,562615000
더본코리아,⑦ 물류/운반비,"운반비,판관비",2024,30127909000
더본코리아,⑦ 물류/운반비,"운반비,판관비",2025,27490709000
더본코리아,⑨ 기타판관비,기타판매비와관리비,2024,947417000
더본코리아,⑨ 기타판관비,기타판매비와관리비,2025,947153000
더본코리아,⑨ 기타판관비,"보험료,판관비",2024,906569000
더본코리아,⑨ 기타판관비,"보험료,판관비",2025,1006813000
더본코리아,⑨ 기타판관비,"세금과공과,판관비",2024,2494569000
더본코리아,⑨ 기타판관비,"세금과공과,판관비",2025,2040544000
더본코리아,⑨ 기타판관비,"소모품비,판관비",2024,2187359000
더본코리아,⑨ 기타판관비,"소모품비,판관비",2025,1983989000
더본코리아,⑨ 기타판관비,"접대비,판관비",2024,106963000
더본코리아,⑨ 기타판관비,"접대비,판관비",2025,168291000
더본코리아,⑨ 기타판관비,주식보상비용,2024,1347926000
더본코리아,⑨ 기타판관비,주식보상비용,2025,142530000
더본코리아,리스부채,리스부채,2024,6547707061
더본코리아,리스부채,리스부채,2025,5690365677
더본코리아,부채총계,부채총계,2024,85109581494
더본코리아,부채총계,부채총계,2025,57267973538
더본코리아,사용권자산,사용권자산,2024,3721684009
더본코리아,사용권자산,사용권자산,2025,3238389105
더본코리아,순운전자본+,기타금융자산,2024,11516056244
더본코리아,순운전자본+,기타금융자산,2025,9544774415
더본코리아,순운전자본+,단기금융상품,2024,191068000000
더본코리아,순운전자본+,단기금융상품,2025,165398000000
더본코리아,순운전자본+,매출채권,2024,10472919977
더본코리아,순운전자본+,매출채권,2025,6917585751
더본코리아,순운전자본+,현금및현금성자산,2024,37489809740
더본코리아,순운전자본+,현금및현금성자산,2025,15938786832
더본코리아,순운전자본-,기타금융부채,2024,27187572931
더본코리아,순운전자본-,기타금융부채,2025,19785243003
더본코리아,순운전자본-,매입채무,2024,28750347064
더본코리아,순운전자본-,매입채무,2025,21217184762
더본코리아,순운전자본-,차입금,2024,1205080000
더본코리아,순운전자본-,차입금,2025,400000000
더본코리아,영업활동현금흐름,영업활동현금흐름,2024,45886589006
더본코리아,영업활동현금흐름,영업활동현금흐름,2025,-29003479270
더본코리아,이익잉여금,이익잉여금,2024,146954000000
더본코리아,이익잉여금,이익잉여금,2025,126028000000
더본코리아,자본총계,자본총계,2024,267588000000
더본코리아,자본총계,자본총계,2025,245998000000
더본코리아,자산총계,자산총계,2024,352697000000
더본코리아,자산총계,자산총계,2025,303266000000
더본코리아,재고자산,재고자산,2024,17717268365
더본코리아,재고자산,재고자산,2025,13585796572
더본코리아,재무활동현금흐름,재무활동현금흐름,2024,95285619632
더본코리아,재무활동현금흐름,재무활동현금흐름,2025,-7063983343
더본코리아,투자활동현금흐름,투자활동현금흐름,2024,-142914000000
더본코리아,투자활동현금흐름,투자활동현금흐름,2025,14631614412
더본코리아,현금의 증감,현금및현금성자산의순증가,2024,-1658957189
더본코리아,현금의 증감,현금및현금성자산의순증가,2025,-21551022908
더블유게임즈,Ⅰ. 매출액,영업수익,2024,633474000000
더블유게임즈,Ⅰ. 매출액,영업수익,2025,719897000000
더블유게임즈,Ⅳ. 판매비와 관리비,영업비용,2024,384740000000
더블유게임즈,Ⅳ. 판매비와 관리비,영업비용,2025,487763000000
더블유게임즈,Ⅴ. 영업손익(Ⅲ - Ⅳ),영업이익,2024,248734000000
더블유게임즈,Ⅴ. 영업손익(Ⅲ - Ⅳ),영업이익,2025,232134000000
더블유게임즈,Ⅷ. 당기순손익(Ⅴ+Ⅵ-Ⅶ),당기순이익,2024,243321000000
더블유게임즈,Ⅷ. 당기순손익(Ⅴ+Ⅵ-Ⅶ),당기순이익,2025,179811000000
더블유게임즈,① 인건비,급여,2024,25957107534
더블유게임즈,① 인건비,급여,2025,33107869986
더블유게임즈,① 인건비,기타장기종업원급여,2024,-1467421
더블유게임즈,① 인건비,기타장기종업원급여,2025,76369159
더블유게임즈,① 인건비,당기손익에포함되는퇴직급여비용,2024,-546553265
더블유게임즈,① 인건비,당기손익에포함되는퇴직급여비용,2025,1252281757
더블유게임즈,① 인건비,상여,2024,16291712727
더블유게임즈,① 인건비,상여,2025,7836699905
더블유게임즈,② 복리후생비,복리후생비,2024,3675514254
더블유게임즈,② 복리후생비,복리후생비,2025,4756142470
더블유게임즈,② 복리후생비,여비교통비,2024,877409168
더블유게임즈,② 복리후생비,여비교통비,2025,562557913
더블유게임즈,③ 지급/용역수수료,지급수수료,2024,202990000000
더블유게임즈,③ 지급/용역수수료,지급수수료,2025,212532000000
더블유게임즈,④ 광고선전비,광고선전비,2024,67091393418
더블유게임즈,④ 광고선전비,광고선전비,2025,133845000000
더블유게임즈,⑤ 임차/관리비,건물관리비,2024,450818550
더블유게임즈,⑤ 임차/관리비,건물관리비,2025,410820393
더블유게임즈,⑤ 임차/관리비,임차료,2024,286947292
더블유게임즈,⑤ 임차/관리비,임차료,2025,85627503
더블유게임즈,⑥ 감가상각비,감가상각비,2024,680410928
더블유게임즈,⑥ 감가상각비,감가상각비,2025,1045155266
더블유게임즈,⑥ 감가상각비,"감가상각비,사용권자산",2024,7431579320
더블유게임즈,⑥ 감가상각비,"감가상각비,사용권자산",2025,7331295350
더블유게임즈,⑥ 감가상각비,무형자산상각비,2024,4295784985
더블유게임즈,⑥ 감가상각비,무형자산상각비,2025,11732565301
더블유게임즈,⑨ 기타판관비,경상개발비,2024,41089104406
더블유게임즈,⑨ 기타판관비,경상개발비,2025,43603942990
더블유게임즈,⑨ 기타판관비,기타영업비용,2024,2717377925
더블유게임즈,⑨ 기타판관비,기타영업비용,2025,3877508414
더블유게임즈,⑨ 기타판관비,대손상각비,2024,0
더블유게임즈,⑨ 기타판관비,대손상각비,2025,47575750
더블유게임즈,⑨ 기타판관비,세금과공과,2024,11451335915
더블유게임즈,⑨ 기타판관비,세금과공과,2025,25651400580
더블유게임즈,⑨ 기타판관비,접대비,2024,1210000
더블유게임즈,⑨ 기타판관비,접대비,2025,9243520
더블유게임즈,리스부채,비유동리스부채,2024,18488040309
더블유게임즈,리스부채,비유동리스부채,2025,14093074808
더블유게임즈,리스부채,유동리스부채,2024,7264937910
더블유게임즈,리스부채,유동리스부채,2025,7832675773
더블유게임즈,부채총계,부채총계,2024,89908330956
더블유게임즈,부채총계,부채총계,2025,195498000000
더블유게임즈,사용권자산,사용권자산,2024,25478999185
더블유게임즈,사용권자산,사용권자산,2025,21006787054
더블유게임즈,순운전자본+,기타유동금융자산,2024,5480588877
더블유게임즈,순운전자본+,기타유동금융자산,2025,3816267360
더블유게임즈,순운전자본+,단기금융상품,2024,262292000000
더블유게임즈,순운전자본+,단기금융상품,2025,270545000000
더블유게임즈,순운전자본+,당기손익-공정가치측정금융자산,2024,11206314815
더블유게임즈,순운전자본+,당기손익-공정가치측정금융자산,2025,17687062267
더블유게임즈,순운전자본+,매출채권및기타채권,2024,60458298219
더블유게임즈,순운전자본+,매출채권및기타채권,2025,70036244009
더블유게임즈,순운전자본+,현금및현금성자산,2024,545550000000
더블유게임즈,순운전자본+,현금및현금성자산,2025,569920000000
더블유게임즈,순운전자본-,매입채무및기타채무,2024,27289415330
더블유게임즈,순운전자본-,매입채무및기타채무,2025,55661276144
더블유게임즈,영업활동현금흐름,영업활동으로인한현금흐름,2024,274744000000
더블유게임즈,영업활동현금흐름,영업활동으로인한현금흐름,2025,236934000000
더블유게임즈,이익잉여금,이익잉여금,2024,701818000000
더블유게임즈,이익잉여금,이익잉여금,2025,1009280000000
더블유게임즈,자본총계,자본총계,2024,1556370000000
더블유게임즈,자본총계,자본총계,2025,1652360000000
더블유게임즈,자산총계,자산총계,2024,1646280000000
더블유게임즈,자산총계,자산총계,2025,1847860000000
더블유게임즈,재무활동현금흐름,재무활동현금흐름,2024,-43418506339
더블유게임즈,재무활동현금흐름,재무활동현금흐름,2025,-65570671450
더블유게임즈,투자활동현금흐름,투자활동으로인한현금흐름,2024,-33012957919
더블유게임즈,투자활동현금흐름,투자활동으로인한현금흐름,2025,-132757000000
더블유게임즈,현금의 증감,현금및현금성자산의증가,2024,198312000000
더블유게임즈,현금의 증감,현금및현금성자산의증가,2025,38606336918
더파운더즈,Ⅰ. 매출액,매출액,2024,427765996615
더파운더즈,Ⅰ. 매출액,매출액,2025,717669978947
더파운더즈,Ⅱ. 매출원가,매출원가,2024,120039226783
더파운더즈,Ⅱ. 매출원가,매출원가,2025,203435241411
더파운더즈,Ⅲ. 매출총이익(Ⅰ - Ⅱ),매출총이익,2024,307726769832
더파운더즈,Ⅲ. 매출총이익(Ⅰ - Ⅱ),매출총이익,2025,514234737536
더파운더즈,Ⅳ. 판매비와 관리비,판매비와관리비,2024,162039302501
더파운더즈,Ⅳ. 판매비와 관리비,판매비와관리비,2025,384742798674
더파운더즈,Ⅴ. 영업손익(Ⅲ - Ⅳ),영업이익,2024,145687467331
더파운더즈,Ⅴ. 영업손익(Ⅲ - Ⅳ),영업이익,2025,129491938862
더파운더즈,Ⅷ. 당기순손익(Ⅴ+Ⅵ-Ⅶ),당기순이익,2024,116522538356
더파운더즈,Ⅷ. 당기순손익(Ⅴ+Ⅵ-Ⅶ),당기순이익,2025,86638789316
더파운더즈,① 인건비,급여,2024,14855242000
더파운더즈,① 인건비,급여,2025,86577539000
더파운더즈,① 인건비,복리후생비,2024,1209426000
더파운더즈,① 인건비,복리후생비,2025,1874542000
더파운더즈,① 인건비,퇴직급여,2024,1948559000
더파운더즈,① 인건비,퇴직급여,2025,4814526000
더파운더즈,③ 지급/용역수수료,수출제비용,2024,48261484000
더파운더즈,③ 지급/용역수수료,수출제비용,2025,85036666000
더파운더즈,③ 지급/용역수수료,외주용역비,2024,241200000
더파운더즈,③ 지급/용역수수료,지급수수료,2024,9125320000
더파운더즈,③ 지급/용역수수료,지급수수료,2025,14541560000
더파운더즈,③ 지급/용역수수료,판매수수료,2024,26914011000
더파운더즈,③ 지급/용역수수료,판매수수료,2025,41154166000
더파운더즈,④ 광고선전비,광고선전비,2024,45187892000
더파운더즈,④ 광고선전비,광고선전비,2025,117950857000
더파운더즈,⑤ 임차/관리비,건물관리비,2024,717379000
더파운더즈,⑤ 임차/관리비,건물관리비,2025,1038760000
더파운더즈,⑤ 임차/관리비,지급임차료,2024,2617921000
더파운더즈,⑤ 임차/관리비,지급임차료,2025,4219410000
더파운더즈,⑥ 감가상각비,감가상각비,2024,662508000
더파운더즈,⑥ 감가상각비,감가상각비,2025,1718308000
더파운더즈,⑥ 감가상각비,무형자산상각비,2024,120960000
더파운더즈,⑥ 감가상각비,무형자산상각비,2025,560185000
더파운더즈,⑦ 물류/운반비,물류비,2024,7317776000
더파운더즈,⑦ 물류/운반비,물류비,2025,18971560000
더파운더즈,⑦ 물류/운반비,운반비,2024,101193000
더파운더즈,⑦ 물류/운반비,운반비,2025,108240000
더파운더즈,⑨ 기타판관비,경상연구개발비,2024,6948000
더파운더즈,⑨ 기타판관비,경상연구개발비,2025,64045000
더파운더즈,⑨ 기타판관비,교육훈련비,2025,19458000
더파운더즈,⑨ 기타판관비,대손상각비,2025,4635000
더파운더즈,⑨ 기타판관비,도서인쇄비,2024,15387000
더파운더즈,⑨ 기타판관비,도서인쇄비,2025,24833000
더파운더즈,⑨ 기타판관비,리스료,2024,272376000
더파운더즈,⑨ 기타판관비,리스료,2025,353491000
더파운더즈,⑨ 기타판관비,보험료,2024,236847000
더파운더즈,⑨ 기타판관비,보험료,2025,661191000
더파운더즈,⑨ 기타판관비,사무용품비,2024,49141000
더파운더즈,⑨ 기타판관비,사무용품비,2025,76482000
더파운더즈,⑨ 기타판관비,세금과공과,2024,660214000
더파운더즈,⑨ 기타판관비,세금과공과,2025,926381000
더파운더즈,⑨ 기타판관비,소모품비,2024,306504000
더파운더즈,⑨ 기타판관비,소모품비,2025,872475000
더파운더즈,⑨ 기타판관비,업무추진비,2024,399521000
더파운더즈,⑨ 기타판관비,업무추진비,2025,1027978000
더파운더즈,⑨ 기타판관비,여비교통비,2024,533063000
더파운더즈,⑨ 기타판관비,여비교통비,2025,1995944000
더파운더즈,⑨ 기타판관비,인력개발비,2024,5014000
더파운더즈,⑨ 기타판관비,집기제작비,2024,216368000
더파운더즈,⑨ 기타판관비,차량유지비,2024,13755000
더파운더즈,⑨ 기타판관비,차량유지비,2025,33487000
더파운더즈,⑨ 기타판관비,통신비,2024,43294000
더파운더즈,⑨ 기타판관비,통신비,2025,116080000
더파운더즈,부채총계,부채총계,2024,58643333052
더파운더즈,부채총계,부채총계,2025,205439330126
더파운더즈,순운전자본+,단기금융상품,2024,2000000000
더파운더즈,순운전자본+,단기매매증권,2024,3966058109
더파운더즈,순운전자본+,단기매매증권,2025,74995397783
더파운더즈,순운전자본+,매출채권,2024,32491210898
더파운더즈,순운전자본+,매출채권,2025,53013411165
더파운더즈,순운전자본+,미수금,2024,17229976659
더파운더즈,순운전자본+,미수금,2025,10238079868
더파운더즈,순운전자본+,현금및현금성자산,2024,66808539304
더파운더즈,순운전자본+,현금및현금성자산,2025,132444881291
더파운더즈,순운전자본-,단기차입금,2025,80000000000
더파운더즈,순운전자본-,매입채무,2024,12193241285
더파운더즈,순운전자본-,매입채무,2025,20527317040
더파운더즈,순운전자본-,미지급금,2024,7205025096
더파운더즈,순운전자본-,미지급금,2025,12051426394
더파운더즈,순운전자본-,미지급비용,2024,2761526409
더파운더즈,순운전자본-,미지급비용,2025,33881481922
더파운더즈,순운전자본-,선수금,2024,1231062375
더파운더즈,순운전자본-,선수금,2025,1533782653
더파운더즈,순운전자본-,예수금,2024,1183240452
더파운더즈,순운전자본-,예수금,2025,3373423904
더파운더즈,영업활동현금흐름,영업활동으로인한현금흐름,2024,68795410988
더파운더즈,영업활동현금흐름,영업활동으로인한현금흐름,2025,75493771207
더파운더즈,이익잉여금,이익잉여금,2024,157422268021
더파운더즈,이익잉여금,이익잉여금,2025,244061057337
더파운더즈,자본총계,자본총계,2024,157528739920
더파운더즈,자본총계,자본총계,2025,243207983704
더파운더즈,자산총계,자산총계,2024,216172072972
더파운더즈,자산총계,자산총계,2025,448647313830
더파운더즈,재고자산,재고자산,2024,61820975067
더파운더즈,재고자산,재고자산,2025,98732204286
더파운더즈,재무활동현금흐름,재무활동으로인한현금흐름,2024,-9999720000
더파운더즈,재무활동현금흐름,재무활동으로인한현금흐름,2025,80000000000
더파운더즈,투자활동현금흐름,투자활동으로인한현금흐름,2024,-22335396193
더파운더즈,투자활동현금흐름,투자활동으로인한현금흐름,2025,-89472266616
더파운더즈,현금의 증감,현금의증가,2024,36460294795
더파운더즈,현금의 증감,현금의증가,2025,66021504591
데브시스터즈,Ⅰ. 매출액,영업수익,2024,236186554886
데브시스터즈,Ⅰ. 매출액,영업수익,2025,295578347074
데브시스터즈,Ⅳ. 판매비와 관리비,영업비용,2024,209001458165
데브시스터즈,Ⅳ. 판매비와 관리비,영업비용,2025,289228148879
데브시스터즈,Ⅴ. 영업손익(Ⅲ - Ⅳ),영업이익,2024,27185096721
데브시스터즈,Ⅴ. 영업손익(Ⅲ - Ⅳ),영업이익,2025,6350198195
데브시스터즈,Ⅷ. 당기순손익(Ⅴ+Ⅵ-Ⅶ),당기순이익,2024,28271330928
데브시스터즈,Ⅷ. 당기순손익(Ⅴ+Ⅵ-Ⅶ),당기순이익,2025,10804699019
데브시스터즈,① 인건비,당기손익에포함되는퇴직급여비용,2024,5092407000
데브시스터즈,① 인건비,당기손익에포함되는퇴직급여비용,2025,5509047000
데브시스터즈,① 인건비,임금,2024,56323048000
데브시스터즈,① 인건비,임금,2025,62956002000
데브시스터즈,② 복리후생비,복리후생비,2024,7991189000
데브시스터즈,② 복리후생비,복리후생비,2025,10990278000
데브시스터즈,② 복리후생비,여비,2024,1260055000
데브시스터즈,② 복리후생비,여비,2025,1635819000
데브시스터즈,③ 지급/용역수수료,기타수수료비용,2024,1456364000
데브시스터즈,③ 지급/용역수수료,기타수수료비용,2025,959579000
데브시스터즈,③ 지급/용역수수료,외주용역비,2024,3321322000
데브시스터즈,③ 지급/용역수수료,외주용역비,2025,3749902000
데브시스터즈,③ 지급/용역수수료,지급수수료,2024,82294433000
데브시스터즈,③ 지급/용역수수료,지급수수료,2025,105051065000
데브시스터즈,④ 광고선전비,광고비,2024,22452006000
데브시스터즈,④ 광고선전비,광고비,2025,69709407000
데브시스터즈,⑤ 임차/관리비,임차관리비,2024,1458904000
데브시스터즈,⑤ 임차/관리비,임차관리비,2025,1364019000
데브시스터즈,⑤ 임차/관리비,임차료,2024,312322000
데브시스터즈,⑤ 임차/관리비,임차료,2025,397021000
데브시스터즈,⑤ 임차/관리비,통신비,2024,236360000
데브시스터즈,⑤ 임차/관리비,통신비,2025,213444000
데브시스터즈,⑥ 감가상각비,감가상각비,2024,3927439000
데브시스터즈,⑥ 감가상각비,감가상각비,2025,3948250000
데브시스터즈,⑥ 감가상각비,"감가상각비,사용권자산",2024,5651931000
데브시스터즈,⑥ 감가상각비,"감가상각비,사용권자산",2025,5651351000
데브시스터즈,⑥ 감가상각비,무형자산상각비,2024,345265000
데브시스터즈,⑥ 감가상각비,무형자산상각비,2025,300232000
데브시스터즈,⑨ 기타판관비,기타비용,2024,1103216000
데브시스터즈,⑨ 기타판관비,기타비용,2025,1367630000
데브시스터즈,⑨ 기타판관비,대손상각비,2024,245489000
데브시스터즈,⑨ 기타판관비,대손상각비,2025,60000000
데브시스터즈,⑨ 기타판관비,보험료,2024,3926421000
데브시스터즈,⑨ 기타판관비,보험료,2025,4175689000
데브시스터즈,⑨ 기타판관비,상품매출원가,2024,1623332000
데브시스터즈,⑨ 기타판관비,상품매출원가,2025,3660253000
데브시스터즈,⑨ 기타판관비,세금과공과,2024,3639249000
데브시스터즈,⑨ 기타판관비,세금과공과,2025,3266387000
데브시스터즈,⑨ 기타판관비,소모품비,2024,235530000
데브시스터즈,⑨ 기타판관비,소모품비,2025,428961000
데브시스터즈,⑨ 기타판관비,연구와개발비용,2024,3302015000
데브시스터즈,⑨ 기타판관비,연구와개발비용,2025,3585798000
데브시스터즈,⑨ 기타판관비,재고자산평가손실,2024,11697000
데브시스터즈,⑨ 기타판관비,재고자산평가손실환입,2025,-851705000
데브시스터즈,⑨ 기타판관비,종업원주식기준보상거래로부터의비용,2024,2791464000
데브시스터즈,⑨ 기타판관비,종업원주식기준보상거래로부터의비용,2025,1099720000
데브시스터즈,리스부채,비유동리스부채,2024,2505914657
데브시스터즈,리스부채,비유동리스부채,2025,4344147283
데브시스터즈,리스부채,유동리스부채,2024,5673148763
데브시스터즈,리스부채,유동리스부채,2025,5804189134
데브시스터즈,부채총계,부채총계,2024,106219465941
데브시스터즈,부채총계,부채총계,2025,133273486321
데브시스터즈,사용권자산,사용권자산,2024,7950565743
데브시스터즈,사용권자산,사용권자산,2025,10304439399
데브시스터즈,순운전자본+,기타유동금융자산,2024,89659889171
데브시스터즈,순운전자본+,기타유동금융자산,2025,112681173019
데브시스터즈,순운전자본+,유동매출채권,2024,17581730381
데브시스터즈,순운전자본+,유동매출채권,2025,21675119262
데브시스터즈,순운전자본+,현금및현금성자산,2024,10834807152
데브시스터즈,순운전자본+,현금및현금성자산,2025,12035223609
데브시스터즈,순운전자본-,기타유동금융부채,2024,11778449465
데브시스터즈,순운전자본-,기타유동금융부채,2025,13282219644
데브시스터즈,순운전자본-,매입채무및기타유동채무,2024,12305929656
데브시스터즈,순운전자본-,매입채무및기타유동채무,2025,12330524228
데브시스터즈,영업활동현금흐름,영업활동현금흐름,2024,45059194354
데브시스터즈,영업활동현금흐름,영업활동현금흐름,2025,8302385059
데브시스터즈,이익잉여금,이익잉여금,2024,18140830214
데브시스터즈,이익잉여금,이익잉여금,2025,27666442921
데브시스터즈,자본총계,자본총계,2024,154148055027
데브시스터즈,자본총계,자본총계,2025,169453650588
데브시스터즈,자산총계,자산총계,2024,260367520968
데브시스터즈,자산총계,자산총계,2025,302727136909
데브시스터즈,재고자산,유동재고자산,2024,412881241
데브시스터즈,재고자산,유동재고자산,2025,1160815337
데브시스터즈,재무활동현금흐름,재무활동현금흐름,2024,-8271194788
데브시스터즈,재무활동현금흐름,재무활동현금흐름,2025,27755479013
데브시스터즈,투자활동현금흐름,투자활동현금흐름,2024,-34518913191
데브시스터즈,투자활동현금흐름,투자활동현금흐름,2025,-34828241500
데브시스터즈,현금의 증감,환율변동효과반영전현금및현금성자산의순증가,2024,2269086375
데브시스터즈,현금의 증감,환율변동효과반영전현금및현금성자산의순증가,2025,1229622572
데이블,Ⅰ. 매출액,영업수익,2024,32664776905
데이블,Ⅰ. 매출액,영업수익,2025,29318227090
데이블,Ⅳ. 판매비와 관리비,영업비용,2024,30914177792
데이블,Ⅳ. 판매비와 관리비,영업비용,2025,29236724843
데이블,Ⅴ. 영업손익(Ⅲ - Ⅳ),영업이익,2024,1750599113
데이블,Ⅴ. 영업손익(Ⅲ - Ⅳ),영업이익,2025,81502247
데이블,Ⅷ. 당기순손익(Ⅴ+Ⅵ-Ⅶ),당기순이익,2024,2224229444
데이블,Ⅷ. 당기순손익(Ⅴ+Ⅵ-Ⅶ),당기순이익,2025,201162092
데이블,① 인건비,잡급,2024,18691613
데이블,① 인건비,잡급,2025,16805265
데이블,① 인건비,직원급여,2024,3301700074
데이블,① 인건비,직원급여,2025,3206527573
데이블,① 인건비,퇴직급여,2024,422014653
데이블,① 인건비,퇴직급여,2025,430907705
데이블,② 복리후생비,교육훈련비,2024,5301179
데이블,② 복리후생비,교육훈련비,2025,10712856
데이블,② 복리후생비,도서인쇄비,2024,157261
데이블,② 복리후생비,도서인쇄비,2025,124953
데이블,② 복리후생비,복리후생비,2024,795124039
데이블,② 복리후생비,복리후생비,2025,834965825
데이블,② 복리후생비,여비교통비,2024,47512174
데이블,② 복리후생비,여비교통비,2025,31408682
데이블,③ 지급/용역수수료,대행사수수료,2024,259614608
데이블,③ 지급/용역수수료,대행사수수료,2025,317861323
데이블,③ 지급/용역수수료,매체사수수료,2024,13738548854
데이블,③ 지급/용역수수료,매체사수수료,2025,12060707561
데이블,③ 지급/용역수수료,외주용역비,2024,277142025
데이블,③ 지급/용역수수료,외주용역비,2025,137716153
데이블,③ 지급/용역수수료,지급수수료,2024,5813574787
데이블,③ 지급/용역수수료,지급수수료,2025,6020825980
데이블,③ 지급/용역수수료,클라우드서버비,2024,1783945251
데이블,③ 지급/용역수수료,클라우드서버비,2025,1986934527
데이블,④ 광고선전비,광고선전비,2024,44844700
데이블,④ 광고선전비,광고선전비,2025,25228633
데이블,⑤ 임차/관리비,사용권자산상각비,2024,352457718
데이블,⑤ 임차/관리비,사용권자산상각비,2025,365713462
데이블,⑤ 임차/관리비,지급임차료,2024,283451990
데이블,⑤ 임차/관리비,지급임차료,2025,81833469
데이블,⑦ 물류/운반비,운반비,2024,750520
데이블,⑦ 물류/운반비,운반비,2025,653172
데이블,⑨ 기타판관비,경상연구개발비,2024,2974624368
데이블,⑨ 기타판관비,경상연구개발비,2025,2884707485
데이블,⑨ 기타판관비,보험료,2024,26936155
데이블,⑨ 기타판관비,보험료,2025,18345548
데이블,⑨ 기타판관비,세금과공과금,2024,66985340
데이블,⑨ 기타판관비,세금과공과금,2025,82505562
데이블,⑨ 기타판관비,소모품비,2024,110577567
데이블,⑨ 기타판관비,소모품비,2025,117365560
데이블,⑨ 기타판관비,접대비,2024,30628946
데이블,⑨ 기타판관비,접대비,2025,36107353
데이블,⑨ 기타판관비,주식보상비용,2024,557099583
데이블,⑨ 기타판관비,주식보상비용,2025,566776813
데이블,⑨ 기타판관비,통신비,2024,2494387
데이블,⑨ 기타판관비,통신비,2025,1989383
데이블,부채총계,부채총계,2024,5805781226
데이블,부채총계,부채총계,2025,4134299167
데이블,순운전자본+,매출채권및기타채권,2024,2688948175
데이블,순운전자본+,매출채권및기타채권,2025,1931795589
데이블,순운전자본+,현금및현금성자산,2024,9055991281
데이블,순운전자본+,현금및현금성자산,2025,8606823620
데이블,순운전자본-,매입채무및기타채무,2024,3774214533
데이블,순운전자본-,매입채무및기타채무,2025,2641136957
데이블,영업활동현금흐름,영업활동으로인한현금흐름,2024,3398517920
데이블,영업활동현금흐름,영업활동으로인한현금흐름,2025,-196003024
데이블,이익잉여금,결손금,2024,-42630466465
데이블,이익잉여금,결손금,2025,-42529529802
데이블,자본총계,자본총계,2024,7176915871
데이블,자본총계,자본총계,2025,7967322461
데이블,자산총계,자산총계,2024,12982697097
데이블,자산총계,자산총계,2025,12101621628
데이블,재무활동현금흐름,재무활동으로인한현금흐름,2024,-144478291
데이블,재무활동현금흐름,재무활동으로인한현금흐름,2025,-220307558
데이블,투자활동현금흐름,투자활동으로인한현금흐름,2024,47967625
데이블,투자활동현금흐름,투자활동으로인한현금흐름,2025,-23783664
데이블,현금의 증감,현금및현금성자산의순증감,2024,3302007254
데이블,현금의 증감,현금및현금성자산의순증감,2025,-440094246
데이원컴퍼니,Ⅰ. 매출액,영업수익,2024,127680095673
데이원컴퍼니,Ⅰ. 매출액,영업수익,2025,123860403525
데이원컴퍼니,Ⅳ. 판매비와 관리비,영업비용,2024,127966855213
데이원컴퍼니,Ⅳ. 판매비와 관리비,영업비용,2025,119288824803
데이원컴퍼니,Ⅴ. 영업손익(Ⅲ - Ⅳ),영업이익,2024,-286759540
데이원컴퍼니,Ⅴ. 영업손익(Ⅲ - Ⅳ),영업이익,2025,4571578722
데이원컴퍼니,Ⅷ. 당기순손익(Ⅴ+Ⅵ-Ⅶ),당기순이익,2024,-1611173207
데이원컴퍼니,Ⅷ. 당기순손익(Ⅴ+Ⅵ-Ⅶ),당기순이익,2025,4739762970
데이원컴퍼니,① 인건비,직원급여,2024,24689434000
데이원컴퍼니,① 인건비,직원급여,2025,25833067000
데이원컴퍼니,① 인건비,퇴직급여,2024,1961470000
데이원컴퍼니,① 인건비,퇴직급여,2025,2121919000
데이원컴퍼니,② 복리후생비,복리후생비,2024,2198569000
데이원컴퍼니,② 복리후생비,복리후생비,2025,2463964000
데이원컴퍼니,③ 지급/용역수수료,지급수수료,2024,45199767000
데이원컴퍼니,③ 지급/용역수수료,지급수수료,2025,38553629000
데이원컴퍼니,④ 광고선전비,광고선전비,2024,33442984000
데이원컴퍼니,④ 광고선전비,광고선전비,2025,24394350000
데이원컴퍼니,④ 광고선전비,판매촉진비,2024,891256000
데이원컴퍼니,④ 광고선전비,판매촉진비,2025,1126800000
데이원컴퍼니,⑤ 임차/관리비,수도광열비,2024,15355000
데이원컴퍼니,⑤ 임차/관리비,수도광열비,2025,17309000
데이원컴퍼니,⑤ 임차/관리비,지급임차료,2024,1214755000
데이원컴퍼니,⑤ 임차/관리비,지급임차료,2025,1503373000
데이원컴퍼니,⑥ 감가상각비,감가상각비,2024,5986664000
데이원컴퍼니,⑥ 감가상각비,감가상각비,2025,6072021000
데이원컴퍼니,⑥ 감가상각비,무형자산상각비,2024,317014000
데이원컴퍼니,⑥ 감가상각비,무형자산상각비,2025,5804324000
데이원컴퍼니,⑦ 물류/운반비,운반비,2024,463272000
데이원컴퍼니,⑦ 물류/운반비,운반비,2025,296747000
데이원컴퍼니,⑨ 기타판관비,기타,2024,6831119000
데이원컴퍼니,⑨ 기타판관비,기타,2025,6966852000
데이원컴퍼니,⑨ 기타판관비,대손상각비,2024,7707000
데이원컴퍼니,⑨ 기타판관비,보험료,2024,463367000
데이원컴퍼니,⑨ 기타판관비,보험료,2025,498471000
데이원컴퍼니,⑨ 기타판관비,세금과공과금,2024,1579487000
데이원컴퍼니,⑨ 기타판관비,세금과공과금,2025,1673373000
데이원컴퍼니,⑨ 기타판관비,전력비,2024,36730000
데이원컴퍼니,⑨ 기타판관비,전력비,2025,40548000
데이원컴퍼니,⑨ 기타판관비,주식보상비용,2024,80998000
데이원컴퍼니,⑨ 기타판관비,주식보상비용,2025,-5104000
데이원컴퍼니,리스부채,리스부채,2024,11813650541
데이원컴퍼니,리스부채,리스부채,2025,6824967517
데이원컴퍼니,부채총계,부채총계,2024,37338401136
데이원컴퍼니,부채총계,부채총계,2025,36422750619
데이원컴퍼니,사용권자산,사용권자산,2024,10355895939
데이원컴퍼니,사용권자산,사용권자산,2025,6032003839
데이원컴퍼니,순운전자본+,기타유동금융자산,2024,18578657610
데이원컴퍼니,순운전자본+,기타유동금융자산,2025,36075916314
데이원컴퍼니,순운전자본+,매출채권,2024,7973112044
데이원컴퍼니,순운전자본+,매출채권,2025,16310966870
데이원컴퍼니,순운전자본+,현금및현금성자산,2024,8272510659
데이원컴퍼니,순운전자본+,현금및현금성자산,2025,1616060658
데이원컴퍼니,순운전자본-,단기차입금,2024,0
데이원컴퍼니,순운전자본-,단기차입금,2025,755000000
데이원컴퍼니,순운전자본-,매입채무,2024,611354074
데이원컴퍼니,순운전자본-,매입채무,2025,338301247
데이원컴퍼니,영업활동현금흐름,영업활동으로인한현금흐름,2024,2994058085
데이원컴퍼니,영업활동현금흐름,영업활동으로인한현금흐름,2025,8275969559
데이원컴퍼니,이익잉여금,이익잉여금,2024,-75924029132
데이원컴퍼니,이익잉여금,이익잉여금,2025,4626030654
데이원컴퍼니,자본총계,자본총계,2024,23665561742
데이원컴퍼니,자본총계,자본총계,2025,45351035800
데이원컴퍼니,자산총계,자산총계,2024,61003962878
데이원컴퍼니,자산총계,자산총계,2025,81773786419
데이원컴퍼니,재고자산,재고자산,2024,1162664119
데이원컴퍼니,재고자산,재고자산,2025,542813170
데이원컴퍼니,재무활동현금흐름,재무활동으로인한현금흐름,2024,-5237834282
데이원컴퍼니,재무활동현금흐름,재무활동으로인한현금흐름,2025,10279141131
데이원컴퍼니,투자활동현금흐름,투자활동현금흐름,2024,2453782218
데이원컴퍼니,투자활동현금흐름,투자활동현금흐름,2025,-25214392511
데이원컴퍼니,현금의 증감,현금및현금성자산의증가,2024,210006021
데이원컴퍼니,현금의 증감,현금및현금성자산의증가,2025,-6659281821
도미노피자,Ⅰ. 매출액,매출액,2024,201182000000
도미노피자,Ⅰ. 매출액,매출액,2025,210729000000
도미노피자,Ⅱ. 매출원가,매출원가,2024,124821000000
도미노피자,Ⅱ. 매출원가,매출원가,2025,137954000000
도미노피자,Ⅲ. 매출총이익(Ⅰ - Ⅱ),매출총이익,2024,76361344736
도미노피자,Ⅲ. 매출총이익(Ⅰ - Ⅱ),매출총이익,2025,72774606780
도미노피자,Ⅳ. 판매비와 관리비,판매비와관리비,2024,69333421708
도미노피자,Ⅳ. 판매비와 관리비,판매비와관리비,2025,63774935932
도미노피자,Ⅴ. 영업손익(Ⅲ - Ⅳ),영업이익,2024,7027923028
도미노피자,Ⅴ. 영업손익(Ⅲ - Ⅳ),영업이익,2025,8999670848
도미노피자,Ⅷ. 당기순손익(Ⅴ+Ⅵ-Ⅶ),당기순이익,2024,8743916525
도미노피자,Ⅷ. 당기순손익(Ⅴ+Ⅵ-Ⅶ),당기순이익,2025,13643530967
도미노피자,① 인건비,급여,2024,22743354380
도미노피자,① 인건비,급여,2025,22580181938
도미노피자,① 인건비,퇴직급여,2024,3524088779
도미노피자,① 인건비,퇴직급여,2025,3058760115
도미노피자,② 복리후생비,교육훈련비,2024,231024423
도미노피자,② 복리후생비,교육훈련비,2025,223943095
도미노피자,② 복리후생비,도서인쇄비,2024,4706633
도미노피자,② 복리후생비,도서인쇄비,2025,10958429
도미노피자,② 복리후생비,복리후생비,2024,4161654164
도미노피자,② 복리후생비,복리후생비,2025,4690958101
도미노피자,② 복리후생비,여비교통비,2024,234797564
도미노피자,② 복리후생비,여비교통비,2025,203149480
도미노피자,③ 지급/용역수수료,기술사용료,2024,3659006021
도미노피자,③ 지급/용역수수료,기술사용료,2025,3767416640
도미노피자,③ 지급/용역수수료,지급수수료,2024,13112921255
도미노피자,③ 지급/용역수수료,지급수수료,2025,16145321119
도미노피자,④ 광고선전비,광고선전비,2024,8541071735
도미노피자,④ 광고선전비,광고선전비,2025,4196872778
도미노피자,④ 광고선전비,판매장려금,2024,4040693866
도미노피자,④ 광고선전비,판매장려금,2025,4770250875
도미노피자,⑤ 임차/관리비,수도광열비,2024,174049443
도미노피자,⑤ 임차/관리비,수도광열비,2025,446259446
도미노피자,⑤ 임차/관리비,지급임차료,2024,193790301
도미노피자,⑤ 임차/관리비,지급임차료,2025,209109713
도미노피자,⑥ 감가상각비,감가상각비,2024,501823920
도미노피자,⑥ 감가상각비,감가상각비,2025,408000818
도미노피자,⑥ 감가상각비,무형자산상각비,2024,759341303
도미노피자,⑥ 감가상각비,무형자산상각비,2025,638902893
도미노피자,⑦ 물류/운반비,운반비,2024,4975050236
도미노피자,⑦ 물류/운반비,운반비,2025,4222900
도미노피자,⑨ 기타판관비,경상개발비,2024,95354797
도미노피자,⑨ 기타판관비,경상개발비,2025,104178338
도미노피자,⑨ 기타판관비,대손상각비,2024,-354809
도미노피자,⑨ 기타판관비,대손상각비,2025,3207108
도미노피자,⑨ 기타판관비,보험료,2024,1088561121
도미노피자,⑨ 기타판관비,보험료,2025,934180068
도미노피자,⑨ 기타판관비,세금과공과,2024,279447450
도미노피자,⑨ 기타판관비,세금과공과,2025,302546288
도미노피자,⑨ 기타판관비,소모품비,2024,194426358
도미노피자,⑨ 기타판관비,소모품비,2025,281865284
도미노피자,⑨ 기타판관비,수선비,2024,275622581
도미노피자,⑨ 기타판관비,수선비,2025,224372501
도미노피자,⑨ 기타판관비,접대비,2024,201211402
도미노피자,⑨ 기타판관비,접대비,2025,216177702
도미노피자,⑨ 기타판관비,차량유지비,2024,267680756
도미노피자,⑨ 기타판관비,차량유지비,2025,261169656
도미노피자,⑨ 기타판관비,통신비,2024,73498029
도미노피자,⑨ 기타판관비,통신비,2025,92330647
도미노피자,⑨ 기타판관비,협회비,2024,600000
도미노피자,⑨ 기타판관비,협회비,2025,600000
도미노피자,부채총계,부채총계,2024,44576683846
도미노피자,부채총계,부채총계,2025,42366377580
도미노피자,순운전자본+,단기금융상품,2024,1000000000
도미노피자,순운전자본+,단기금융상품,2025,2980198020
도미노피자,순운전자본+,대손충당금,2024,-202372015
도미노피자,순운전자본+,대손충당금,2025,-167238844
도미노피자,순운전자본+,매출채권,2024,13390751310
도미노피자,순운전자본+,매출채권,2025,12840845564
도미노피자,순운전자본+,미수금,2024,6846450156
도미노피자,순운전자본+,미수금,2025,2853227376
도미노피자,순운전자본+,현금및현금성자산,2024,38428574363
도미노피자,순운전자본+,현금및현금성자산,2025,54829788750
도미노피자,순운전자본-,단기차입금,2024,6000000000
도미노피자,순운전자본-,단기차입금,2025,7000000000
도미노피자,순운전자본-,매입채무,2024,16790087589
도미노피자,순운전자본-,매입채무,2025,16499503533
도미노피자,순운전자본-,미지급금,2024,8816794231
도미노피자,순운전자본-,미지급금,2025,7238047308
도미노피자,순운전자본-,미지급비용,2024,955120134
도미노피자,순운전자본-,미지급비용,2025,1501147404
도미노피자,순운전자본-,예수금,2024,1350249416
도미노피자,순운전자본-,예수금,2025,1545186889
도미노피자,영업활동현금흐름,영업활동으로인한현금흐름,2024,10686155691
도미노피자,영업활동현금흐름,영업활동으로인한현금흐름,2025,13896870094
도미노피자,이익잉여금,연결이익잉여금,2024,154504000000
도미노피자,이익잉여금,연결이익잉여금,2025,168148000000
도미노피자,자본총계,자본총계,2024,168813000000
도미노피자,자본총계,자본총계,2025,182457000000
도미노피자,자산총계,자산총계,2024,213390000000
도미노피자,자산총계,자산총계,2025,224823000000
도미노피자,재고자산,재고자산,2024,4154594681
도미노피자,재고자산,재고자산,2025,3646494487
도미노피자,재무활동현금흐름,재무활동으로인한현금흐름,2024,-1996400000
도미노피자,재무활동현금흐름,재무활동으로인한현금흐름,2025,777280000
도미노피자,투자활동현금흐름,투자활동으로인한현금흐름,2024,649559729
도미노피자,투자활동현금흐름,투자활동으로인한현금흐름,2025,-2407661080
동대문엽기떡볶이,Ⅰ. 매출액,매출액,2024,123007000000
동대문엽기떡볶이,Ⅰ. 매출액,매출액,2025,144693000000
동대문엽기떡볶이,Ⅱ. 매출원가,매출원가,2024,89853340018
동대문엽기떡볶이,Ⅱ. 매출원가,매출원가,2025,105870000000
동대문엽기떡볶이,Ⅲ. 매출총이익(Ⅰ - Ⅱ),매출총이익,2024,33153288896
동대문엽기떡볶이,Ⅲ. 매출총이익(Ⅰ - Ⅱ),매출총이익,2025,38822913687
동대문엽기떡볶이,Ⅳ. 판매비와 관리비,판매비와관리비,2024,28043952279
동대문엽기떡볶이,Ⅳ. 판매비와 관리비,판매비와관리비,2025,34864162373
동대문엽기떡볶이,Ⅴ. 영업손익(Ⅲ - Ⅳ),영업이익,2024,5109336617
동대문엽기떡볶이,Ⅴ. 영업손익(Ⅲ - Ⅳ),영업이익,2025,3958751314
동대문엽기떡볶이,Ⅷ. 당기순손익(Ⅴ+Ⅵ-Ⅶ),당기순이익,2024,2208375171
동대문엽기떡볶이,Ⅷ. 당기순손익(Ⅴ+Ⅵ-Ⅶ),당기순이익,2025,2305414265
동대문엽기떡볶이,① 인건비,급여,2024,11398810979
동대문엽기떡볶이,① 인건비,급여,2025,13129814831
동대문엽기떡볶이,① 인건비,퇴직급여,2024,655288769
동대문엽기떡볶이,① 인건비,퇴직급여,2025,861654677
동대문엽기떡볶이,② 복리후생비,교육훈련비,2024,13220298
동대문엽기떡볶이,② 복리후생비,교육훈련비,2025,25257922
동대문엽기떡볶이,② 복리후생비,도서인쇄비,2024,55771492
동대문엽기떡볶이,② 복리후생비,도서인쇄비,2025,80666387
동대문엽기떡볶이,② 복리후생비,복리후생비,2024,997308269
동대문엽기떡볶이,② 복리후생비,복리후생비,2025,959898226
동대문엽기떡볶이,② 복리후생비,여비교통비,2024,104402958
동대문엽기떡볶이,② 복리후생비,여비교통비,2025,132084315
동대문엽기떡볶이,③ 지급/용역수수료,외주비,2024,1352561060
동대문엽기떡볶이,③ 지급/용역수수료,외주비,2025,1514963822
동대문엽기떡볶이,③ 지급/용역수수료,지급수수료,2024,2888246992
동대문엽기떡볶이,③ 지급/용역수수료,지급수수료,2025,3453246737
동대문엽기떡볶이,④ 광고선전비,광고선전비,2024,1111617468
동대문엽기떡볶이,④ 광고선전비,광고선전비,2025,1961570095
동대문엽기떡볶이,④ 광고선전비,판매촉진비,2024,2881209834
동대문엽기떡볶이,④ 광고선전비,판매촉진비,2025,4783453950
동대문엽기떡볶이,⑤ 임차/관리비,건물관리비,2024,618400093
동대문엽기떡볶이,⑤ 임차/관리비,건물관리비,2025,862504856
동대문엽기떡볶이,⑤ 임차/관리비,수도광열비,2024,308496386
동대문엽기떡볶이,⑤ 임차/관리비,수도광열비,2025,230835528
동대문엽기떡볶이,⑤ 임차/관리비,전력비,2024,241449352
동대문엽기떡볶이,⑤ 임차/관리비,전력비,2025,415440557
동대문엽기떡볶이,⑤ 임차/관리비,지급임차료,2024,950107430
동대문엽기떡볶이,⑤ 임차/관리비,지급임차료,2025,995793733
동대문엽기떡볶이,⑥ 감가상각비,감가상각비,2024,1382523948
동대문엽기떡볶이,⑥ 감가상각비,감가상각비,2025,2098690796
동대문엽기떡볶이,⑥ 감가상각비,무형자산상각비,2024,469495746
동대문엽기떡볶이,⑥ 감가상각비,무형자산상각비,2025,339354000
동대문엽기떡볶이,⑦ 물류/운반비,운반비,2024,995993584
동대문엽기떡볶이,⑦ 물류/운반비,운반비,2025,974014527
동대문엽기떡볶이,⑨ 기타판관비,경상연구개발비,2024,42619614
동대문엽기떡볶이,⑨ 기타판관비,경상연구개발비,2025,66342258
동대문엽기떡볶이,⑨ 기타판관비,대손상각비,2024,1093212
동대문엽기떡볶이,⑨ 기타판관비,대손상각비,2025,5637371
동대문엽기떡볶이,⑨ 기타판관비,보험료,2024,276685633
동대문엽기떡볶이,⑨ 기타판관비,보험료,2025,339426186
동대문엽기떡볶이,⑨ 기타판관비,사무용품비,2024,3956733
동대문엽기떡볶이,⑨ 기타판관비,사무용품비,2025,7187003
동대문엽기떡볶이,⑨ 기타판관비,세금과공과,2024,677623042
동대문엽기떡볶이,⑨ 기타판관비,세금과공과,2025,740466412
동대문엽기떡볶이,⑨ 기타판관비,소모품비,2024,115094781
동대문엽기떡볶이,⑨ 기타판관비,소모품비,2025,125250434
동대문엽기떡볶이,⑨ 기타판관비,수선비,2024,13274495
동대문엽기떡볶이,⑨ 기타판관비,수선비,2025,48030383
동대문엽기떡볶이,⑨ 기타판관비,인력개발비,2024,0
동대문엽기떡볶이,⑨ 기타판관비,인력개발비,2025,219640000
동대문엽기떡볶이,⑨ 기타판관비,잡비,2024,49202112
동대문엽기떡볶이,⑨ 기타판관비,잡비,2025,11893849
동대문엽기떡볶이,⑨ 기타판관비,접대비,2024,15300000
동대문엽기떡볶이,⑨ 기타판관비,접대비,2025,16416000
동대문엽기떡볶이,⑨ 기타판관비,차량유지비,2024,311950791
동대문엽기떡볶이,⑨ 기타판관비,차량유지비,2025,343203480
동대문엽기떡볶이,⑨ 기타판관비,통신비,2024,112247208
동대문엽기떡볶이,⑨ 기타판관비,통신비,2025,121424038
동대문엽기떡볶이,부채총계,부채총계,2024,87519299120
동대문엽기떡볶이,부채총계,부채총계,2025,91230921946
동대문엽기떡볶이,순운전자본+,단기금융상품,2024,2336397543
동대문엽기떡볶이,순운전자본+,단기금융상품,2025,126420484
동대문엽기떡볶이,순운전자본+,단기매매금융자산,2024,9708730
동대문엽기떡볶이,순운전자본+,단기매매금융자산,2025,0
동대문엽기떡볶이,순운전자본+,대손충당금,2024,-12882857
동대문엽기떡볶이,순운전자본+,대손충당금,2025,-18520228
동대문엽기떡볶이,순운전자본+,매출채권,2024,1752686728
동대문엽기떡볶이,순운전자본+,매출채권,2025,2098714558
동대문엽기떡볶이,순운전자본+,미수금,2024,66251598
동대문엽기떡볶이,순운전자본+,미수금,2025,1470210606
동대문엽기떡볶이,순운전자본+,현금및현금성자산,2024,1201450094
동대문엽기떡볶이,순운전자본+,현금및현금성자산,2025,1257930515
동대문엽기떡볶이,순운전자본-,단기차입금,2024,73128723397
동대문엽기떡볶이,순운전자본-,단기차입금,2025,75635294809
동대문엽기떡볶이,순운전자본-,매입채무,2024,7903919888
동대문엽기떡볶이,순운전자본-,매입채무,2025,7996043490
동대문엽기떡볶이,순운전자본-,미지급금,2024,2823173401
동대문엽기떡볶이,순운전자본-,미지급금,2025,2630468174
동대문엽기떡볶이,순운전자본-,미지급비용,2024,689720
동대문엽기떡볶이,순운전자본-,미지급비용,2025,1289275
동대문엽기떡볶이,순운전자본-,예수금,2024,208394970
동대문엽기떡볶이,순운전자본-,예수금,2025,294445441
동대문엽기떡볶이,영업활동현금흐름,영업활동으로인한현금흐름,2024,4252481506
동대문엽기떡볶이,영업활동현금흐름,영업활동으로인한현금흐름,2025,4537161548
동대문엽기떡볶이,이익잉여금,이익잉여금,2024,25785686119
동대문엽기떡볶이,이익잉여금,이익잉여금,2025,28091100384
동대문엽기떡볶이,자본총계,자본총계,2024,23326956119
동대문엽기떡볶이,자본총계,자본총계,2025,25632370384
동대문엽기떡볶이,자산총계,자산총계,2024,110846000000
동대문엽기떡볶이,자산총계,자산총계,2025,116863000000
동대문엽기떡볶이,재고자산,재고자산,2024,1560715654
동대문엽기떡볶이,재고자산,재고자산,2025,1328471490
동대문엽기떡볶이,재무활동현금흐름,재무활동으로인한현금흐름,2024,10497877026
동대문엽기떡볶이,재무활동현금흐름,재무활동으로인한현금흐름,2025,2506571412
동대문엽기떡볶이,투자활동현금흐름,투자활동으로인한현금흐름,2024,-15684990464
동대문엽기떡볶이,투자활동현금흐름,투자활동으로인한현금흐름,2025,-6987252539
동대문엽기떡볶이,현금의 증감,현금의증가,2024,-934631932
동대문엽기떡볶이,현금의 증감,현금의증가,2025,56480421
동원F&B,Ⅰ. 매출액,매출,2024,4483610000000
동원F&B,Ⅰ. 매출액,매출,2025,4877730000000
동원F&B,Ⅱ. 매출원가,매출원가,2024,3513580000000
동원F&B,Ⅱ. 매출원가,매출원가,2025,3849360000000
동원F&B,Ⅲ. 매출총이익(Ⅰ - Ⅱ),매출총이익,2024,970030000000
동원F&B,Ⅲ. 매출총이익(Ⅰ - Ⅱ),매출총이익,2025,1028370000000
동원F&B,Ⅳ. 판매비와 관리비,판매비와관리비,2024,786578000000
동원F&B,Ⅳ. 판매비와 관리비,판매비와관리비,2025,834552000000
동원F&B,Ⅴ. 영업손익(Ⅲ - Ⅳ),영업이익,2024,183452000000
동원F&B,Ⅴ. 영업손익(Ⅲ - Ⅳ),영업이익,2025,193823000000
동원F&B,Ⅷ. 당기순손익(Ⅴ+Ⅵ-Ⅶ),당기순이익,2024,127834000000
동원F&B,Ⅷ. 당기순손익(Ⅴ+Ⅵ-Ⅶ),당기순이익,2025,141691000000
동원F&B,① 인건비,급여,2024,180251000000
동원F&B,① 인건비,급여,2025,176806000000
동원F&B,① 인건비,퇴직급여,2024,12660753000
동원F&B,① 인건비,퇴직급여,2025,13275450000
동원F&B,② 복리후생비,교육훈련비,2024,2529131000
동원F&B,② 복리후생비,교육훈련비,2025,2397644000
동원F&B,② 복리후생비,도서인쇄비,2024,145157000
동원F&B,② 복리후생비,도서인쇄비,2025,67710000
동원F&B,② 복리후생비,복리후생비,2024,28296568000
동원F&B,② 복리후생비,복리후생비,2025,27658316000
동원F&B,② 복리후생비,여비교통비,2024,4329342000
동원F&B,② 복리후생비,여비교통비,2025,4487307000
동원F&B,③ 지급/용역수수료,관리수수료,2024,51411327000
동원F&B,③ 지급/용역수수료,관리수수료,2025,48337227000
동원F&B,③ 지급/용역수수료,지급수수료,2024,152471000000
동원F&B,③ 지급/용역수수료,지급수수료,2025,168042000000
동원F&B,④ 광고선전비,광고선전비,2024,55234655000
동원F&B,④ 광고선전비,광고선전비,2025,74524466000
동원F&B,⑤ 임차/관리비,사용권자산상각비,2024,13006583000
동원F&B,⑤ 임차/관리비,사용권자산상각비,2025,14409320000
동원F&B,⑤ 임차/관리비,수도광열비,2024,2915051000
동원F&B,⑤ 임차/관리비,수도광열비,2025,3694518000
동원F&B,⑤ 임차/관리비,임차료,2024,9179364000
동원F&B,⑤ 임차/관리비,임차료,2025,10973514000
동원F&B,⑥ 감가상각비,감가상각비,2024,13849607000
동원F&B,⑥ 감가상각비,감가상각비,2025,13351646000
동원F&B,⑥ 감가상각비,무형자산상각비,2024,5133480000
동원F&B,⑥ 감가상각비,무형자산상각비,2025,6366148000
동원F&B,⑦ 물류/운반비,운송보관료,2024,216269000000
동원F&B,⑦ 물류/운반비,운송보관료,2025,226504000000
동원F&B,⑦ 물류/운반비,포장비,2024,5177818000
동원F&B,⑦ 물류/운반비,포장비,2025,4903515000
동원F&B,⑨ 기타판관비,경상연구개발비,2024,2112409000
동원F&B,⑨ 기타판관비,경상연구개발비,2025,2722708000
동원F&B,⑨ 기타판관비,기타,2024,1393188000
동원F&B,⑨ 기타판관비,기타,2025,3073305000
동원F&B,⑨ 기타판관비,매출채권손상차손,2024,1260740000
동원F&B,⑨ 기타판관비,매출채권손상차손,2025,1768128000
동원F&B,⑨ 기타판관비,보험료,2024,4156080000
동원F&B,⑨ 기타판관비,보험료,2025,4536866000
동원F&B,⑨ 기타판관비,세금과공과,2024,8266254000
동원F&B,⑨ 기타판관비,세금과공과,2025,8056647000
동원F&B,⑨ 기타판관비,소모품비,2024,3082678000
동원F&B,⑨ 기타판관비,소모품비,2025,2973955000
동원F&B,⑨ 기타판관비,수선비,2024,636559000
동원F&B,⑨ 기타판관비,수선비,2025,673167000
동원F&B,⑨ 기타판관비,접대비,2024,1408174000
동원F&B,⑨ 기타판관비,접대비,2025,1530592000
동원F&B,⑨ 기타판관비,차량유지비,2024,4274850000
동원F&B,⑨ 기타판관비,차량유지비,2025,4464511000
동원F&B,⑨ 기타판관비,통신비,2024,2372795000
동원F&B,⑨ 기타판관비,통신비,2025,2478088000
동원F&B,⑨ 기타판관비,환경유지비,2024,4438874000
동원F&B,⑨ 기타판관비,환경유지비,2025,6111224000
동원F&B,⑨ 기타판관비,회의비,2024,316130000
동원F&B,⑨ 기타판관비,회의비,2025,362755000
동원F&B,부채총계,부채,2024,1062750000000
동원F&B,부채총계,부채,2025,1192010000000
동원F&B,사용권자산,사용권자산,2024,45026409419
동원F&B,사용권자산,사용권자산,2025,36939503022
동원F&B,순운전자본+,당기손익-공정가치측정금융자산,2024,9725465396
동원F&B,순운전자본+,당기손익-공정가치측정금융자산,2025,21352480107
동원F&B,순운전자본+,매출채권및기타채권,2024,379941000000
동원F&B,순운전자본+,매출채권및기타채권,2025,421637000000
동원F&B,순운전자본+,현금및현금성자산,2024,51248701636
동원F&B,순운전자본+,현금및현금성자산,2025,75519498238
동원F&B,순운전자본-,단기차입금,2024,273808000000
동원F&B,순운전자본-,단기차입금,2025,293753000000
동원F&B,순운전자본-,매입채무및기타채무,2024,425634000000
동원F&B,순운전자본-,매입채무및기타채무,2025,454746000000
동원F&B,순운전자본-,유동성사채,2024,97267563890
동원F&B,순운전자본-,유동성사채,2025,101764000000
동원F&B,순운전자본-,유동성장기차입금,2024,39333333332
동원F&B,순운전자본-,유동성장기차입금,2025,31500000000
동원F&B,영업활동현금흐름,영업활동으로인한현금흐름,2024,72044449977
동원F&B,영업활동현금흐름,영업활동으로인한현금흐름,2025,146634000000
동원F&B,이익잉여금,이익잉여금,2024,345016000000
동원F&B,이익잉여금,이익잉여금,2025,399870000000
동원F&B,자본총계,자본,2024,1082920000000
동원F&B,자본총계,자본,2025,1218990000000
동원F&B,자산총계,자산,2024,2145670000000
동원F&B,자산총계,자산,2025,2411000000000
동원F&B,재고자산,유동재고자산,2024,549502000000
동원F&B,재고자산,유동재고자산,2025,619979000000
동원F&B,재무활동현금흐름,재무활동으로인한현금흐름,2024,-172211000000
동원F&B,재무활동현금흐름,재무활동으로인한현금흐름,2025,44266766993
동원F&B,투자활동현금흐름,투자활동으로인한현금흐름,2024,13486880100
동원F&B,투자활동현금흐름,투자활동으로인한현금흐름,2025,-166395000000
동원F&B,현금의 증감,현금및현금성자산의증가,2024,-86419801201
동원F&B,현금의 증감,현금및현금성자산의증가,2025,24270796602
롯데웰푸드,Ⅰ. 매출액,매출액,2024,4044250000000
롯데웰푸드,Ⅰ. 매출액,매출액,2025,4215950000000
롯데웰푸드,Ⅱ. 매출원가,매출원가,2024,2848800000000
롯데웰푸드,Ⅱ. 매출원가,매출원가,2025,3072550000000
롯데웰푸드,Ⅲ. 매출총이익(Ⅰ - Ⅱ),매출총이익,2024,1195460000000
롯데웰푸드,Ⅲ. 매출총이익(Ⅰ - Ⅱ),매출총이익,2025,1143400000000
롯데웰푸드,Ⅳ. 판매비와 관리비,판매비와관리비,2024,1038360000000
롯데웰푸드,Ⅳ. 판매비와 관리비,판매비와관리비,2025,1033880000000
롯데웰푸드,Ⅴ. 영업손익(Ⅲ - Ⅳ),영업이익,2024,157101000000
롯데웰푸드,Ⅴ. 영업손익(Ⅲ - Ⅳ),영업이익,2025,109519000000
롯데웰푸드,Ⅷ. 당기순손익(Ⅴ+Ⅵ-Ⅶ),당기순이익,2024,81980260404
롯데웰푸드,Ⅷ. 당기순손익(Ⅴ+Ⅵ-Ⅶ),당기순이익,2025,71390131647
롯데웰푸드,① 인건비,"급여,판관비",2024,265638000000
롯데웰푸드,① 인건비,"급여,판관비",2025,261780000000
롯데웰푸드,① 인건비,"장기종업원급여,판관비",2024,9513000000
롯데웰푸드,① 인건비,"장기종업원급여,판관비",2025,12253000000
롯데웰푸드,① 인건비,"퇴직급여,판관비",2024,22095000000
롯데웰푸드,① 인건비,"퇴직급여,판관비",2025,43610000000
롯데웰푸드,② 복리후생비,"복리후생비,판관비",2024,50803000000
롯데웰푸드,② 복리후생비,"복리후생비,판관비",2025,52112000000
롯데웰푸드,② 복리후생비,"업무추진비,판관비",2024,3113000000
롯데웰푸드,② 복리후생비,"업무추진비,판관비",2025,2498000000
롯데웰푸드,② 복리후생비,"여비교통비,판관비",2024,7995000000
롯데웰푸드,② 복리후생비,"여비교통비,판관비",2025,7248000000
롯데웰푸드,② 복리후생비,"차량유지비,판관비",2024,8862000000
롯데웰푸드,② 복리후생비,"차량유지비,판관비",2025,9029000000
롯데웰푸드,③ 지급/용역수수료,"지급수수료,판관비",2024,315960000000
롯데웰푸드,③ 지급/용역수수료,"지급수수료,판관비",2025,320625000000
롯데웰푸드,③ 지급/용역수수료,"판매수수료,판관비",2024,65146000000
롯데웰푸드,③ 지급/용역수수료,"판매수수료,판관비",2025,63087000000
롯데웰푸드,④ 광고선전비,"광고선전비,판관비",2024,82824000000
롯데웰푸드,④ 광고선전비,"광고선전비,판관비",2025,57169000000
롯데웰푸드,④ 광고선전비,"판매촉진비,판관비",2024,23804000000
롯데웰푸드,④ 광고선전비,"판매촉진비,판관비",2025,16690000000
롯데웰푸드,⑤ 임차/관리비,"임차료,판관비",2024,8458000000
롯데웰푸드,⑤ 임차/관리비,"임차료,판관비",2025,8695000000
롯데웰푸드,⑤ 임차/관리비,"통신비,판관비",2024,4152000000
롯데웰푸드,⑤ 임차/관리비,"통신비,판관비",2025,3940000000
롯데웰푸드,⑥ 감가상각비,"감가상각비,판관비",2024,58629000000
롯데웰푸드,⑥ 감가상각비,"감가상각비,판관비",2025,57225000000
롯데웰푸드,⑥ 감가상각비,"무형자산상각비,판관비",2024,21877000000
롯데웰푸드,⑥ 감가상각비,"무형자산상각비,판관비",2025,21669000000
롯데웰푸드,⑦ 물류/운반비,"운반보관비,판관비",2024,44538000000
롯데웰푸드,⑦ 물류/운반비,"운반보관비,판관비",2025,48587000000
롯데웰푸드,⑨ 기타판관비,기타판매비와관리비,2024,12670000000
롯데웰푸드,⑨ 기타판관비,기타판매비와관리비,2025,11925000000
롯데웰푸드,⑨ 기타판관비,대손상각비,2024,573000000
롯데웰푸드,⑨ 기타판관비,대손상각비,2025,1769000000
롯데웰푸드,⑨ 기타판관비,"보험료,판관비",2024,4417000000
롯데웰푸드,⑨ 기타판관비,"보험료,판관비",2025,4722000000
롯데웰푸드,⑨ 기타판관비,"세금과공과,판관비",2024,9749000000
롯데웰푸드,⑨ 기타판관비,"세금과공과,판관비",2025,10753000000
롯데웰푸드,⑨ 기타판관비,"소모품비,판관비",2024,9643000000
롯데웰푸드,⑨ 기타판관비,"소모품비,판관비",2025,9590000000
롯데웰푸드,⑨ 기타판관비,"수선비,판관비",2024,7896000000
롯데웰푸드,⑨ 기타판관비,"수선비,판관비",2025,8906000000
롯데웰푸드,리스부채,리스부채,2024,61500802265
롯데웰푸드,리스부채,리스부채,2025,60740890837
롯데웰푸드,부채총계,부채총계,2024,2115350000000
롯데웰푸드,부채총계,부채총계,2025,2287270000000
롯데웰푸드,사용권자산,사용권자산,2024,75109381079
롯데웰푸드,사용권자산,사용권자산,2025,76023239593
롯데웰푸드,순운전자본+,기타유동금융자산,2024,169388000000
롯데웰푸드,순운전자본+,기타유동금융자산,2025,60447985569
롯데웰푸드,순운전자본+,매출채권및기타채권,2024,305578000000
롯데웰푸드,순운전자본+,매출채권및기타채권,2025,331387000000
롯데웰푸드,순운전자본+,현금및현금성자산,2024,322059000000
롯데웰푸드,순운전자본+,현금및현금성자산,2025,465770000000
롯데웰푸드,순운전자본-,기타유동금융부채,2024,141023000000
롯데웰푸드,순운전자본-,기타유동금융부채,2025,148365000000
롯데웰푸드,순운전자본-,매입채무및기타채무,2024,301903000000
롯데웰푸드,순운전자본-,매입채무및기타채무,2025,295504000000
롯데웰푸드,순운전자본-,사채,2024,329960000000
롯데웰푸드,순운전자본-,사채,2025,393404000000
롯데웰푸드,순운전자본-,차입금,2024,188745000000
롯데웰푸드,순운전자본-,차입금,2025,59881108302
롯데웰푸드,영업활동현금흐름,영업활동현금흐름,2024,285574000000
롯데웰푸드,영업활동현금흐름,영업활동현금흐름,2025,231103000000
롯데웰푸드,이익잉여금,이익잉여금,2024,568880000000
롯데웰푸드,이익잉여금,이익잉여금,2025,618578000000
롯데웰푸드,자본총계,자본총계,2024,2226380000000
롯데웰푸드,자본총계,자본총계,2025,2286730000000
롯데웰푸드,자산총계,자산총계,2024,4341730000000
롯데웰푸드,자산총계,자산총계,2025,4574000000000
롯데웰푸드,재고자산,재고자산,2024,567149000000
롯데웰푸드,재고자산,재고자산,2025,638595000000
롯데웰푸드,재무활동현금흐름,재무활동현금흐름,2024,-82095484368
롯데웰푸드,재무활동현금흐름,재무활동현금흐름,2025,45929543649
롯데웰푸드,투자활동현금흐름,투자활동현금흐름,2024,-385103000000
롯데웰푸드,투자활동현금흐름,투자활동현금흐름,2025,-141526000000
롯데웰푸드,현금의 증감,환율변동효과반영전현금및현금성자산의순증가,2024,-181624000000
롯데웰푸드,현금의 증감,환율변동효과반영전현금및현금성자산의순증가,2025,135507000000
롯데칠성음료,Ⅰ. 매출액,수익,2024,4024500000000
롯데칠성음료,Ⅰ. 매출액,수익,2025,3971140000000
롯데칠성음료,Ⅱ. 매출원가,매출원가,2024,2640250000000
롯데칠성음료,Ⅱ. 매출원가,매출원가,2025,2644500000000
롯데칠성음료,Ⅲ. 매출총이익(Ⅰ - Ⅱ),매출총이익,2024,1384250000000
롯데칠성음료,Ⅲ. 매출총이익(Ⅰ - Ⅱ),매출총이익,2025,1326650000000
롯데칠성음료,Ⅳ. 판매비와 관리비,판매비와관리비,2024,1198390000000
롯데칠성음료,Ⅳ. 판매비와 관리비,판매비와관리비,2025,1156570000000
롯데칠성음료,Ⅴ. 영업손익(Ⅲ - Ⅳ),영업이익,2024,184927000000
롯데칠성음료,Ⅴ. 영업손익(Ⅲ - Ⅳ),영업이익,2025,167160000000
롯데칠성음료,Ⅷ. 당기순손익(Ⅴ+Ⅵ-Ⅶ),당기순이익,2024,60012909167
롯데칠성음료,Ⅷ. 당기순손익(Ⅴ+Ⅵ-Ⅶ),당기순이익,2025,51198353335
롯데칠성음료,① 인건비,"급여,판관비",2024,261261000000
롯데칠성음료,① 인건비,"급여,판관비",2025,264546000000
롯데칠성음료,① 인건비,"상여,판관비",2024,49360000000
롯데칠성음료,① 인건비,"상여,판관비",2025,50160000000
롯데칠성음료,① 인건비,"퇴직급여,판관비",2024,28359000000
롯데칠성음료,① 인건비,"퇴직급여,판관비",2025,34484000000
롯데칠성음료,② 복리후생비,"복리후생비,판관비",2024,77659000000
롯데칠성음료,② 복리후생비,"복리후생비,판관비",2025,72830000000
롯데칠성음료,② 복리후생비,"여비교통비,판관비",2024,6800000000
롯데칠성음료,② 복리후생비,"여비교통비,판관비",2025,7399000000
롯데칠성음료,② 복리후생비,"차량유지비,판관비",2024,14700000000
롯데칠성음료,② 복리후생비,"차량유지비,판관비",2025,14389000000
롯데칠성음료,③ 지급/용역수수료,"지급수수료,판관비",2024,108294000000
롯데칠성음료,③ 지급/용역수수료,"지급수수료,판관비",2025,107304000000
롯데칠성음료,③ 지급/용역수수료,"판매수수료,판관비",2024,16420000000
롯데칠성음료,③ 지급/용역수수료,"판매수수료,판관비",2025,16815000000
롯데칠성음료,④ 광고선전비,"광고선전비,판관비",2024,161871000000
롯데칠성음료,④ 광고선전비,"광고선전비,판관비",2025,140863000000
롯데칠성음료,④ 광고선전비,"판매촉진비,판관비",2024,6906000000
롯데칠성음료,④ 광고선전비,"판매촉진비,판관비",2025,4699000000
롯데칠성음료,⑤ 임차/관리비,"수도광열비,판관비",2024,7438000000
롯데칠성음료,⑤ 임차/관리비,"수도광열비,판관비",2025,7136000000
롯데칠성음료,⑤ 임차/관리비,"임차료,판관비",2024,25620000000
롯데칠성음료,⑤ 임차/관리비,"임차료,판관비",2025,23021000000
롯데칠성음료,⑤ 임차/관리비,"통신비,판관비",2024,5675000000
롯데칠성음료,⑤ 임차/관리비,"통신비,판관비",2025,5084000000
롯데칠성음료,⑥ 감가상각비,"감가상각비,판관비",2024,81615000000
롯데칠성음료,⑥ 감가상각비,"감가상각비,판관비",2025,78090000000
롯데칠성음료,⑥ 감가상각비,"무형자산상각비,판관비",2024,13844000000
롯데칠성음료,⑥ 감가상각비,"무형자산상각비,판관비",2025,13454000000
롯데칠성음료,⑦ 물류/운반비,"운반비,판관비",2024,232220000000
롯데칠성음료,⑦ 물류/운반비,"운반비,판관비",2025,229197000000
롯데칠성음료,⑨ 기타판관비,기타판매비와관리비,2024,41149000000
롯데칠성음료,⑨ 기타판관비,기타판매비와관리비,2025,27437000000
롯데칠성음료,⑨ 기타판관비,"보험료,판관비",2024,2597000000
롯데칠성음료,⑨ 기타판관비,"보험료,판관비",2025,2454000000
롯데칠성음료,⑨ 기타판관비,"세금과공과,판관비",2024,29830000000
롯데칠성음료,⑨ 기타판관비,"세금과공과,판관비",2025,31258000000
롯데칠성음료,⑨ 기타판관비,"소모품비,판관비",2024,16458000000
롯데칠성음료,⑨ 기타판관비,"소모품비,판관비",2025,16880000000
롯데칠성음료,⑨ 기타판관비,"수선비,판관비",2024,10318000000
롯데칠성음료,⑨ 기타판관비,"수선비,판관비",2025,9066000000
롯데칠성음료,리스부채,비유동리스부채,2024,114669000000
롯데칠성음료,리스부채,비유동리스부채,2025,96500769373
롯데칠성음료,리스부채,유동리스부채,2024,33829070522
롯데칠성음료,리스부채,유동리스부채,2025,33559923357
롯데칠성음료,부채총계,부채총계,2024,2794130000000
롯데칠성음료,부채총계,부채총계,2025,2684400000000
롯데칠성음료,사용권자산,사용권자산,2024,177537000000
롯데칠성음료,사용권자산,사용권자산,2025,150074000000
롯데칠성음료,순운전자본+,기타유동금융자산,2024,12895412185
롯데칠성음료,순운전자본+,기타유동금융자산,2025,13342224132
롯데칠성음료,순운전자본+,단기금융상품,2024,14870000000
롯데칠성음료,순운전자본+,단기금융상품,2025,11845742299
롯데칠성음료,순운전자본+,매출채권및기타유동채권,2024,306387000000
롯데칠성음료,순운전자본+,매출채권및기타유동채권,2025,260079000000
롯데칠성음료,순운전자본+,현금및현금성자산,2024,177836000000
롯데칠성음료,순운전자본+,현금및현금성자산,2025,213358000000
롯데칠성음료,순운전자본-,기타유동금융부채,2024,16952879784
롯데칠성음료,순운전자본-,기타유동금융부채,2025,15833520955
롯데칠성음료,순운전자본-,매입채무및기타유동채무,2024,608023000000
롯데칠성음료,순운전자본-,매입채무및기타유동채무,2025,537413000000
롯데칠성음료,순운전자본-,유동차입금및비유동차입금,2024,643893000000
롯데칠성음료,순운전자본-,유동차입금및비유동차입금,2025,602150000000
롯데칠성음료,영업활동현금흐름,영업활동현금흐름,2024,325220000000
롯데칠성음료,영업활동현금흐름,영업활동현금흐름,2025,353619000000
롯데칠성음료,이익잉여금,이익잉여금,2024,2204500000000
롯데칠성음료,이익잉여금,이익잉여금,2025,2220330000000
롯데칠성음료,자본총계,자본총계,2024,1578400000000
롯데칠성음료,자본총계,자본총계,2025,1600300000000
롯데칠성음료,자산총계,자산총계,2024,4372530000000
롯데칠성음료,자산총계,자산총계,2025,4284700000000
롯데칠성음료,재고자산,유동재고자산,2024,534803000000
롯데칠성음료,재고자산,유동재고자산,2025,467663000000
롯데칠성음료,재무활동현금흐름,재무활동현금흐름,2024,-91699737053
롯데칠성음료,재무활동현금흐름,재무활동현금흐름,2025,-104796000000
롯데칠성음료,투자활동현금흐름,투자활동현금흐름,2024,-307120000000
롯데칠성음료,투자활동현금흐름,투자활동현금흐름,2025,-212946000000
롯데칠성음료,현금의 증감,환율변동효과반영전현금및현금성자산의순증가,2024,-73599238698
롯데칠성음료,현금의 증감,환율변동효과반영전현금및현금성자산의순증가,2025,35877307993
맘스터치,Ⅰ. 매출액,매출액,2024,417874000000
맘스터치,Ⅰ. 매출액,매출액,2025,479002000000
맘스터치,Ⅱ. 매출원가,매출원가,2024,269042000000
맘스터치,Ⅱ. 매출원가,매출원가,2025,301965000000
맘스터치,Ⅲ. 매출총이익(Ⅰ - Ⅱ),매출총이익,2024,148832000000
맘스터치,Ⅲ. 매출총이익(Ⅰ - Ⅱ),매출총이익,2025,177037000000
맘스터치,Ⅳ. 판매비와 관리비,판매비와관리비,2024,75391488028
맘스터치,Ⅳ. 판매비와 관리비,판매비와관리비,2025,87306401128
맘스터치,Ⅴ. 영업손익(Ⅲ - Ⅳ),영업이익,2024,73440665236
맘스터치,Ⅴ. 영업손익(Ⅲ - Ⅳ),영업이익,2025,89730870563
맘스터치,Ⅷ. 당기순손익(Ⅴ+Ⅵ-Ⅶ),당기순이익,2024,53800223638
맘스터치,Ⅷ. 당기순손익(Ⅴ+Ⅵ-Ⅶ),당기순이익,2025,67865874279
맘스터치,① 인건비,급여,2024,21458087000
맘스터치,① 인건비,급여,2025,25501497000
맘스터치,① 인건비,퇴직급여,2024,1092587000
맘스터치,① 인건비,퇴직급여,2025,1511524000
맘스터치,② 복리후생비,복리후생비,2024,2585143000
맘스터치,② 복리후생비,복리후생비,2025,2972106000
맘스터치,② 복리후생비,여비교통비,2024,1726899000
맘스터치,② 복리후생비,여비교통비,2025,1232823000
맘스터치,③ 지급/용역수수료,지급수수료,2024,12331298000
맘스터치,③ 지급/용역수수료,지급수수료,2025,12481979000
맘스터치,④ 광고선전비,광고선전비,2024,4407918000
맘스터치,④ 광고선전비,광고선전비,2025,8673611000
맘스터치,④ 광고선전비,판매촉진비,2024,288222000
맘스터치,④ 광고선전비,판매촉진비,2025,521461000
맘스터치,⑤ 임차/관리비,수도광열비,2024,1032873000
맘스터치,⑤ 임차/관리비,수도광열비,2025,1355860000
맘스터치,⑤ 임차/관리비,지급임차료,2024,1284259000
맘스터치,⑤ 임차/관리비,지급임차료,2025,1128642000
맘스터치,⑥ 감가상각비,감가상각비,2024,9718204000
맘스터치,⑥ 감가상각비,감가상각비,2025,11908382000
맘스터치,⑥ 감가상각비,무형자산상각비,2024,679454000
맘스터치,⑥ 감가상각비,무형자산상각비,2025,756627000
맘스터치,⑦ 물류/운반비,운반비,2024,13461054000
맘스터치,⑦ 물류/운반비,운반비,2025,13955281000
맘스터치,⑨ 기타판관비,경상연구개발비,2024,362810000
맘스터치,⑨ 기타판관비,경상연구개발비,2025,207016000
맘스터치,⑨ 기타판관비,기타,2024,3763828000
맘스터치,⑨ 기타판관비,기타,2025,3414904000
맘스터치,⑨ 기타판관비,대손상각비,2024,111404000
맘스터치,⑨ 기타판관비,대손상각비,2025,187907000
맘스터치,⑨ 기타판관비,세금과공과,2024,414523000
맘스터치,⑨ 기타판관비,세금과공과,2025,551196000
맘스터치,⑨ 기타판관비,소모품비,2024,771553000
맘스터치,⑨ 기타판관비,소모품비,2025,846395000
맘스터치,⑨ 기타판관비,주식보상비용,2024,-98628000
맘스터치,⑨ 기타판관비,주식보상비용,2025,99190000
맘스터치,부채총계,부채총계,2024,71366552555
맘스터치,부채총계,부채총계,2025,84885401572
맘스터치,순운전자본+,기타유동금융자산,2024,3939482692
맘스터치,순운전자본+,기타유동금융자산,2025,4110023085
맘스터치,순운전자본+,단기금융상품,2024,15140631122
맘스터치,순운전자본+,단기금융상품,2025,7399578082
맘스터치,순운전자본+,매출채권,2024,8556655716
맘스터치,순운전자본+,매출채권,2025,6577789067
맘스터치,순운전자본+,현금및현금성자산,2024,26011102760
맘스터치,순운전자본+,현금및현금성자산,2025,35976669601
맘스터치,순운전자본-,기타유동금융부채,2024,11324984528
맘스터치,순운전자본-,기타유동금융부채,2025,13935666605
맘스터치,순운전자본-,매입채무,2024,24973805010
맘스터치,순운전자본-,매입채무,2025,28335625826
맘스터치,영업활동현금흐름,영업활동으로인한현금흐름,2024,65215223386
맘스터치,영업활동현금흐름,영업활동으로인한현금흐름,2025,87495129872
맘스터치,이익잉여금,이익잉여금,2024,98051929622
맘스터치,이익잉여금,이익잉여금,2025,118291000000
맘스터치,자본총계,자본총계,2024,73369709941
맘스터치,자본총계,자본총계,2025,73814762261
맘스터치,자산총계,자산총계,2024,144736000000
맘스터치,자산총계,자산총계,2025,158700000000
맘스터치,재고자산,재고자산,2024,12972113237
맘스터치,재고자산,재고자산,2025,15759779719
맘스터치,재무활동현금흐름,재무활동으로인한현금흐름,2024,-36333216859
맘스터치,재무활동현금흐름,재무활동으로인한현금흐름,2025,-74381246957
맘스터치,투자활동현금흐름,투자활동으로인한현금흐름,2024,-16222036687
맘스터치,투자활동현금흐름,투자활동으로인한현금흐름,2025,-3089010303
맘스터치,현금의 증감,현금및현금성자산의증가,2024,12659969840
맘스터치,현금의 증감,현금및현금성자산의증가,2025,10024872612
매드업,Ⅰ. 매출액,매출액,2024,34988712931
매드업,Ⅰ. 매출액,매출액,2025,50234427763
매드업,Ⅱ. 매출원가,매출원가,2024,2103145256
매드업,Ⅱ. 매출원가,매출원가,2025,2986947889
매드업,Ⅲ. 매출총이익(Ⅰ - Ⅱ),매출총이익,2024,32885567675
매드업,Ⅲ. 매출총이익(Ⅰ - Ⅱ),매출총이익,2025,47247479874
매드업,Ⅳ. 판매비와 관리비,판매비와관리비,2024,33292913116
매드업,Ⅳ. 판매비와 관리비,판매비와관리비,2025,38702953926
매드업,Ⅴ. 영업손익(Ⅲ - Ⅳ),영업이익,2024,-407345441
매드업,Ⅴ. 영업손익(Ⅲ - Ⅳ),영업이익,2025,8544525948
매드업,Ⅷ. 당기순손익(Ⅴ+Ⅵ-Ⅶ),당기순이익,2024,-2727928778
매드업,Ⅷ. 당기순손익(Ⅴ+Ⅵ-Ⅶ),당기순이익,2025,7758865962
매드업,① 인건비,급여,2024,19084371000
매드업,① 인건비,급여,2025,23105641000
매드업,① 인건비,퇴직급여,2024,1610112000
매드업,① 인건비,퇴직급여,2025,1849277000
매드업,② 복리후생비,교육훈련비,2024,14855000
매드업,② 복리후생비,교육훈련비,2025,23370000
매드업,② 복리후생비,도서인쇄비,2024,8687000
매드업,② 복리후생비,도서인쇄비,2025,10305000
매드업,② 복리후생비,복리후생비,2024,2443078000
매드업,② 복리후생비,복리후생비,2025,3151942000
매드업,② 복리후생비,여비교통비,2024,335082000
매드업,② 복리후생비,여비교통비,2025,370658000
매드업,③ 지급/용역수수료,지급수수료,2024,3063675000
매드업,③ 지급/용역수수료,지급수수료,2025,3796140000
매드업,④ 광고선전비,광고선전비,2024,125624000
매드업,④ 광고선전비,광고선전비,2025,245527000
매드업,⑤ 임차/관리비,건물관리비,2024,461299000
매드업,⑤ 임차/관리비,건물관리비,2025,475138000
매드업,⑤ 임차/관리비,수도광열비,2024,1872000
매드업,⑤ 임차/관리비,수도광열비,2025,2178000
매드업,⑤ 임차/관리비,지급임차료,2024,19764000
매드업,⑤ 임차/관리비,지급임차료,2025,55746000
매드업,⑥ 감가상각비,감가상각비,2024,2110274000
매드업,⑥ 감가상각비,감가상각비,2025,2439828000
매드업,⑥ 감가상각비,무형자산상각비,2024,31666000
매드업,⑥ 감가상각비,무형자산상각비,2025,30735000
매드업,⑦ 물류/운반비,운반비,2024,524618000
매드업,⑦ 물류/운반비,운반비,2025,453096000
매드업,⑦ 물류/운반비,포장비,2024,180244000
매드업,⑦ 물류/운반비,포장비,2025,139388000
매드업,⑨ 기타판관비,대손상각비,2024,20219000
매드업,⑨ 기타판관비,대손상각비,2025,137184000
매드업,⑨ 기타판관비,보험료,2024,180608000
매드업,⑨ 기타판관비,보험료,2025,217235000
매드업,⑨ 기타판관비,세금과공과금,2024,695260000
매드업,⑨ 기타판관비,세금과공과금,2025,909764000
매드업,⑨ 기타판관비,소모품비,2024,126383000
매드업,⑨ 기타판관비,소모품비,2025,174645000
매드업,⑨ 기타판관비,접대비,2024,42172000
매드업,⑨ 기타판관비,접대비,2025,44483000
매드업,⑨ 기타판관비,주식보상비용,2024,2179494000
매드업,⑨ 기타판관비,주식보상비용,2025,1038827000
매드업,⑨ 기타판관비,통신비,2024,26876000
매드업,⑨ 기타판관비,통신비,2025,25089000
매드업,⑨ 기타판관비,회의비,2024,6680000
매드업,⑨ 기타판관비,회의비,2025,6758000
매드업,부채총계,부채총계,2024,83581660890
매드업,부채총계,부채총계,2025,53754213576
매드업,순운전자본+,단기금융상품,2024,1700000000
매드업,순운전자본+,단기금융상품,2025,1700000000
매드업,순운전자본+,당기손익-공정가치금융자산,2024,2076600000
매드업,순운전자본+,당기손익-공정가치금융자산,2025,0
매드업,순운전자본+,매출채권및기타채권,2024,35078338954
매드업,순운전자본+,매출채권및기타채권,2025,48238416643
매드업,순운전자본+,현금및현금성자산,2024,17659482880
매드업,순운전자본+,현금및현금성자산,2025,25548911387
매드업,순운전자본-,기타유동금융부채,2024,16684536683
매드업,순운전자본-,기타유동금융부채,2025,735884979
매드업,순운전자본-,단기차입금,2024,6400000000
매드업,순운전자본-,단기차입금,2025,6400000000
매드업,순운전자본-,매입채무및기타채무,2024,35996116529
매드업,순운전자본-,매입채무및기타채무,2025,45137306752
매드업,영업활동현금흐름,영업활동으로인한현금흐름,2024,51396669
매드업,영업활동현금흐름,영업활동으로인한현금흐름,2025,9113686371
매드업,이익잉여금,이익잉여금,2024,-35638515211
매드업,이익잉여금,이익잉여금,2025,22914292957
매드업,자본총계,자본총계,2024,-15766316913
매드업,자본총계,자본총계,2025,34410297643
매드업,자산총계,자산총계,2024,67815343977
매드업,자산총계,자산총계,2025,88164511219
매드업,재고자산,재고자산,2024,862870604
매드업,재고자산,재고자산,2025,681585416
매드업,재무활동현금흐름,재무활동으로인한현금흐름,2024,-1644660021
매드업,재무활동현금흐름,재무활동으로인한현금흐름,2025,-1997437359
매드업,투자활동현금흐름,투자활동으로인한현금흐름,2024,1653419373
매드업,투자활동현금흐름,투자활동으로인한현금흐름,2025,886012860
매드업,현금의 증감,현금및현금성자산의순증가,2024,60156021
매드업,현금의 증감,현금및현금성자산의순증가,2025,8002261872
매스프레소,Ⅰ. 매출액,영업수익,2024,18658211573
매스프레소,Ⅰ. 매출액,영업수익,2025,16435768206
매스프레소,Ⅳ. 판매비와 관리비,영업비용,2024,34015719768
매스프레소,Ⅳ. 판매비와 관리비,영업비용,2025,27523315683
매스프레소,Ⅴ. 영업손익(Ⅲ - Ⅳ),영업이익,2024,-15357508195
매스프레소,Ⅴ. 영업손익(Ⅲ - Ⅳ),영업이익,2025,-11087547477
매스프레소,Ⅷ. 당기순손익(Ⅴ+Ⅵ-Ⅶ),당기순이익,2024,-16241670991
매스프레소,Ⅷ. 당기순손익(Ⅴ+Ⅵ-Ⅶ),당기순이익,2025,-9577165951
매스프레소,① 인건비,급여및상여,2024,10132922
매스프레소,① 인건비,급여및상여,2025,6580757
매스프레소,① 인건비,퇴직급여,2024,904019
매스프레소,① 인건비,퇴직급여,2025,672218
매스프레소,② 복리후생비,복리후생비,2024,1911795
매스프레소,② 복리후생비,복리후생비,2025,1162480
매스프레소,③ 지급/용역수수료,외주용역비,2024,7407829
매스프레소,③ 지급/용역수수료,외주용역비,2025,6724459
매스프레소,③ 지급/용역수수료,지급수수료,2024,5495955
매스프레소,③ 지급/용역수수료,지급수수료,2025,5009178
매스프레소,④ 광고선전비,광고선전비,2024,3374866
매스프레소,④ 광고선전비,광고선전비,2025,3579152
매스프레소,⑤ 임차/관리비,임차료,2024,2088271
매스프레소,⑤ 임차/관리비,임차료,2025,1162796
매스프레소,⑥ 감가상각비,감가상각비,2024,11558
매스프레소,⑥ 감가상각비,감가상각비,2025,23657
매스프레소,⑥ 감가상각비,무형자산상각비,2024,16875
매스프레소,⑥ 감가상각비,무형자산상각비,2025,19988
매스프레소,⑨ 기타판관비,기타,2024,2200531
매스프레소,⑨ 기타판관비,기타,2025,2196911
매스프레소,⑨ 기타판관비,상품매입비등,2024,136083
매스프레소,⑨ 기타판관비,상품매입비등,2025,64052
매스프레소,⑨ 기타판관비,연구개발비,2024,336350
매스프레소,⑨ 기타판관비,연구개발비,2025,330449
매스프레소,⑨ 기타판관비,포인트비용,2024,-1334000
매스프레소,⑨ 기타판관비,포인트비용,2025,-2781000
매스프레소,부채총계,부채총계,2024,11297115340
매스프레소,부채총계,부채총계,2025,11016651427
매스프레소,순운전자본+,단기금융상품,2024,1500000000
매스프레소,순운전자본+,단기금융상품,2025,300000000
매스프레소,순운전자본+,대손충당금,2025,-641680317
매스프레소,순운전자본+,매출채권,2024,2169780557
매스프레소,순운전자본+,매출채권,2025,1936633843
매스프레소,순운전자본+,미수금,2024,513947824
매스프레소,순운전자본+,미수금,2025,96334617
매스프레소,순운전자본+,현금및현금성자산,2024,7807484666
매스프레소,순운전자본+,현금및현금성자산,2025,3063694287
매스프레소,순운전자본-,단기차입금,2024,6400000000
매스프레소,순운전자본-,단기차입금,2025,6400000000
매스프레소,순운전자본-,미지급금,2024,1535389109
매스프레소,순운전자본-,미지급금,2025,1078417152
매스프레소,순운전자본-,미지급비용,2024,1196519248
매스프레소,순운전자본-,미지급비용,2025,674651321
매스프레소,순운전자본-,예수금,2024,169480020
매스프레소,순운전자본-,예수금,2025,230370651
매스프레소,영업활동현금흐름,영업활동으로인한현금흐름,2024,-14967839671
매스프레소,영업활동현금흐름,영업활동으로인한현금흐름,2025,-10264504688
매스프레소,이익잉여금,이익잉여금,2024,-147882211189
매스프레소,이익잉여금,이익잉여금,2025,-157459377140
매스프레소,자본총계,자본총계,2024,6211979817
매스프레소,자본총계,자본총계,2025,-3359029549
매스프레소,자산총계,자산총계,2024,17509095157
매스프레소,자산총계,자산총계,2025,7657621878
매스프레소,재무활동현금흐름,재무활동으로인한현금흐름,2024,96382238
매스프레소,재무활동현금흐름,재무활동으로인한현금흐름,2025,25845489
매스프레소,투자활동현금흐름,투자활동으로인한현금흐름,2024,14536194100
매스프레소,투자활동현금흐름,투자활동으로인한현금흐름,2025,5494868820
매스프레소,현금의 증감,현금의증가,2024,-335263333
매스프레소,현금의 증감,현금의증가,2025,-4743790379
멀티캠퍼스,Ⅰ. 매출액,매출액,2024,352740000000
멀티캠퍼스,Ⅰ. 매출액,매출액,2025,330827000000
멀티캠퍼스,Ⅱ. 매출원가,매출원가,2024,251566000000
멀티캠퍼스,Ⅱ. 매출원가,매출원가,2025,238525000000
멀티캠퍼스,Ⅲ. 매출총이익(Ⅰ - Ⅱ),매출총이익,2024,101173000000
멀티캠퍼스,Ⅲ. 매출총이익(Ⅰ - Ⅱ),매출총이익,2025,92302888567
멀티캠퍼스,Ⅳ. 판매비와 관리비,판매비와관리비,2024,62244442544
멀티캠퍼스,Ⅳ. 판매비와 관리비,판매비와관리비,2025,60410951469
멀티캠퍼스,Ⅴ. 영업손익(Ⅲ - Ⅳ),영업이익,2024,38928839417
멀티캠퍼스,Ⅴ. 영업손익(Ⅲ - Ⅳ),영업이익,2025,31891937098
멀티캠퍼스,Ⅷ. 당기순손익(Ⅴ+Ⅵ-Ⅶ),당기순이익,2024,31513316891
멀티캠퍼스,Ⅷ. 당기순손익(Ⅴ+Ⅵ-Ⅶ),당기순이익,2025,26384397732
멀티캠퍼스,① 인건비,급여,2024,39177885000
멀티캠퍼스,① 인건비,급여,2025,37165416000
멀티캠퍼스,① 인건비,퇴직급여,2024,2556936000
멀티캠퍼스,① 인건비,퇴직급여,2025,2810250000
멀티캠퍼스,② 복리후생비,복리후생비,2024,9165374000
멀티캠퍼스,② 복리후생비,복리후생비,2025,8692442000
멀티캠퍼스,② 복리후생비,여비교통비,2024,520564000
멀티캠퍼스,② 복리후생비,여비교통비,2025,410345000
멀티캠퍼스,③ 지급/용역수수료,지급수수료,2024,3775804000
멀티캠퍼스,③ 지급/용역수수료,지급수수료,2025,4454875000
멀티캠퍼스,⑤ 임차/관리비,사용권자산감가상각비,2024,1720361000
멀티캠퍼스,⑤ 임차/관리비,사용권자산감가상각비,2025,1740496000
멀티캠퍼스,⑤ 임차/관리비,지급임차료,2024,1344943000
멀티캠퍼스,⑤ 임차/관리비,지급임차료,2025,1373925000
멀티캠퍼스,⑥ 감가상각비,감가상각비,2024,341750000
멀티캠퍼스,⑥ 감가상각비,감가상각비,2025,404646000
멀티캠퍼스,⑥ 감가상각비,무형자산상각비,2024,53025000
멀티캠퍼스,⑥ 감가상각비,무형자산상각비,2025,19726000
멀티캠퍼스,⑨ 기타판관비,기타판매비와관리비,2024,3587801000
멀티캠퍼스,⑨ 기타판관비,기타판매비와관리비,2025,3338830000
멀티캠퍼스,리스부채,리스부채,2024,11449440183
멀티캠퍼스,리스부채,리스부채,2025,9768758254
멀티캠퍼스,리스부채,비유동리스부채,2024,25860205982
멀티캠퍼스,리스부채,비유동리스부채,2025,16406598496
멀티캠퍼스,부채총계,부채총계,2024,99690002918
멀티캠퍼스,부채총계,부채총계,2025,86699229810
멀티캠퍼스,사용권자산,사용권자산,2024,34666060900
멀티캠퍼스,사용권자산,사용권자산,2025,23942059876
멀티캠퍼스,순운전자본+,단기금융상품,2024,144258000000
멀티캠퍼스,순운전자본+,단기금융상품,2025,173564000000
멀티캠퍼스,순운전자본+,당기손익-공정가치측정금융자산,2024,1236365285
멀티캠퍼스,순운전자본+,당기손익-공정가치측정금융자산,2025,244405650
멀티캠퍼스,순운전자본+,매출채권,2024,40481461098
멀티캠퍼스,순운전자본+,매출채권,2025,35805100828
멀티캠퍼스,순운전자본+,미수금,2024,0
멀티캠퍼스,순운전자본+,미수금,2025,8383954
멀티캠퍼스,순운전자본+,현금및현금성자산,2024,22783067690
멀티캠퍼스,순운전자본+,현금및현금성자산,2025,10270891471
멀티캠퍼스,순운전자본-,매입채무,2024,13984997005
멀티캠퍼스,순운전자본-,매입채무,2025,11685981908
멀티캠퍼스,순운전자본-,미지급금,2024,1403964261
멀티캠퍼스,순운전자본-,미지급금,2025,2114539980
멀티캠퍼스,순운전자본-,미지급비용,2024,20255683786
멀티캠퍼스,순운전자본-,미지급비용,2025,15806746936
멀티캠퍼스,순운전자본-,부가세예수금,2024,3372179907
멀티캠퍼스,순운전자본-,부가세예수금,2025,3054435300
멀티캠퍼스,순운전자본-,예수금,2024,1314743056
멀티캠퍼스,순운전자본-,예수금,2025,1520430527
멀티캠퍼스,영업활동현금흐름,영업활동현금흐름,2024,46478325134
멀티캠퍼스,영업활동현금흐름,영업활동현금흐름,2025,43552902405
멀티캠퍼스,이익잉여금,이익잉여금,2024,234478000000
멀티캠퍼스,이익잉여금,이익잉여금,2025,248213000000
멀티캠퍼스,자본총계,자본총계,2024,221027000000
멀티캠퍼스,자본총계,자본총계,2025,235342000000
멀티캠퍼스,자산총계,자산총계,2024,320717000000
멀티캠퍼스,자산총계,자산총계,2025,322041000000
멀티캠퍼스,재무활동현금흐름,재무활동현금흐름,2024,-18963437868
멀티캠퍼스,재무활동현금흐름,재무활동현금흐름,2025,-23138130555
멀티캠퍼스,투자활동현금흐름,투자활동현금흐름,2024,-39142911718
멀티캠퍼스,투자활동현금흐름,투자활동현금흐름,2025,-32825212430
멀티캠퍼스,현금의 증감,현금및현금성자산의증감,2024,-11628024452
멀티캠퍼스,현금의 증감,현금및현금성자산의증감,2025,-12410440580
멋쟁이사자처럼,Ⅰ. 매출액,영업수익,2024,18421805718
멋쟁이사자처럼,Ⅰ. 매출액,영업수익,2025,27559033751
멋쟁이사자처럼,Ⅳ. 판매비와 관리비,영업비용,2024,19194919714
멋쟁이사자처럼,Ⅳ. 판매비와 관리비,영업비용,2025,23417596927
멋쟁이사자처럼,Ⅴ. 영업손익(Ⅲ - Ⅳ),영업이익,2024,-773113996
멋쟁이사자처럼,Ⅴ. 영업손익(Ⅲ - Ⅳ),영업이익,2025,4141436824
멋쟁이사자처럼,Ⅷ. 당기순손익(Ⅴ+Ⅵ-Ⅶ),당기순이익,2024,-1532416475
멋쟁이사자처럼,Ⅷ. 당기순손익(Ⅴ+Ⅵ-Ⅶ),당기순이익,2025,1903627860
멋쟁이사자처럼,① 인건비,급여,2024,5169566753
멋쟁이사자처럼,① 인건비,급여,2025,5778778241
멋쟁이사자처럼,① 인건비,퇴직급여,2024,613026938
멋쟁이사자처럼,① 인건비,퇴직급여,2025,737679662
멋쟁이사자처럼,② 복리후생비,복리후생비,2024,645367220
멋쟁이사자처럼,② 복리후생비,복리후생비,2025,643068034
멋쟁이사자처럼,② 복리후생비,여비교통비,2024,66199902
멋쟁이사자처럼,② 복리후생비,여비교통비,2025,116600264
멋쟁이사자처럼,③ 지급/용역수수료,외주용역비,2024,5044929502
멋쟁이사자처럼,③ 지급/용역수수료,외주용역비,2025,6869177538
멋쟁이사자처럼,③ 지급/용역수수료,지급수수료,2024,773626569
멋쟁이사자처럼,③ 지급/용역수수료,지급수수료,2025,865582486
멋쟁이사자처럼,④ 광고선전비,광고선전비,2024,1762003840
멋쟁이사자처럼,④ 광고선전비,광고선전비,2025,3559938111
멋쟁이사자처럼,⑤ 임차/관리비,건물관리비,2024,562774162
멋쟁이사자처럼,⑤ 임차/관리비,건물관리비,2025,600652047
멋쟁이사자처럼,⑤ 임차/관리비,지급임차료,2024,1551081981
멋쟁이사자처럼,⑤ 임차/관리비,지급임차료,2025,1557936076
멋쟁이사자처럼,⑥ 감가상각비,감가상각비,2024,316609835
멋쟁이사자처럼,⑥ 감가상각비,감가상각비,2025,201479120
멋쟁이사자처럼,⑥ 감가상각비,무형자산상각비,2024,342146608
멋쟁이사자처럼,⑥ 감가상각비,무형자산상각비,2025,239456949
멋쟁이사자처럼,⑨ 기타판관비,기타영업비용,2024,299593774
멋쟁이사자처럼,⑨ 기타판관비,기타영업비용,2025,273244061
멋쟁이사자처럼,⑨ 기타판관비,세금과공과금,2024,273112908
멋쟁이사자처럼,⑨ 기타판관비,세금과공과금,2025,199140168
멋쟁이사자처럼,⑨ 기타판관비,프로젝트비,2024,1007560634
멋쟁이사자처럼,⑨ 기타판관비,프로젝트비,2025,1576058162
멋쟁이사자처럼,⑨ 기타판관비,해외시장개척비,2024,767319088
멋쟁이사자처럼,⑨ 기타판관비,해외시장개척비,2025,198806008
멋쟁이사자처럼,부채총계,부채총계,2024,9986537248
멋쟁이사자처럼,부채총계,부채총계,2025,11488011131
멋쟁이사자처럼,순운전자본+,매출채권,2024,2235665140
멋쟁이사자처럼,순운전자본+,매출채권,2025,3199218269
멋쟁이사자처럼,순운전자본+,미수금,2024,942837600
멋쟁이사자처럼,순운전자본+,미수금,2025,943522932
멋쟁이사자처럼,순운전자본+,현금및현금성자산,2024,2475841568
멋쟁이사자처럼,순운전자본+,현금및현금성자산,2025,3948221201
멋쟁이사자처럼,순운전자본-,단기차입금,2024,7400000000
멋쟁이사자처럼,순운전자본-,단기차입금,2025,8220000000
멋쟁이사자처럼,순운전자본-,매입채무,2024,444685403
멋쟁이사자처럼,순운전자본-,미지급금,2024,81208851
멋쟁이사자처럼,순운전자본-,미지급금,2025,1812546666
멋쟁이사자처럼,순운전자본-,미지급비용,2024,778572281
멋쟁이사자처럼,순운전자본-,미지급비용,2025,191952512
멋쟁이사자처럼,순운전자본-,부가세예수금,2024,81391620
멋쟁이사자처럼,순운전자본-,부가세예수금,2025,123777890
멋쟁이사자처럼,순운전자본-,예수금,2024,44810180
멋쟁이사자처럼,순운전자본-,예수금,2025,66608950
멋쟁이사자처럼,영업활동현금흐름,영업활동으로인한현금흐름,2024,-2016791217
멋쟁이사자처럼,영업활동현금흐름,영업활동으로인한현금흐름,2025,3299742484
멋쟁이사자처럼,이익잉여금,이익잉여금,2024,1665780161
멋쟁이사자처럼,이익잉여금,이익잉여금,2025,3569408021
멋쟁이사자처럼,자본총계,자본총계,2024,4578736919
멋쟁이사자처럼,자본총계,자본총계,2025,6482364779
멋쟁이사자처럼,자산총계,자산총계,2024,14565274167
멋쟁이사자처럼,자산총계,자산총계,2025,17970375910
멋쟁이사자처럼,재무활동현금흐름,재무활동으로인한현금흐름,2024,2351766562
멋쟁이사자처럼,재무활동현금흐름,재무활동으로인한현금흐름,2025,780000000
멋쟁이사자처럼,투자활동현금흐름,투자활동으로인한현금흐름,2024,-309306970
멋쟁이사자처럼,투자활동현금흐름,투자활동으로인한현금흐름,2025,-2607362851
멋쟁이사자처럼,현금의 증감,현금의증가,2024,25668375
멋쟁이사자처럼,현금의 증감,현금의증가,2025,1472379633
메가커피,Ⅰ. 매출액,매출액,2024,495993000000
메가커피,Ⅰ. 매출액,매출액,2025,646936000000
메가커피,Ⅱ. 매출원가,매출원가,2024,294251000000
메가커피,Ⅱ. 매출원가,매출원가,2025,411584000000
메가커피,Ⅲ. 매출총이익(Ⅰ - Ⅱ),매출총이익,2024,201743000000
메가커피,Ⅲ. 매출총이익(Ⅰ - Ⅱ),매출총이익,2025,235352000000
메가커피,Ⅳ. 판매비와 관리비,판매비와관리비,2024,94136482592
메가커피,Ⅳ. 판매비와 관리비,판매비와관리비,2025,123953000000
메가커피,Ⅴ. 영업손익(Ⅲ - Ⅳ),영업이익,2024,107606000000
메가커피,Ⅴ. 영업손익(Ⅲ - Ⅳ),영업이익,2025,111399000000
메가커피,Ⅷ. 당기순손익(Ⅴ+Ⅵ-Ⅶ),당기순이익,2024,81684301184
메가커피,Ⅷ. 당기순손익(Ⅴ+Ⅵ-Ⅶ),당기순이익,2025,84215960503
메가커피,① 인건비,급여및상여,2024,18179501721
메가커피,① 인건비,급여및상여,2025,23620318996
메가커피,① 인건비,퇴직급여,2024,1388465019
메가커피,① 인건비,퇴직급여,2025,1684631973
메가커피,② 복리후생비,교육훈련비,2024,51767874
메가커피,② 복리후생비,교육훈련비,2025,79144774
메가커피,② 복리후생비,도서인쇄비,2024,24226869
메가커피,② 복리후생비,도서인쇄비,2025,34592072
메가커피,② 복리후생비,복리후생비,2024,1283298971
메가커피,② 복리후생비,복리후생비,2025,1471572324
메가커피,② 복리후생비,여비교통비,2024,879086447
메가커피,② 복리후생비,여비교통비,2025,879868228
메가커피,③ 지급/용역수수료,지급수수료,2024,3773467315
메가커피,③ 지급/용역수수료,지급수수료,2025,4096189525
메가커피,③ 지급/용역수수료,판매수수료,2024,312852703
메가커피,③ 지급/용역수수료,판매수수료,2025,363155722
메가커피,④ 광고선전비,광고선전비,2024,18845303356
메가커피,④ 광고선전비,광고선전비,2025,32284036998
메가커피,⑤ 임차/관리비,건물관리비,2024,532803108
메가커피,⑤ 임차/관리비,건물관리비,2025,666847191
메가커피,⑤ 임차/관리비,수도광열비,2024,126653121
메가커피,⑤ 임차/관리비,수도광열비,2025,148649292
메가커피,⑤ 임차/관리비,전력비,2024,314062930
메가커피,⑤ 임차/관리비,전력비,2025,417465096
메가커피,⑤ 임차/관리비,지급임차료,2024,4102021903
메가커피,⑤ 임차/관리비,지급임차료,2025,5022131727
메가커피,⑥ 감가상각비,감가상각비,2024,1100388674
메가커피,⑥ 감가상각비,감가상각비,2025,1503035711
메가커피,⑥ 감가상각비,무형자산상각비,2024,9171355968
메가커피,⑥ 감가상각비,무형자산상각비,2025,9210724200
메가커피,⑦ 물류/운반비,운반비,2024,29409921672
메가커피,⑦ 물류/운반비,운반비,2025,38202248458
메가커피,⑨ 기타판관비,가맹교육비,2024,226487958
메가커피,⑨ 기타판관비,가맹교육비,2025,210834665
메가커피,⑨ 기타판관비,경상연구개발비,2024,48029494
메가커피,⑨ 기타판관비,경상연구개발비,2025,77542457
메가커피,⑨ 기타판관비,대손상각비,2024,77516112
메가커피,⑨ 기타판관비,대손상각비,2025,-70942243
메가커피,⑨ 기타판관비,보험료,2024,369156449
메가커피,⑨ 기타판관비,보험료,2025,469230129
메가커피,⑨ 기타판관비,복구충당전입,2024,-14098147
메가커피,⑨ 기타판관비,복구충당전입,2025,-11057722
메가커피,⑨ 기타판관비,사무용품비,2024,69159524
메가커피,⑨ 기타판관비,사무용품비,2025,49967768
메가커피,⑨ 기타판관비,세금과공과금,2024,2573935448
메가커피,⑨ 기타판관비,세금과공과금,2025,1949237495
메가커피,⑨ 기타판관비,소모품비,2024,675243724
메가커피,⑨ 기타판관비,소모품비,2025,1060820724
메가커피,⑨ 기타판관비,수선비,2024,2400000
메가커피,⑨ 기타판관비,수선비,2025,13999000
메가커피,⑨ 기타판관비,수출경비,2024,1859362
메가커피,⑨ 기타판관비,수출경비,2025,3585919
메가커피,⑨ 기타판관비,접대비,2024,395464772
메가커피,⑨ 기타판관비,접대비,2025,262373937
메가커피,⑨ 기타판관비,차량유지비,2024,60365539
메가커피,⑨ 기타판관비,차량유지비,2025,73301994
메가커피,⑨ 기타판관비,통신비,2024,155784706
메가커피,⑨ 기타판관비,통신비,2025,179753504
메가커피,부채총계,부채총계,2024,115530000000
메가커피,부채총계,부채총계,2025,183093000000
메가커피,순운전자본+,단기금융상품,2024,92656000000
메가커피,순운전자본+,단기금융상품,2025,31980000000
메가커피,순운전자본+,대손충당금,2024,-98045461
메가커피,순운전자본+,대손충당금,2025,-27103218
메가커피,순운전자본+,매출채권,2024,9804546131
메가커피,순운전자본+,매출채권,2025,2710321809
메가커피,순운전자본+,미수금,2024,874336068
메가커피,순운전자본+,미수금,2025,1021506865
메가커피,순운전자본+,현금및현금성자산,2024,57128903590
메가커피,순운전자본+,현금및현금성자산,2025,153475000000
메가커피,순운전자본-,단기차입금,2024,40088297710
메가커피,순운전자본-,단기차입금,2025,105750000000
메가커피,순운전자본-,매입채무,2024,27790068315
메가커피,순운전자본-,매입채무,2025,26930701956
메가커피,순운전자본-,미지급금,2024,5476816426
메가커피,순운전자본-,미지급금,2025,6551116867
메가커피,순운전자본-,미지급비용,2024,5393612397
메가커피,순운전자본-,미지급비용,2025,4160141599
메가커피,순운전자본-,부가세예수금,2024,3782951760
메가커피,순운전자본-,부가세예수금,2025,5252739920
메가커피,순운전자본-,예수금,2024,549262309
메가커피,순운전자본-,예수금,2025,647821003
메가커피,영업활동현금흐름,영업활동으로인한현금흐름,2024,97210250940
메가커피,영업활동현금흐름,영업활동으로인한현금흐름,2025,87710519840
메가커피,이익잉여금,이익잉여금,2024,159829000000
메가커피,이익잉여금,이익잉여금,2025,155790000000
메가커피,자본총계,자본총계,2024,141354000000
메가커피,자본총계,자본총계,2025,135683000000
메가커피,자산총계,자산총계,2024,256884000000
메가커피,자산총계,자산총계,2025,318775000000
메가커피,재고자산,재고자산,2024,24144632137
메가커피,재고자산,재고자산,2025,38954070362
메가커피,재무활동현금흐름,재무활동으로인한현금흐름,2024,-51668982776
메가커피,재무활동현금흐름,재무활동으로인한현금흐름,2025,-23872343405
메가커피,투자활동현금흐름,투자활동으로인한현금흐름,2024,-64846934781
메가커피,투자활동현금흐름,투자활동으로인한현금흐름,2025,32508327600
메가커피,현금의 증감,현금의증가,2024,-19305666617
메가커피,현금의 증감,현금의증가,2025,96346504035
명륜당,Ⅰ. 매출액,매출액,2024,242009000000
명륜당,Ⅰ. 매출액,매출액,2025,449316000000
명륜당,Ⅱ. 매출원가,매출원가,2024,159368000000
명륜당,Ⅱ. 매출원가,매출원가,2025,254808000000
명륜당,Ⅲ. 매출총이익(Ⅰ - Ⅱ),매출총이익,2024,82641358235
명륜당,Ⅲ. 매출총이익(Ⅰ - Ⅱ),매출총이익,2025,194508000000
명륜당,Ⅳ. 판매비와 관리비,판매비와관리비,2024,61090641120
명륜당,Ⅳ. 판매비와 관리비,판매비와관리비,2025,183100000000
명륜당,Ⅴ. 영업손익(Ⅲ - Ⅳ),영업이익,2024,21550717115
명륜당,Ⅴ. 영업손익(Ⅲ - Ⅳ),영업이익,2025,11408356431
명륜당,Ⅷ. 당기순손익(Ⅴ+Ⅵ-Ⅶ),당기순이익,2024,16918595533
명륜당,Ⅷ. 당기순손익(Ⅴ+Ⅵ-Ⅶ),당기순이익,2025,-7668109295
명륜당,① 인건비,급여,2024,13557706962
명륜당,① 인건비,급여,2025,17052510776
명륜당,① 인건비,퇴직급여,2024,725061205
명륜당,① 인건비,퇴직급여,2025,848830607
명륜당,② 복리후생비,교육훈련비,2024,20090924
명륜당,② 복리후생비,교육훈련비,2025,16753910
명륜당,② 복리후생비,도서인쇄비,2024,208186614
명륜당,② 복리후생비,도서인쇄비,2025,70867026
명륜당,② 복리후생비,복리후생비,2024,1783228133
명륜당,② 복리후생비,복리후생비,2025,2390351885
명륜당,② 복리후생비,여비교통비,2024,1490464716
명륜당,② 복리후생비,여비교통비,2025,1047155346
명륜당,③ 지급/용역수수료,외주용역비,2024,0
명륜당,③ 지급/용역수수료,외주용역비,2025,1708969204
명륜당,③ 지급/용역수수료,위탁운영비,2024,0
명륜당,③ 지급/용역수수료,위탁운영비,2025,32175817474
명륜당,③ 지급/용역수수료,지급수수료,2024,4049912906
명륜당,③ 지급/용역수수료,지급수수료,2025,69152123479
명륜당,③ 지급/용역수수료,지방위탁수수료,2024,0
명륜당,③ 지급/용역수수료,지방위탁수수료,2025,2655533591
명륜당,④ 광고선전비,광고선전비,2024,14850377473
명륜당,④ 광고선전비,광고선전비,2025,3434062356
명륜당,④ 광고선전비,판매촉진비,2024,9735474801
명륜당,④ 광고선전비,판매촉진비,2025,6398945248
명륜당,⑤ 임차/관리비,건물관리비,2024,137559725
명륜당,⑤ 임차/관리비,건물관리비,2025,1951594745
명륜당,⑤ 임차/관리비,수도광열비,2024,133907971
명륜당,⑤ 임차/관리비,수도광열비,2025,1683350312
명륜당,⑤ 임차/관리비,임차료,2024,2077022550
명륜당,⑤ 임차/관리비,임차료,2025,11898654197
명륜당,⑤ 임차/관리비,전력비,2024,412217192
명륜당,⑤ 임차/관리비,전력비,2025,3487107545
명륜당,⑤ 임차/관리비,주차관리비,2024,0
명륜당,⑤ 임차/관리비,주차관리비,2025,233863966
명륜당,⑥ 감가상각비,감가상각비,2024,1253834289
명륜당,⑥ 감가상각비,감가상각비,2025,8523594589
명륜당,⑥ 감가상각비,무형자산상각비,2024,179044011
명륜당,⑥ 감가상각비,무형자산상각비,2025,1925684838
명륜당,⑦ 물류/운반비,보관료,2024,88261170
명륜당,⑦ 물류/운반비,보관료,2025,115117970
명륜당,⑦ 물류/운반비,운반비,2024,7483054496
명륜당,⑦ 물류/운반비,운반비,2025,4820387915
명륜당,⑨ 기타판관비,간선비,2024,0
명륜당,⑨ 기타판관비,간선비,2025,1132521419
명륜당,⑨ 기타판관비,기타운영비,2024,0
명륜당,⑨ 기타판관비,기타운영비,2025,120670968
명륜당,⑨ 기타판관비,대손상각비,2024,78518192
명륜당,⑨ 기타판관비,대손상각비,2025,359019002
명륜당,⑨ 기타판관비,보험료,2024,261841887
명륜당,⑨ 기타판관비,보험료,2025,736799286
명륜당,⑨ 기타판관비,세금과공과,2024,486091665
명륜당,⑨ 기타판관비,세금과공과,2025,3312522514
명륜당,⑨ 기타판관비,소모품비,2024,1368561551
명륜당,⑨ 기타판관비,소모품비,2025,4780179035
명륜당,⑨ 기타판관비,수선비,2024,38321241
명륜당,⑨ 기타판관비,수선비,2025,288822612
명륜당,⑨ 기타판관비,접대비,2024,377042312
명륜당,⑨ 기타판관비,접대비,2025,252825003
명륜당,⑨ 기타판관비,차량유지비,2024,230143371
명륜당,⑨ 기타판관비,차량유지비,2025,219717181
명륜당,⑨ 기타판관비,통신비,2024,64715763
명륜당,⑨ 기타판관비,통신비,2025,305237211
명륜당,부채총계,부채총계,2024,113137000000
명륜당,부채총계,부채총계,2025,201419000000
명륜당,순운전자본+,단기금융상품,2024,164887723
명륜당,순운전자본+,단기금융상품,2025,92887723
명륜당,순운전자본+,단기매매증권,2024,1000000000
명륜당,순운전자본+,단기매매증권,2025,0
명륜당,순운전자본+,대손충당금,2024,-450523451
명륜당,순운전자본+,대손충당금,2025,-3311309335
명륜당,순운전자본+,매출채권,2024,3214736396
명륜당,순운전자본+,매출채권,2025,6532750999
명륜당,순운전자본+,미수금,2024,386840626
명륜당,순운전자본+,미수금,2025,8117822757
명륜당,순운전자본+,현금및현금성자산,2024,4091051176
명륜당,순운전자본+,현금및현금성자산,2025,20442214132
명륜당,순운전자본-,단기차입금,2024,77504000000
명륜당,순운전자본-,단기차입금,2025,75799986000
명륜당,순운전자본-,매입채무,2024,993846795
명륜당,순운전자본-,매입채무,2025,9580542910
명륜당,순운전자본-,미지급금,2024,7714633495
명륜당,순운전자본-,미지급금,2025,95849591833
명륜당,순운전자본-,미지급비용,2024,1449420661
명륜당,순운전자본-,미지급비용,2025,1480223972
명륜당,순운전자본-,부가세예수금,2024,325799842
명륜당,순운전자본-,부가세예수금,2025,1967837697
명륜당,순운전자본-,예수금,2024,4506588866
명륜당,순운전자본-,예수금,2025,3872461472
명륜당,순운전자본-,유동성장기부채,2024,3353232000
명륜당,순운전자본-,유동성장기부채,2025,3419924000
명륜당,영업활동현금흐름,영업활동으로인한현금흐름,2024,-605397827
명륜당,영업활동현금흐름,영업활동으로인한현금흐름,2025,42492996725
명륜당,이익잉여금,연결이익잉여금,2024,83629107262
명륜당,이익잉여금,연결이익잉여금,2025,73340541732
명륜당,자본총계,자본총계,2024,83680588394
명륜당,자본총계,자본총계,2025,73711317641
명륜당,자산총계,자산총계,2024,196818000000
명륜당,자산총계,자산총계,2025,275130000000
명륜당,재고자산,재고자산,2024,3946609176
명륜당,재고자산,재고자산,2025,11047757268
명륜당,재무활동현금흐름,재무활동으로인한현금흐름,2024,48491381400
명륜당,재무활동현금흐름,재무활동으로인한현금흐름,2025,-12262246000
명륜당,투자활동현금흐름,투자활동으로인한현금흐름,2024,-56206495401
명륜당,투자활동현금흐름,투자활동으로인한현금흐름,2025,-13879587769
명륜당,현금의 증감,현금의증가,2024,-8320511828
명륜당,현금의 증감,현금의증가,2025,16351162956
몰로코,Ⅰ. 매출액,영업수익,2024,53423211031
몰로코,Ⅰ. 매출액,영업수익,2025,62740853869
몰로코,Ⅳ. 판매비와 관리비,영업비용,2024,50112683123
몰로코,Ⅳ. 판매비와 관리비,영업비용,2025,58418962813
몰로코,Ⅴ. 영업손익(Ⅲ - Ⅳ),영업이익,2024,3310527908
몰로코,Ⅴ. 영업손익(Ⅲ - Ⅳ),영업이익,2025,4321891056
몰로코,Ⅷ. 당기순손익(Ⅴ+Ⅵ-Ⅶ),당기순이익,2024,1064933096
몰로코,Ⅷ. 당기순손익(Ⅴ+Ⅵ-Ⅶ),당기순이익,2025,1137063591
몰로코,① 인건비,급여,2024,17247908794
몰로코,① 인건비,급여,2025,20196644010
몰로코,① 인건비,상여금,2024,4138344528
몰로코,① 인건비,상여금,2025,5783584495
몰로코,① 인건비,제수당,2024,348925094
몰로코,① 인건비,제수당,2025,339470130
몰로코,① 인건비,퇴직급여,2024,2026867553
몰로코,① 인건비,퇴직급여,2025,2811164118
몰로코,② 복리후생비,교육훈련비,2024,236815905
몰로코,② 복리후생비,교육훈련비,2025,261130021
몰로코,② 복리후생비,복리후생비,2024,3114111468
몰로코,② 복리후생비,복리후생비,2025,3627899458
몰로코,② 복리후생비,여비교통비,2024,1413362038
몰로코,② 복리후생비,여비교통비,2025,1587869014
몰로코,③ 지급/용역수수료,외주용역비,2024,344920579
몰로코,③ 지급/용역수수료,외주용역비,2025,288452000
몰로코,③ 지급/용역수수료,지급수수료,2024,733026083
몰로코,③ 지급/용역수수료,지급수수료,2025,504350303
몰로코,④ 광고선전비,광고선전비,2024,733803121
몰로코,④ 광고선전비,광고선전비,2025,1084760920
몰로코,⑤ 임차/관리비,수도광열비,2024,9871481
몰로코,⑤ 임차/관리비,수도광열비,2025,8791706
몰로코,⑤ 임차/관리비,지급임차료,2024,4608965073
몰로코,⑤ 임차/관리비,지급임차료,2025,4765101054
몰로코,⑥ 감가상각비,감가상각비,2024,1617319269
몰로코,⑥ 감가상각비,감가상각비,2025,1560736542
몰로코,⑦ 물류/운반비,운반비,2024,5082133
몰로코,⑦ 물류/운반비,운반비,2025,7213326
몰로코,⑨ 기타판관비,보험료,2024,218348434
몰로코,⑨ 기타판관비,보험료,2025,255223321
몰로코,⑨ 기타판관비,세금과공과금,2024,627682822
몰로코,⑨ 기타판관비,세금과공과금,2025,791159562
몰로코,⑨ 기타판관비,소모품비,2024,461755174
몰로코,⑨ 기타판관비,소모품비,2025,341527946
몰로코,⑨ 기타판관비,수선유지비,2024,1458441896
몰로코,⑨ 기타판관비,수선유지비,2025,1486970884
몰로코,⑨ 기타판관비,접대비,2024,31029795
몰로코,⑨ 기타판관비,접대비,2025,32252161
몰로코,⑨ 기타판관비,주식보상비용,2024,10474123727
몰로코,⑨ 기타판관비,주식보상비용,2025,12407194134
몰로코,⑨ 기타판관비,통신비,2024,261978156
몰로코,⑨ 기타판관비,통신비,2025,277467708
몰로코,부채총계,부채총계,2024,9780947360
몰로코,부채총계,부채총계,2025,13251094772
몰로코,순운전자본+,매출채권,2024,19167644443
몰로코,순운전자본+,매출채권,2025,24759845818
몰로코,순운전자본+,현금및현금성자산,2024,11336979226
몰로코,순운전자본+,현금및현금성자산,2025,23264277903
몰로코,순운전자본-,미지급금,2024,776818843
몰로코,순운전자본-,미지급금,2025,923059391
몰로코,순운전자본-,미지급비용,2024,4051340857
몰로코,순운전자본-,미지급비용,2025,5201935803
몰로코,순운전자본-,예수금,2024,302066503
몰로코,순운전자본-,예수금,2025,292573933
몰로코,영업활동현금흐름,영업활동으로인한현금흐름,2024,4025692568
몰로코,영업활동현금흐름,영업활동으로인한현금흐름,2025,11952898677
몰로코,이익잉여금,이익잉여금,2024,2907460066
몰로코,이익잉여금,이익잉여금,2025,4044523657
몰로코,자본총계,자본총계,2024,30892735098
몰로코,자본총계,자본총계,2025,44436992823
몰로코,자산총계,자산총계,2024,40673682458
몰로코,자산총계,자산총계,2025,57688087595
몰로코,재무활동현금흐름,재무활동으로인한현금흐름,2024,0
몰로코,재무활동현금흐름,재무활동으로인한현금흐름,2025,0
몰로코,투자활동현금흐름,투자활동으로인한현금흐름,2024,-600000000
몰로코,투자활동현금흐름,투자활동으로인한현금흐름,2025,-25600000
몰로코,현금의 증감,현금의증가,2024,3425692568
몰로코,현금의 증감,현금의증가,2025,11927298677
무신사,Ⅰ. 매출액,매출액,2024,1242730000000
무신사,Ⅰ. 매출액,매출액,2025,1467880000000
무신사,Ⅱ. 매출원가,매출원가,2024,540896000000
무신사,Ⅱ. 매출원가,매출원가,2025,597806000000
무신사,Ⅲ. 매출총이익(Ⅰ - Ⅱ),매출총이익,2024,701832000000
무신사,Ⅲ. 매출총이익(Ⅰ - Ⅱ),매출총이익,2025,870077000000
무신사,Ⅳ. 판매비와 관리비,판매비와관리비,2024,599014000000
무신사,Ⅳ. 판매비와 관리비,판매비와관리비,2025,729589000000
무신사,Ⅴ. 영업손익(Ⅲ - Ⅳ),영업이익,2024,102818000000
무신사,Ⅴ. 영업손익(Ⅲ - Ⅳ),영업이익,2025,140488000000
무신사,Ⅷ. 당기순손익(Ⅴ+Ⅵ-Ⅶ),당기순이익,2024,13127904093
무신사,Ⅷ. 당기순손익(Ⅴ+Ⅵ-Ⅶ),당기순이익,2025,7720184118
무신사,① 인건비,급여,2024,164528000000
무신사,① 인건비,급여,2025,186554000000
무신사,① 인건비,퇴직급여,2024,12256926000
무신사,① 인건비,퇴직급여,2025,13705095000
무신사,② 복리후생비,도서인쇄비,2024,49801000
무신사,② 복리후생비,도서인쇄비,2025,18674000
무신사,② 복리후생비,복리후생비,2024,11961069000
무신사,② 복리후생비,복리후생비,2025,15032289000
무신사,② 복리후생비,여비교통비,2024,1671127000
무신사,② 복리후생비,여비교통비,2025,2347677000
무신사,③ 지급/용역수수료,외주인건비,2024,21112485000
무신사,③ 지급/용역수수료,외주인건비,2025,33380732000
무신사,③ 지급/용역수수료,지급수수료,2024,143920000000
무신사,③ 지급/용역수수료,지급수수료,2025,166239000000
무신사,④ 광고선전비,광고선전비,2024,94486600000
무신사,④ 광고선전비,광고선전비,2025,104041000000
무신사,④ 광고선전비,판매촉진비,2024,25874631000
무신사,④ 광고선전비,판매촉진비,2025,26301193000
무신사,⑤ 임차/관리비,건물관리비,2024,10342748000
무신사,⑤ 임차/관리비,건물관리비,2025,12904662000
무신사,⑤ 임차/관리비,지급임차료,2024,7128778000
무신사,⑤ 임차/관리비,지급임차료,2025,12881327000
무신사,⑥ 감가상각비,감가상각비,2024,44595776000
무신사,⑥ 감가상각비,감가상각비,2025,57059340000
무신사,⑥ 감가상각비,무형자산상각비,2024,6260401000
무신사,⑥ 감가상각비,무형자산상각비,2025,6668546000
무신사,⑨ 기타판관비,기타,2024,4278118000
무신사,⑨ 기타판관비,기타,2025,39234930000
무신사,⑨ 기타판관비,대손상각비,2024,1164069000
무신사,⑨ 기타판관비,대손상각비,2025,793021000
무신사,⑨ 기타판관비,보험료,2024,4657948000
무신사,⑨ 기타판관비,보험료,2025,6242091000
무신사,⑨ 기타판관비,세금과공과금,2024,10880790000
무신사,⑨ 기타판관비,세금과공과금,2025,9631177000
무신사,⑨ 기타판관비,소모품비,2024,8322244000
무신사,⑨ 기타판관비,소모품비,2025,11481585000
무신사,⑨ 기타판관비,접대비,2024,942472000
무신사,⑨ 기타판관비,접대비,2025,831718000
무신사,⑨ 기타판관비,주식보상비용,2024,15891140000
무신사,⑨ 기타판관비,주식보상비용,2025,15803921000
무신사,⑨ 기타판관비,촬영진행비,2024,7556470000
무신사,⑨ 기타판관비,촬영진행비,2025,7230046000
무신사,⑨ 기타판관비,통신비,2024,1131732000
무신사,⑨ 기타판관비,통신비,2025,1206415000
무신사,리스부채,비유동리스부채,2024,206686000000
무신사,리스부채,비유동리스부채,2025,274519000000
무신사,리스부채,유동리스부채,2024,48075021680
무신사,리스부채,유동리스부채,2025,74059927089
무신사,부채총계,부채총계,2024,1999710000000
무신사,부채총계,부채총계,2025,2142890000000
무신사,사용권자산,사용권자산,2024,187979000000
무신사,사용권자산,사용권자산,2025,292286000000
무신사,순운전자본+,매출채권및기타채권,2024,120874000000
무신사,순운전자본+,매출채권및기타채권,2025,155354000000
무신사,순운전자본+,유동금융자산,2024,29788400000
무신사,순운전자본+,유동금융자산,2025,10010000000
무신사,순운전자본+,현금및현금성자산,2024,682415000000
무신사,순운전자본+,현금및현금성자산,2025,571814000000
무신사,순운전자본-,단기차입금및유동성장기부채,2024,157030000000
무신사,순운전자본-,단기차입금및유동성장기부채,2025,72529985940
무신사,순운전자본-,매입채무및기타채무,2024,116959000000
무신사,순운전자본-,매입채무및기타채무,2025,122693000000
무신사,영업활동현금흐름,영업활동으로인한현금흐름,2024,456906000000
무신사,영업활동현금흐름,영업활동으로인한현금흐름,2025,206184000000
무신사,이익잉여금,이익잉여금,2024,113448000000
무신사,이익잉여금,이익잉여금,2025,123955000000
무신사,자본총계,자본총계,2024,261008000000
무신사,자본총계,자본총계,2025,294834000000
무신사,자산총계,자산총계,2024,2260720000000
무신사,자산총계,자산총계,2025,2437720000000
무신사,재고자산,재고자산,2024,334158000000
무신사,재고자산,재고자산,2025,359884000000
무신사,재무활동현금흐름,재무활동으로인한현금흐름,2024,-76406148839
무신사,재무활동현금흐름,재무활동으로인한현금흐름,2025,-166000000000
무신사,투자활동현금흐름,투자활동으로인한현금흐름,2024,-120840000000
무신사,투자활동현금흐름,투자활동으로인한현금흐름,2025,-149524000000
무신사,현금의 증감,현금및현금성자산의증가,2024,262230000000
무신사,현금의 증감,현금및현금성자산의증가,2025,-110602000000
버즈빌,Ⅰ. 매출액,영업수익,2024,101224000000
버즈빌,Ⅰ. 매출액,영업수익,2025,98387309773
버즈빌,Ⅳ. 판매비와 관리비,영업비용,2024,96834346368
버즈빌,Ⅳ. 판매비와 관리비,영업비용,2025,95191530795
버즈빌,Ⅴ. 영업손익(Ⅲ - Ⅳ),영업이익,2024,4389538520
버즈빌,Ⅴ. 영업손익(Ⅲ - Ⅳ),영업이익,2025,3195778978
버즈빌,Ⅷ. 당기순손익(Ⅴ+Ⅵ-Ⅶ),당기순이익,2024,1679584028
버즈빌,Ⅷ. 당기순손익(Ⅴ+Ⅵ-Ⅶ),당기순이익,2025,5437687963
버즈빌,① 인건비,급여,2024,12151260000
버즈빌,① 인건비,급여,2025,11867226000
버즈빌,① 인건비,퇴직급여,2024,1017406000
버즈빌,① 인건비,퇴직급여,2025,1061013000
버즈빌,② 복리후생비,도서인쇄비,2024,27606000
버즈빌,② 복리후생비,도서인쇄비,2025,15247000
버즈빌,② 복리후생비,복리후생비,2024,1081994000
버즈빌,② 복리후생비,복리후생비,2025,1160763000
버즈빌,② 복리후생비,여비교통비,2024,117052000
버즈빌,② 복리후생비,여비교통비,2025,157862000
버즈빌,③ 지급/용역수수료,지급수수료,2024,79890636000
버즈빌,③ 지급/용역수수료,지급수수료,2025,78317518000
버즈빌,④ 광고선전비,광고선전비,2024,10648000
버즈빌,④ 광고선전비,광고선전비,2025,227416000
버즈빌,⑤ 임차/관리비,전력비,2024,32823000
버즈빌,⑤ 임차/관리비,전력비,2025,31003000
버즈빌,⑥ 감가상각비,감가상각비,2024,784104000
버즈빌,⑥ 감가상각비,감가상각비,2025,685506000
버즈빌,⑥ 감가상각비,무형고정자산상각비,2024,23383000
버즈빌,⑥ 감가상각비,무형고정자산상각비,2025,62900000
버즈빌,⑨ 기타판관비,기타,2024,505595000
버즈빌,⑨ 기타판관비,기타,2025,55268000
버즈빌,⑨ 기타판관비,대손상각비,2024,138184000
버즈빌,⑨ 기타판관비,대손상각비,2025,82487000
버즈빌,⑨ 기타판관비,보험료,2024,229682000
버즈빌,⑨ 기타판관비,보험료,2025,256861000
버즈빌,⑨ 기타판관비,세금과공과금,2024,461392000
버즈빌,⑨ 기타판관비,세금과공과금,2025,513359000
버즈빌,⑨ 기타판관비,소모품비,2024,89190000
버즈빌,⑨ 기타판관비,소모품비,2025,40178000
버즈빌,⑨ 기타판관비,접대비,2024,210708000
버즈빌,⑨ 기타판관비,접대비,2025,173868000
버즈빌,⑨ 기타판관비,통신비,2024,36592000
버즈빌,⑨ 기타판관비,통신비,2025,37289000
버즈빌,⑨ 기타판관비,협회비,2024,0
버즈빌,⑨ 기타판관비,협회비,2025,23035000
버즈빌,⑨ 기타판관비,회의비,2024,26091000
버즈빌,⑨ 기타판관비,회의비,2025,29355000
버즈빌,리스부채,리스부채,2024,415694849
버즈빌,리스부채,리스부채,2025,673957332
버즈빌,부채총계,부채총계,2024,36351677553
버즈빌,부채총계,부채총계,2025,22962112607
버즈빌,사용권자산,사용권자산,2024,456221634
버즈빌,사용권자산,사용권자산,2025,774087993
버즈빌,순운전자본+,단기금융상품,2024,0
버즈빌,순운전자본+,단기금융상품,2025,3000000000
버즈빌,순운전자본+,당기손익-공정가치측정금융자산,2024,1471985720
버즈빌,순운전자본+,당기손익-공정가치측정금융자산,2025,1683529574
버즈빌,순운전자본+,매출채권및기타수취채권,2024,11555169509
버즈빌,순운전자본+,매출채권및기타수취채권,2025,12199558713
버즈빌,순운전자본+,현금및현금성자산,2024,17896111016
버즈빌,순운전자본+,현금및현금성자산,2025,13537755416
버즈빌,순운전자본-,매입채무및기타지급채무,2024,12341307008
버즈빌,순운전자본-,매입채무및기타지급채무,2025,10212236335
버즈빌,순운전자본-,차입금,2024,8000000000
버즈빌,순운전자본-,차입금,2025,6027750000
버즈빌,영업활동현금흐름,영업활동현금흐름,2024,5840768090
버즈빌,영업활동현금흐름,영업활동현금흐름,2025,2831142851
버즈빌,이익잉여금,결손금,2024,-50192560907
버즈빌,이익잉여금,결손금,2025,-44798904997
버즈빌,자본총계,자본총계,2024,19642565973
버즈빌,자본총계,자본총계,2025,33455644937
버즈빌,자산총계,자산총계,2024,55994243526
버즈빌,자산총계,자산총계,2025,56417757544
버즈빌,재무활동현금흐름,재무활동현금흐름,2024,-316015000
버즈빌,재무활동현금흐름,재무활동현금흐름,2025,-1887641697
버즈빌,투자활동현금흐름,투자활동현금흐름,2024,-515242551
버즈빌,투자활동현금흐름,투자활동현금흐름,2025,-5290246103
버즈빌,현금의 증감,현금및현금성자산증가,2024,5009510539
버즈빌,현금의 증감,현금및현금성자산증가,2025,-4346744949
버킷플레이스,Ⅰ. 매출액,영업수익,2024,287946000000
버킷플레이스,Ⅰ. 매출액,영업수익,2025,321568000000
버킷플레이스,Ⅳ. 판매비와 관리비,영업비용,2024,287368000000
버킷플레이스,Ⅳ. 판매비와 관리비,영업비용,2025,336308000000
버킷플레이스,Ⅴ. 영업손익(Ⅲ - Ⅳ),영업이익,2024,577591595
버킷플레이스,Ⅴ. 영업손익(Ⅲ - Ⅳ),영업이익,2025,-14739935678
버킷플레이스,Ⅷ. 당기순손익(Ⅴ+Ⅵ-Ⅶ),당기순이익,2024,5267223100
버킷플레이스,Ⅷ. 당기순손익(Ⅴ+Ⅵ-Ⅶ),당기순이익,2025,-9349122079
버킷플레이스,① 인건비,직원급여,2024,58071345000
버킷플레이스,① 인건비,직원급여,2025,63080786000
버킷플레이스,① 인건비,퇴직급여,2024,5173521000
버킷플레이스,① 인건비,퇴직급여,2025,5682431000
버킷플레이스,② 복리후생비,교육훈련비,2024,14491000
버킷플레이스,② 복리후생비,교육훈련비,2025,37972000
버킷플레이스,② 복리후생비,도서인쇄비,2024,33985000
버킷플레이스,② 복리후생비,도서인쇄비,2025,33857000
버킷플레이스,② 복리후생비,복리후생비,2024,8858037000
버킷플레이스,② 복리후생비,복리후생비,2025,11496711000
버킷플레이스,② 복리후생비,여비교통비,2024,577423000
버킷플레이스,② 복리후생비,여비교통비,2025,846819000
버킷플레이스,③ 지급/용역수수료,외주용역비,2024,14233832000
버킷플레이스,③ 지급/용역수수료,외주용역비,2025,19465173000
버킷플레이스,③ 지급/용역수수료,지급수수료,2024,60723177000
버킷플레이스,③ 지급/용역수수료,지급수수료,2025,63006080000
버킷플레이스,④ 광고선전비,광고선전비,2024,29835903000
버킷플레이스,④ 광고선전비,광고선전비,2025,34726935000
버킷플레이스,④ 광고선전비,판매촉진비,2024,15613413000
버킷플레이스,④ 광고선전비,판매촉진비,2025,16239829000
버킷플레이스,⑤ 임차/관리비,수도광열비,2024,262252000
버킷플레이스,⑤ 임차/관리비,수도광열비,2025,465021000
버킷플레이스,⑤ 임차/관리비,지급임차료,2024,14366986000
버킷플레이스,⑤ 임차/관리비,지급임차료,2025,17901879000
버킷플레이스,⑥ 감가상각비,감가상각비,2024,4997701000
버킷플레이스,⑥ 감가상각비,감가상각비,2025,4763967000
버킷플레이스,⑥ 감가상각비,무형자산상각비,2024,479548000
버킷플레이스,⑥ 감가상각비,무형자산상각비,2025,1059406000
버킷플레이스,⑦ 물류/운반비,운반비,2024,10809461000
버킷플레이스,⑦ 물류/운반비,운반비,2025,14716820000
버킷플레이스,⑨ 기타판관비,경상연구개발비,2024,570836000
버킷플레이스,⑨ 기타판관비,경상연구개발비,2025,339158000
버킷플레이스,⑨ 기타판관비,대손상각비,2024,558331000
버킷플레이스,⑨ 기타판관비,대손상각비,2025,563998000
버킷플레이스,⑨ 기타판관비,보험료,2024,872246000
버킷플레이스,⑨ 기타판관비,보험료,2025,918854000
버킷플레이스,⑨ 기타판관비,상품매출원가,2024,59766544000
버킷플레이스,⑨ 기타판관비,상품매출원가,2025,78823040000
버킷플레이스,⑨ 기타판관비,세금과공과,2024,681757000
버킷플레이스,⑨ 기타판관비,세금과공과,2025,593417000
버킷플레이스,⑨ 기타판관비,소모품비,2024,531790000
버킷플레이스,⑨ 기타판관비,소모품비,2025,1129018000
버킷플레이스,⑨ 기타판관비,수선비,2024,0
버킷플레이스,⑨ 기타판관비,수선비,2025,0
버킷플레이스,⑨ 기타판관비,접대비,2024,125040000
버킷플레이스,⑨ 기타판관비,접대비,2025,177328000
버킷플레이스,⑨ 기타판관비,차량유지비,2024,0
버킷플레이스,⑨ 기타판관비,차량유지비,2025,0
버킷플레이스,⑨ 기타판관비,통신비,2024,210472000
버킷플레이스,⑨ 기타판관비,통신비,2025,239219000
버킷플레이스,부채총계,부채총계,2024,125084000000
버킷플레이스,부채총계,부채총계,2025,139500000000
버킷플레이스,순운전자본+,단기금융상품,2024,221100000000
버킷플레이스,순운전자본+,단기금융상품,2025,201100000000
버킷플레이스,순운전자본+,매출채권,2024,3845043613
버킷플레이스,순운전자본+,매출채권,2025,3738501388
버킷플레이스,순운전자본+,미수금,2024,23580092423
버킷플레이스,순운전자본+,미수금,2025,21746501658
버킷플레이스,순운전자본+,현금및현금성자산,2024,37397412736
버킷플레이스,순운전자본+,현금및현금성자산,2025,41831654398
버킷플레이스,순운전자본-,미지급금,2024,20358008788
버킷플레이스,순운전자본-,미지급금,2025,29557398745
버킷플레이스,순운전자본-,미지급비용,2024,6137937472
버킷플레이스,순운전자본-,미지급비용,2025,7957343432
버킷플레이스,순운전자본-,부가세예수금,2024,3022000542
버킷플레이스,순운전자본-,부가세예수금,2025,2352793602
버킷플레이스,순운전자본-,예수금,2024,56925678844
버킷플레이스,순운전자본-,예수금,2025,59004561931
버킷플레이스,순운전자본-,외상매입금,2024,5994597214
버킷플레이스,순운전자본-,외상매입금,2025,7156465397
버킷플레이스,영업활동현금흐름,영업활동으로인한현금흐름,2024,-32110223717
버킷플레이스,영업활동현금흐름,영업활동으로인한현금흐름,2025,22723446318
버킷플레이스,이익잉여금,결손금,2024,-90580771975
버킷플레이스,이익잉여금,결손금,2025,-99929894054
버킷플레이스,자본총계,자본총계,2024,231790000000
버킷플레이스,자본총계,자본총계,2025,222385000000
버킷플레이스,자산총계,자산총계,2024,356874000000
버킷플레이스,자산총계,자산총계,2025,361884000000
버킷플레이스,재무활동현금흐름,재무활동으로인한현금흐름,2024,948435840
버킷플레이스,재무활동현금흐름,재무활동으로인한현금흐름,2025,1060151620
버킷플레이스,투자활동현금흐름,투자활동으로인한현금흐름,2024,-70563227888
버킷플레이스,투자활동현금흐름,투자활동으로인한현금흐름,2025,-19349356276
버킷플레이스,현금의 증감,현금및현금성자산의순증감,2024,-101725000000
버킷플레이스,현금의 증감,현금및현금성자산의순증감,2025,4434241662
번개장터,Ⅰ. 매출액,매출액,2024,44893192221
번개장터,Ⅰ. 매출액,매출액,2025,58178348703
번개장터,Ⅱ. 매출원가,매출원가,2024,6095354079
번개장터,Ⅱ. 매출원가,매출원가,2025,4588414682
번개장터,Ⅲ. 매출총이익(Ⅰ - Ⅱ),매출총이익,2024,38797838142
번개장터,Ⅲ. 매출총이익(Ⅰ - Ⅱ),매출총이익,2025,53589934021
번개장터,Ⅳ. 판매비와 관리비,판매비와관리비,2024,58356262077
번개장터,Ⅳ. 판매비와 관리비,판매비와관리비,2025,73473250603
번개장터,Ⅴ. 영업손익(Ⅲ - Ⅳ),영업손실,2024,-19558423935
번개장터,Ⅴ. 영업손익(Ⅲ - Ⅳ),영업손실,2025,-19883316582
번개장터,Ⅷ. 당기순손익(Ⅴ+Ⅵ-Ⅶ),당기순손실,2024,-19467374504
번개장터,Ⅷ. 당기순손익(Ⅴ+Ⅵ-Ⅶ),당기순손실,2025,-24308746773
번개장터,① 인건비,급여,2024,16539810000
번개장터,① 인건비,급여,2025,17439896000
번개장터,① 인건비,퇴직급여,2024,1432946000
번개장터,① 인건비,퇴직급여,2025,1715990000
번개장터,② 복리후생비,교육훈련비,2024,26658000
번개장터,② 복리후생비,교육훈련비,2025,83569000
번개장터,② 복리후생비,도서인쇄비,2024,4693000
번개장터,② 복리후생비,도서인쇄비,2025,1689000
번개장터,② 복리후생비,복리후생비,2024,2192652000
번개장터,② 복리후생비,복리후생비,2025,2325553000
번개장터,② 복리후생비,여비교통비,2024,147946000
번개장터,② 복리후생비,여비교통비,2025,243053000
번개장터,③ 지급/용역수수료,지급수수료,2024,22890546000
번개장터,③ 지급/용역수수료,지급수수료,2025,28085445000
번개장터,④ 광고선전비,광고선전비,2024,5997827000
번개장터,④ 광고선전비,광고선전비,2025,14066107000
번개장터,⑤ 임차/관리비,건물관리비,2024,732992000
번개장터,⑤ 임차/관리비,건물관리비,2025,747848000
번개장터,⑤ 임차/관리비,수도광열비,2024,57750000
번개장터,⑤ 임차/관리비,수도광열비,2025,63086000
번개장터,⑤ 임차/관리비,지급임차료,2024,3069908000
번개장터,⑤ 임차/관리비,지급임차료,2025,3100231000
번개장터,⑥ 감가상각비,감가상각비,2024,908710000
번개장터,⑥ 감가상각비,감가상각비,2025,826546000
번개장터,⑥ 감가상각비,무형자산상각비,2024,704059000
번개장터,⑥ 감가상각비,무형자산상각비,2025,677803000
번개장터,⑦ 물류/운반비,운반비,2024,452502000
번개장터,⑦ 물류/운반비,운반비,2025,376916000
번개장터,⑨ 기타판관비,보험료,2024,138618000
번개장터,⑨ 기타판관비,보험료,2025,133016000
번개장터,⑨ 기타판관비,세금과공과금,2024,624731000
번개장터,⑨ 기타판관비,세금과공과금,2025,683979000
번개장터,⑨ 기타판관비,소모품비,2024,366997000
번개장터,⑨ 기타판관비,소모품비,2025,316177000
번개장터,⑨ 기타판관비,접대비,2024,43425000
번개장터,⑨ 기타판관비,접대비,2025,93696000
번개장터,⑨ 기타판관비,통신비,2024,2023491000
번개장터,⑨ 기타판관비,통신비,2025,2492650000
번개장터,부채총계,부채총계,2024,16462568359
번개장터,부채총계,부채총계,2025,16675293500
번개장터,순운전자본+,단기금융상품,2024,26500000000
번개장터,순운전자본+,단기금융상품,2025,9000000000
번개장터,순운전자본+,매출채권,2024,2449173706
번개장터,순운전자본+,매출채권,2025,3780541356
번개장터,순운전자본+,미수금,2024,7094680
번개장터,순운전자본+,미수금,2025,121912995
번개장터,순운전자본+,현금및현금성자산,2024,4640204695
번개장터,순운전자본+,현금및현금성자산,2025,2254451327
번개장터,순운전자본-,매입채무,2024,33000
번개장터,순운전자본-,매입채무,2025,66000
번개장터,순운전자본-,미지급금,2024,3413061428
번개장터,순운전자본-,미지급금,2025,4219848798
번개장터,순운전자본-,미지급비용,2024,10290710
번개장터,순운전자본-,미지급비용,2025,6587260
번개장터,순운전자본-,예수금,2024,355900820
번개장터,순운전자본-,예수금,2025,400710350
번개장터,순운전자본-,유동성장기차입금,2024,8000000000
번개장터,순운전자본-,유동성장기차입금,2025,6500000000
번개장터,영업활동현금흐름,영업활동으로인한현금흐름,2024,-15739367722
번개장터,영업활동현금흐름,영업활동으로인한현금흐름,2025,-17983080354
번개장터,이익잉여금,결손금,2024,-138914000000
번개장터,이익잉여금,결손금,2025,-163222000000
번개장터,자본총계,자본총계,2024,36429834396
번개장터,자본총계,자본총계,2025,12121087623
번개장터,자산총계,자산총계,2024,52892402755
번개장터,자산총계,자산총계,2025,28796381123
번개장터,재고자산,상품,2024,2200560434
번개장터,재고자산,상품,2025,1690746643
번개장터,재고자산,재고자산평가충당금,2024,-145500000
번개장터,재고자산,재고자산평가충당금,2025,-138000000
번개장터,재무활동현금흐름,재무활동으로인한현금흐름,2024,23874116382
번개장터,재무활동현금흐름,재무활동으로인한현금흐름,2025,-1500000000
번개장터,투자활동현금흐름,투자활동으로인한현금흐름,2024,-6978831013
번개장터,투자활동현금흐름,투자활동으로인한현금흐름,2025,17097326986
번개장터,현금의 증감,현금의증가,2024,1155917647
번개장터,현금의 증감,현금의증가,2025,-2385753368
브랜드501,Ⅰ. 매출액,매출액,2024,80048713372
브랜드501,Ⅰ. 매출액,매출액,2025,233664208456
브랜드501,Ⅱ. 매출원가,매출원가,2024,9235497047
브랜드501,Ⅱ. 매출원가,매출원가,2025,30323154094
브랜드501,Ⅲ. 매출총이익(Ⅰ - Ⅱ),매출총이익,2024,70813216325
브랜드501,Ⅲ. 매출총이익(Ⅰ - Ⅱ),매출총이익,2025,203341054362
브랜드501,Ⅳ. 판매비와 관리비,판매비와관리비,2024,67915573979
브랜드501,Ⅳ. 판매비와 관리비,판매비와관리비,2025,189107831273
브랜드501,Ⅴ. 영업손익(Ⅲ - Ⅳ),영업이익,2024,2897642346
브랜드501,Ⅴ. 영업손익(Ⅲ - Ⅳ),영업이익,2025,14233223089
브랜드501,Ⅷ. 당기순손익(Ⅴ+Ⅵ-Ⅶ),당기순이익,2024,2595892011
브랜드501,Ⅷ. 당기순손익(Ⅴ+Ⅵ-Ⅶ),당기순이익,2025,11190751539
브랜드501,① 인건비,급여,2024,4389113243
브랜드501,① 인건비,급여,2025,9027528184
브랜드501,① 인건비,퇴직급여,2024,796539001
브랜드501,① 인건비,퇴직급여,2025,738637432
브랜드501,② 복리후생비,교육훈련비,2024,29500
브랜드501,② 복리후생비,도서인쇄비,2024,2403922
브랜드501,② 복리후생비,복리후생비,2024,540840004
브랜드501,② 복리후생비,복리후생비,2025,686391318
브랜드501,② 복리후생비,여비교통비,2024,146950171
브랜드501,② 복리후생비,여비교통비,2025,48699152
브랜드501,③ 지급/용역수수료,지급수수료,2024,3688793232
브랜드501,③ 지급/용역수수료,지급수수료,2025,4687940756
브랜드501,③ 지급/용역수수료,판매수수료,2024,6162780008
브랜드501,③ 지급/용역수수료,판매수수료,2025,45690681221
브랜드501,④ 광고선전비,광고선전비,2024,44705870280
브랜드501,④ 광고선전비,광고선전비,2025,86918824040
브랜드501,④ 광고선전비,판매촉진비,2024,106282218
브랜드501,④ 광고선전비,판매촉진비,2025,80980949
브랜드501,⑤ 임차/관리비,수도광열비,2025,16013006
브랜드501,⑥ 감가상각비,감가상각비,2024,64813085
브랜드501,⑥ 감가상각비,감가상각비,2025,186874961
브랜드501,⑥ 감가상각비,무형자산상각비,2024,28282893
브랜드501,⑥ 감가상각비,무형자산상각비,2025,25093490
브랜드501,⑦ 물류/운반비,운반비,2024,6402815290
브랜드501,⑦ 물류/운반비,운반비,2025,38311650360
브랜드501,⑨ 기타판관비,경상연구개발비,2024,99320000
브랜드501,⑨ 기타판관비,대손상각비,2024,193744053
브랜드501,⑨ 기타판관비,대손상각비,2025,1658704325
브랜드501,⑨ 기타판관비,보험료,2024,72618914
브랜드501,⑨ 기타판관비,보험료,2025,121362195
브랜드501,⑨ 기타판관비,세금과공과금,2024,337888767
브랜드501,⑨ 기타판관비,세금과공과금,2025,301539310
브랜드501,⑨ 기타판관비,소모품비,2024,132512493
브랜드501,⑨ 기타판관비,소모품비,2025,309246806
브랜드501,⑨ 기타판관비,접대비,2024,24652300
브랜드501,⑨ 기타판관비,접대비,2025,236046970
브랜드501,⑨ 기타판관비,차량유지비,2024,3798549
브랜드501,⑨ 기타판관비,차량유지비,2025,50380357
브랜드501,⑨ 기타판관비,통신비,2024,15526056
브랜드501,⑨ 기타판관비,통신비,2025,11236441
브랜드501,부채총계,부채총계,2024,14082169029
브랜드501,부채총계,부채총계,2025,35674877517
브랜드501,순운전자본+,단기금융상품,2024,100000000
브랜드501,순운전자본+,단기금융상품,2025,101200000
브랜드501,순운전자본+,단기대여금,2024,460943146
브랜드501,순운전자본+,매출채권,2024,3323074715
브랜드501,순운전자본+,매출채권,2025,13988223765
브랜드501,순운전자본+,미수금,2024,688684652
브랜드501,순운전자본+,미수금,2025,3147737178
브랜드501,순운전자본+,현금및현금성자산,2024,1027916352
브랜드501,순운전자본+,현금및현금성자산,2025,3880216094
브랜드501,순운전자본-,단기차입금,2024,1135000000
브랜드501,순운전자본-,단기차입금,2025,8920000000
브랜드501,순운전자본-,매입채무,2024,4645143664
브랜드501,순운전자본-,매입채무,2025,6852761485
브랜드501,순운전자본-,미지급금,2024,6837957567
브랜드501,순운전자본-,미지급금,2025,6908257475
브랜드501,순운전자본-,미지급법인세,2024,112809945
브랜드501,순운전자본-,미지급법인세,2025,1569991789
브랜드501,순운전자본-,미지급비용,2024,719736
브랜드501,순운전자본-,미지급비용,2025,51659619
브랜드501,순운전자본-,예수금,2024,43603920
브랜드501,순운전자본-,예수금,2025,1483783199
브랜드501,영업활동현금흐름,영업활동으로인한현금흐름,2024,1876750770
브랜드501,영업활동현금흐름,영업활동으로인한현금흐름,2025,-8843457655
브랜드501,이익잉여금,이익잉여금,2024,1234897132
브랜드501,이익잉여금,이익잉여금,2025,12425648671
브랜드501,자본총계,자본총계,2024,2133436132
브랜드501,자본총계,자본총계,2025,13324187671
브랜드501,자산총계,자산총계,2024,16215605161
브랜드501,자산총계,자산총계,2025,48999065188
브랜드501,재고자산,재고자산,2024,9717692152
브랜드501,재고자산,재고자산,2025,25098749115
브랜드501,재무활동현금흐름,재무활동으로인한현금흐름,2024,-584463570
브랜드501,재무활동현금흐름,재무활동으로인한현금흐름,2025,13415993146
브랜드501,투자활동현금흐름,투자활동으로인한현금흐름,2024,-307070803
브랜드501,투자활동현금흐름,투자활동으로인한현금흐름,2025,-1720235749
브랜드501,현금의 증감,현금의증가,2024,985216397
브랜드501,현금의 증감,현금의증가,2025,2852299742
비나우,Ⅰ. 매출액,매출액,2024,266431203386
비나우,Ⅰ. 매출액,매출액,2025,324958207706
비나우,Ⅱ. 매출원가,매출원가,2024,85695171072
비나우,Ⅱ. 매출원가,매출원가,2025,110920845663
비나우,Ⅲ. 매출총이익(Ⅰ - Ⅱ),매출총이익,2024,180736032314
비나우,Ⅲ. 매출총이익(Ⅰ - Ⅱ),매출총이익,2025,214037362043
비나우,Ⅳ. 판매비와 관리비,경상연구개발비,2024,1704296862
비나우,Ⅳ. 판매비와 관리비,경상연구개발비,2025,2790945672
비나우,Ⅳ. 판매비와 관리비,판매비와관리비,2024,103969969659
비나우,Ⅳ. 판매비와 관리비,판매비와관리비,2025,144162902322
비나우,Ⅴ. 영업손익(Ⅲ - Ⅳ),영업이익,2024,75061765793
비나우,Ⅴ. 영업손익(Ⅲ - Ⅳ),영업이익,2025,67083514049
비나우,Ⅷ. 당기순손익(Ⅴ+Ⅵ-Ⅶ),당기순이익,2024,69037314207
비나우,Ⅷ. 당기순손익(Ⅴ+Ⅵ-Ⅶ),당기순이익,2025,53432640600
비나우,① 인건비,급여,2024,13989078000
비나우,① 인건비,급여,2025,19381109000
비나우,① 인건비,퇴직급여,2024,868792000
비나우,① 인건비,퇴직급여,2025,1025183000
비나우,② 복리후생비,교육훈련비,2024,18209000
비나우,② 복리후생비,교육훈련비,2025,5417000
비나우,② 복리후생비,도서문구비,2024,17249000
비나우,② 복리후생비,도서문구비,2025,18433000
비나우,② 복리후생비,복리후생비,2024,1012953000
비나우,② 복리후생비,복리후생비,2025,1792932000
비나우,③ 지급/용역수수료,지급수수료,2024,7699713000
비나우,③ 지급/용역수수료,지급수수료,2025,16240018000
비나우,③ 지급/용역수수료,판매촉진비,2024,23724355000
비나우,③ 지급/용역수수료,판매촉진비,2025,24377511000
비나우,④ 광고선전비,광고선전비,2024,23835339000
비나우,④ 광고선전비,광고선전비,2025,37904429000
비나우,⑤ 임차/관리비,건물관리비,2024,888007000
비나우,⑤ 임차/관리비,건물관리비,2025,1440061000
비나우,⑤ 임차/관리비,사용권자산상각비,2024,2790142000
비나우,⑤ 임차/관리비,사용권자산상각비,2025,5704521000
비나우,⑤ 임차/관리비,수도광열비,2024,13863000
비나우,⑤ 임차/관리비,수도광열비,2025,53211000
비나우,⑤ 임차/관리비,임차료,2024,7847000
비나우,⑤ 임차/관리비,임차료,2025,604000000
비나우,⑥ 감가상각비,감가상각비,2024,531441000
비나우,⑥ 감가상각비,감가상각비,2025,1302268000
비나우,⑥ 감가상각비,무형자산상각비,2024,111810000
비나우,⑥ 감가상각비,무형자산상각비,2025,114042000
비나우,⑦ 물류/운반비,운반비,2024,19210209000
비나우,⑦ 물류/운반비,운반비,2025,25903217000
비나우,⑨ 기타판관비,견본비,2024,51237000
비나우,⑨ 기타판관비,견본비,2025,433630000
비나우,⑨ 기타판관비,경상연구개발비,2024,1704296862
비나우,⑨ 기타판관비,경상연구개발비,2025,2790945672
비나우,⑨ 기타판관비,대손상각비,2024,5716000
비나우,⑨ 기타판관비,대손상각비,2025,180342000
비나우,⑨ 기타판관비,보험료,2024,883349000
비나우,⑨ 기타판관비,보험료,2025,1634721000
비나우,⑨ 기타판관비,세금과공과,2024,1239788000
비나우,⑨ 기타판관비,세금과공과,2025,628165000
비나우,⑨ 기타판관비,소모품비,2024,3518711000
비나우,⑨ 기타판관비,소모품비,2025,1836977000
비나우,⑨ 기타판관비,수선유지비,2024,30056000
비나우,⑨ 기타판관비,수선유지비,2025,35459000
비나우,⑨ 기타판관비,업무추진비,2024,362544000
비나우,⑨ 기타판관비,업무추진비,2025,316528000
비나우,⑨ 기타판관비,여비교통비,2024,789717000
비나우,⑨ 기타판관비,여비교통비,2025,930002000
비나우,⑨ 기타판관비,잡비,2024,10840000
비나우,⑨ 기타판관비,잡비,2025,27708000
비나우,⑨ 기타판관비,전시회비,2024,2469000
비나우,⑨ 기타판관비,전시회비,2025,2082000
비나우,⑨ 기타판관비,주식보상비용,2024,2300461000
비나우,⑨ 기타판관비,주식보상비용,2025,2161983000
비나우,⑨ 기타판관비,차량비,2024,20565000
비나우,⑨ 기타판관비,차량비,2025,26695000
비나우,⑨ 기타판관비,통신비,2024,35510000
비나우,⑨ 기타판관비,통신비,2025,82258000
비나우,리스부채,리스부채,2024,5657136360
비나우,리스부채,리스부채,2025,13117479365
비나우,리스부채,유동성리스부채,2024,3463735436
비나우,리스부채,유동성리스부채,2025,6310310424
비나우,부채총계,부채총계,2024,42554493467
비나우,부채총계,부채총계,2025,64500919351
비나우,사용권자산,사용권자산,2024,9809203344
비나우,사용권자산,사용권자산,2025,20014906689
비나우,순운전자본+,단기금융자산,2025,1000000000
비나우,순운전자본+,당기손익-공정가치측정금융자산,2025,5698250369
비나우,순운전자본+,매출채권및기타채권,2024,12782149288
비나우,순운전자본+,매출채권및기타채권,2025,21477328805
비나우,순운전자본+,현금및현금성자산,2024,34080507600
비나우,순운전자본+,현금및현금성자산,2025,76811605063
비나우,순운전자본-,단기차입금,2024,10000000000
비나우,순운전자본-,매입채무및기타채무,2024,13225010855
비나우,순운전자본-,매입채무및기타채무,2025,24485282123
비나우,순운전자본-,유동성장기차입금,2024,9008938
비나우,순운전자본-,유동성장기차입금,2025,338161690
비나우,영업활동현금흐름,영업활동으로인한현금흐름,2024,17951649485
비나우,영업활동현금흐름,영업활동으로인한현금흐름,2025,87049238814
비나우,이익잉여금,이익잉여금,2024,103086967703
비나우,이익잉여금,이익잉여금,2025,146226114011
비나우,자본총계,자본총계,2024,108709805476
비나우,자본총계,자본총계,2025,154430826353
비나우,자산총계,자산총계,2024,151264298943
비나우,자산총계,자산총계,2025,218931745704
비나우,재고자산,재고자산,2024,71415016480
비나우,재고자산,재고자산,2025,52171216167
비나우,재무활동현금흐름,재무활동으로인한현금흐름,2024,740482037
비나우,재무활동현금흐름,재무활동으로인한현금흐름,2025,-23885985944
비나우,투자활동현금흐름,투자활동으로인한현금흐름,2024,-7369142719
비나우,투자활동현금흐름,투자활동으로인한현금흐름,2025,-19417533414
비나우,현금의 증감,현금및현금성자산의증가,2024,10114717107
비나우,현금의 증감,현금및현금성자산의증가,2025,42731097463
빙그레,Ⅰ. 매출액,매출액,2024,1463040000000
빙그레,Ⅰ. 매출액,매출액,2025,1489590000000
빙그레,Ⅱ. 매출원가,매출원가,2024,994207000000
빙그레,Ⅱ. 매출원가,매출원가,2025,1055780000000
빙그레,Ⅲ. 매출총이익(Ⅰ - Ⅱ),매출총이익,2024,468834000000
빙그레,Ⅲ. 매출총이익(Ⅰ - Ⅱ),매출총이익,2025,433812000000
빙그레,Ⅳ. 판매비와 관리비,판매비와관리비,2024,337558000000
빙그레,Ⅳ. 판매비와 관리비,판매비와관리비,2025,345455000000
빙그레,Ⅴ. 영업손익(Ⅲ - Ⅳ),영업이익,2024,131276000000
빙그레,Ⅴ. 영업손익(Ⅲ - Ⅳ),영업이익,2025,88357009701
빙그레,Ⅷ. 당기순손익(Ⅴ+Ⅵ-Ⅶ),당기순이익,2024,103227000000
빙그레,Ⅷ. 당기순손익(Ⅴ+Ⅵ-Ⅶ),당기순이익,2025,55565434852
빙그레,① 인건비,"급여,판관비",2024,75976000000
빙그레,① 인건비,"급여,판관비",2025,78043000000
빙그레,① 인건비,"퇴직급여,판관비",2024,6366000000
빙그레,① 인건비,"퇴직급여,판관비",2025,8247000000
빙그레,② 복리후생비,"복리후생비,판관비",2024,18636000000
빙그레,② 복리후생비,"복리후생비,판관비",2025,23110000000
빙그레,② 복리후생비,"여비교통비,판관비",2024,4665000000
빙그레,② 복리후생비,"여비교통비,판관비",2025,4798000000
빙그레,③ 지급/용역수수료,"지급수수료,판관비",2024,16496000000
빙그레,③ 지급/용역수수료,"지급수수료,판관비",2025,16523000000
빙그레,③ 지급/용역수수료,"판매수수료,판관비",2024,57786000000
빙그레,③ 지급/용역수수료,"판매수수료,판관비",2025,62440000000
빙그레,④ 광고선전비,"광고선전비,판관비",2024,50432000000
빙그레,④ 광고선전비,"광고선전비,판관비",2025,38669000000
빙그레,⑤ 임차/관리비,"사용권자산상각비,판관비",2024,12844000000
빙그레,⑤ 임차/관리비,"사용권자산상각비,판관비",2025,13737000000
빙그레,⑤ 임차/관리비,"임차료,판관비",2024,6361000000
빙그레,⑤ 임차/관리비,"임차료,판관비",2025,5159000000
빙그레,⑥ 감가상각비,"감가상각비,판관비",2024,11602000000
빙그레,⑥ 감가상각비,"감가상각비,판관비",2025,11808000000
빙그레,⑥ 감가상각비,"무형자산상각비,판관비",2024,10044000000
빙그레,⑥ 감가상각비,"무형자산상각비,판관비",2025,7923000000
빙그레,⑨ 기타판관비,"기술연구비,판관비",2024,6624000000
빙그레,⑨ 기타판관비,"기술연구비,판관비",2025,5946000000
빙그레,⑨ 기타판관비,"기타,판관비",2024,17619000000
빙그레,⑨ 기타판관비,"기타,판관비",2025,18697000000
빙그레,⑨ 기타판관비,"대손상각비,판관비",2024,7000000
빙그레,⑨ 기타판관비,"대손상각비,판관비",2025,2264000000
빙그레,⑨ 기타판관비,"세금과공과,판관비",2024,3615000000
빙그레,⑨ 기타판관비,"세금과공과,판관비",2025,6930000000
빙그레,⑨ 기타판관비,"운송보관비,판관비",2024,38485000000
빙그레,⑨ 기타판관비,"운송보관비,판관비",2025,41161000000
빙그레,리스부채,비유동리스부채,2024,21975287509
빙그레,리스부채,비유동리스부채,2025,36017701916
빙그레,리스부채,유동리스부채,2024,14841044552
빙그레,리스부채,유동리스부채,2025,15142697806
빙그레,부채총계,부채총계,2024,281231000000
빙그레,부채총계,부채총계,2025,324992000000
빙그레,사용권자산,사용권자산,2024,35645460453
빙그레,사용권자산,사용권자산,2025,48179517060
빙그레,순운전자본+,단기금융자산,2024,71742567569
빙그레,순운전자본+,단기금융자산,2025,142197000000
빙그레,순운전자본+,매출채권,2024,80636897011
빙그레,순운전자본+,매출채권,2025,71161124791
빙그레,순운전자본+,미수금,2024,2093727228
빙그레,순운전자본+,미수금,2025,1956635799
빙그레,순운전자본+,현금및현금성자산,2024,175248000000
빙그레,순운전자본+,현금및현금성자산,2025,134367000000
빙그레,순운전자본-,단기차입금,2024,55000000000
빙그레,순운전자본-,단기차입금,2025,896074882
빙그레,순운전자본-,매입채무,2024,70482279222
빙그레,순운전자본-,매입채무,2025,74366916756
빙그레,순운전자본-,미지급금,2024,38483489417
빙그레,순운전자본-,미지급금,2025,53026293457
빙그레,순운전자본-,미지급비용,2024,18063002923
빙그레,순운전자본-,미지급비용,2025,16052389314
빙그레,순운전자본-,유동성장기차입금,2024,4370000000
빙그레,순운전자본-,유동성장기차입금,2025,2500000000
빙그레,영업활동현금흐름,영업활동현금흐름,2024,147135000000
빙그레,영업활동현금흐름,영업활동현금흐름,2025,114316000000
빙그레,이익잉여금,이익잉여금,2024,103813000000
빙그레,이익잉여금,이익잉여금,2025,74332312819
빙그레,자본총계,자본총계,2024,721844000000
빙그레,자본총계,자본총계,2025,743762000000
빙그레,자산총계,자산총계,2024,1003070000000
빙그레,자산총계,자산총계,2025,1068750000000
빙그레,재고자산,재고자산,2024,135031000000
빙그레,재고자산,재고자산,2025,162519000000
빙그레,재무활동현금흐름,재무활동현금흐름,2024,4122964776
빙그레,재무활동현금흐름,재무활동현금흐름,2025,-38895948416
빙그레,투자활동현금흐름,투자활동현금흐름,2024,-123994000000
빙그레,투자활동현금흐름,투자활동현금흐름,2025,-115910000000
빙그레,현금의 증감,현금및현금성자산의순증감,2024,27264286578
빙그레,현금의 증감,현금및현금성자산의순증감,2025,-40490267013
삼립,Ⅰ. 매출액,영업수익,2024,3427920000000
삼립,Ⅰ. 매출액,영업수익,2025,3370480000000
삼립,Ⅱ. 매출원가,매출원가,2024,2885900000000
삼립,Ⅱ. 매출원가,매출원가,2025,2879870000000
삼립,Ⅲ. 매출총이익(Ⅰ - Ⅱ),매출총이익,2024,542018000000
삼립,Ⅲ. 매출총이익(Ⅰ - Ⅱ),매출총이익,2025,490611000000
삼립,Ⅳ. 판매비와 관리비,판매비와관리비,2024,447050000000
삼립,Ⅳ. 판매비와 관리비,판매비와관리비,2025,451873000000
삼립,Ⅴ. 영업손익(Ⅲ - Ⅳ),영업이익,2024,94968717963
삼립,Ⅴ. 영업손익(Ⅲ - Ⅳ),영업이익,2025,38738589176
삼립,Ⅷ. 당기순손익(Ⅴ+Ⅵ-Ⅶ),당기순이익,2024,86491702785
삼립,Ⅷ. 당기순손익(Ⅴ+Ⅵ-Ⅶ),당기순이익,2025,14035102418
삼립,① 인건비,"급여,판관비",2024,72659662000
삼립,① 인건비,"급여,판관비",2025,72239149000
삼립,① 인건비,"퇴직급여,판관비",2024,5620434000
삼립,① 인건비,"퇴직급여,판관비",2025,5785785000
삼립,② 복리후생비,"복리후생비,판관비",2024,2469831000
삼립,② 복리후생비,"복리후생비,판관비",2025,20966844000
삼립,② 복리후생비,"차량유지비,판관비",2024,479404000
삼립,② 복리후생비,"차량유지비,판관비",2025,1221948000
삼립,③ 지급/용역수수료,"외주용역비,판관비",2024,25562045000
삼립,③ 지급/용역수수료,"외주용역비,판관비",2025,35782957000
삼립,③ 지급/용역수수료,"지급수수료,판관비",2024,49949545000
삼립,③ 지급/용역수수료,"지급수수료,판관비",2025,53196543000
삼립,③ 지급/용역수수료,"판매수수료,판관비",2024,26741977000
삼립,③ 지급/용역수수료,"판매수수료,판관비",2025,29057778000
삼립,④ 광고선전비,"광고선전비,판관비",2024,21232139000
삼립,④ 광고선전비,"광고선전비,판관비",2025,24175490000
삼립,⑤ 임차/관리비,"수도광열비,판관비",2024,310716000
삼립,⑤ 임차/관리비,"수도광열비,판관비",2025,8196511000
삼립,⑤ 임차/관리비,"임차료,판관비",2024,14340930000
삼립,⑤ 임차/관리비,"임차료,판관비",2025,14753707000
삼립,⑥ 감가상각비,"감가상각비,판관비",2024,46570804000
삼립,⑥ 감가상각비,"감가상각비,판관비",2025,45049635000
삼립,⑥ 감가상각비,"무형자산상각비,판관비",2024,1645885000
삼립,⑥ 감가상각비,"무형자산상각비,판관비",2025,1758162000
삼립,⑦ 물류/운반비,"운반비,판관비",2024,120438000000
삼립,⑦ 물류/운반비,"운반비,판관비",2025,119677000000
삼립,⑨ 기타판관비,기타판매비와관리비,2024,59028163000
삼립,⑨ 기타판관비,기타판매비와관리비,2025,20011482000
삼립,부채총계,부채총계,2024,760967000000
삼립,부채총계,부채총계,2025,763318000000
삼립,순운전자본+,매출채권및기타채권,2024,323446000000
삼립,순운전자본+,매출채권및기타채권,2025,314130000000
삼립,순운전자본+,현금및현금성자산,2024,39300327125
삼립,순운전자본+,현금및현금성자산,2025,25603422533
삼립,순운전자본-,기타유동금융부채,2024,58822796256
삼립,순운전자본-,기타유동금융부채,2025,54554153237
삼립,순운전자본-,단기차입금,2024,80464171027
삼립,순운전자본-,단기차입금,2025,87302884000
삼립,순운전자본-,매입채무및기타유동채무,2024,346670000000
삼립,순운전자본-,매입채무및기타유동채무,2025,367980000000
삼립,영업활동현금흐름,영업활동으로인한현금흐름,2024,257881000000
삼립,영업활동현금흐름,영업활동으로인한현금흐름,2025,88237005124
삼립,이익잉여금,이익잉여금,2024,462616000000
삼립,이익잉여금,이익잉여금,2025,464556000000
삼립,자본총계,자본총계,2024,479830000000
삼립,자본총계,자본총계,2025,481555000000
삼립,자산총계,자산총계,2024,1240800000000
삼립,자산총계,자산총계,2025,1244870000000
삼립,재고자산,재고자산,2024,173353000000
삼립,재고자산,재고자산,2025,204113000000
삼립,재무활동현금흐름,재무활동현금흐름,2024,-175784000000
삼립,재무활동현금흐름,재무활동현금흐름,2025,-64583007293
삼립,투자활동현금흐름,투자활동현금흐름,2024,-49180059943
삼립,투자활동현금흐름,투자활동현금흐름,2025,-37158528834
삼립,현금의 증감,환율변동효과반영전현금및현금성자산의순증가,2024,32916880004
삼립,현금의 증감,환율변동효과반영전현금및현금성자산의순증가,2025,-13504531003
삼양식품,Ⅰ. 매출액,매출액,2024,1728020000000
삼양식품,Ⅰ. 매출액,매출액,2025,2351790000000
삼양식품,Ⅱ. 매출원가,매출원가,2024,1004800000000
삼양식품,Ⅱ. 매출원가,매출원가,2025,1298760000000
삼양식품,Ⅲ. 매출총이익(Ⅰ - Ⅱ),매출총이익,2024,723217000000
삼양식품,Ⅲ. 매출총이익(Ⅰ - Ⅱ),매출총이익,2025,1053030000000
삼양식품,Ⅳ. 판매비와 관리비,판매비와관리비,2024,378648000000
삼양식품,Ⅳ. 판매비와 관리비,판매비와관리비,2025,528840000000
삼양식품,Ⅴ. 영업손익(Ⅲ - Ⅳ),영업이익,2024,344569000000
삼양식품,Ⅴ. 영업손익(Ⅲ - Ⅳ),영업이익,2025,524188000000
삼양식품,Ⅷ. 당기순손익(Ⅴ+Ⅵ-Ⅶ),당기순이익,2024,271256000000
삼양식품,Ⅷ. 당기순손익(Ⅴ+Ⅵ-Ⅶ),당기순이익,2025,388674000000
삼양식품,① 인건비,급여,2024,68138539000
삼양식품,① 인건비,급여,2025,114854000000
삼양식품,① 인건비,상여금,2024,10052248000
삼양식품,① 인건비,상여금,2025,12197031000
삼양식품,① 인건비,퇴직급여,2024,4769546000
삼양식품,① 인건비,퇴직급여,2025,7125510000
삼양식품,② 복리후생비,복리후생비,2024,13248699000
삼양식품,② 복리후생비,복리후생비,2025,22310125000
삼양식품,② 복리후생비,여비교통비,2024,3536388000
삼양식품,② 복리후생비,여비교통비,2025,5478745000
삼양식품,③ 지급/용역수수료,수출제비용,2024,8213829000
삼양식품,③ 지급/용역수수료,수출제비용,2025,9967367000
삼양식품,③ 지급/용역수수료,위탁용역비,2024,13141330000
삼양식품,③ 지급/용역수수료,위탁용역비,2025,29913194000
삼양식품,③ 지급/용역수수료,지급수수료,2024,22091912000
삼양식품,③ 지급/용역수수료,지급수수료,2025,45874578000
삼양식품,④ 광고선전비,광고선전비,2024,62211889000
삼양식품,④ 광고선전비,광고선전비,2025,80848801000
삼양식품,⑤ 임차/관리비,사용권자산상각비,2024,2690647000
삼양식품,⑤ 임차/관리비,사용권자산상각비,2025,11002022000
삼양식품,⑤ 임차/관리비,지급임차료,2024,4784113000
삼양식품,⑤ 임차/관리비,지급임차료,2025,10457400000
삼양식품,⑥ 감가상각비,감가상각비,2024,4543870000
삼양식품,⑥ 감가상각비,감가상각비,2025,6777660000
삼양식품,⑥ 감가상각비,무형자산상각비,2024,3444571000
삼양식품,⑥ 감가상각비,무형자산상각비,2025,6016332000
삼양식품,⑦ 물류/운반비,운반비,2024,143258000000
삼양식품,⑦ 물류/운반비,운반비,2025,134019000000
삼양식품,⑨ 기타판관비,기타,2024,8699376000
삼양식품,⑨ 기타판관비,기타,2025,22161320000
삼양식품,⑨ 기타판관비,대손상각비,2024,-880445000
삼양식품,⑨ 기타판관비,대손상각비,2025,1926809000
삼양식품,⑨ 기타판관비,사무비,2024,2830123000
삼양식품,⑨ 기타판관비,사무비,2025,2123369000
삼양식품,⑨ 기타판관비,세금과공과,2024,2749178000
삼양식품,⑨ 기타판관비,세금과공과,2025,4257833000
삼양식품,⑨ 기타판관비,잡비,2024,564816000
삼양식품,⑨ 기타판관비,잡비,2025,807451000
삼양식품,⑨ 기타판관비,차량유지비,2024,559481000
삼양식품,⑨ 기타판관비,차량유지비,2025,722043000
삼양식품,리스부채,비유동리스부채,2024,43433663105
삼양식품,리스부채,비유동리스부채,2025,43123674006
삼양식품,리스부채,유동성리스부채,2024,16688880548
삼양식품,리스부채,유동성리스부채,2025,20256209280
삼양식품,부채총계,부채총계,2024,766749000000
삼양식품,부채총계,부채총계,2025,924956000000
삼양식품,사용권자산,사용권자산,2024,53704866071
삼양식품,사용권자산,사용권자산,2025,58262102532
삼양식품,순운전자본+,기타유동금융자산,2024,1879660018
삼양식품,순운전자본+,기타유동금융자산,2025,3879418399
삼양식품,순운전자본+,단기금융자산,2024,14665001240
삼양식품,순운전자본+,단기금융자산,2025,45242583073
삼양식품,순운전자본+,매출채권,2024,136843000000
삼양식품,순운전자본+,매출채권,2025,185202000000
삼양식품,순운전자본+,현금및현금성자산,2024,334821000000
삼양식품,순운전자본+,현금및현금성자산,2025,332841000000
삼양식품,순운전자본-,기타유동금융부채,2024,100633000000
삼양식품,순운전자본-,기타유동금융부채,2025,131224000000
삼양식품,순운전자본-,단기차입금,2024,77565680925
삼양식품,순운전자본-,단기차입금,2025,92341086958
삼양식품,순운전자본-,매입채무,2024,144748000000
삼양식품,순운전자본-,매입채무,2025,129636000000
삼양식품,순운전자본-,유동성장기부채,2024,24639360000
삼양식품,순운전자본-,유동성장기부채,2025,50044472849
삼양식품,영업활동현금흐름,영업활동현금흐름,2024,357905000000
삼양식품,영업활동현금흐름,영업활동현금흐름,2025,309287000000
삼양식품,이익잉여금,이익잉여금,2024,769913000000
삼양식품,이익잉여금,이익잉여금,2025,1129480000000
삼양식품,자본총계,자본총계,2024,828033000000
삼양식품,자본총계,자본총계,2025,1271540000000
삼양식품,자산총계,자산총계,2024,1594780000000
삼양식품,자산총계,자산총계,2025,2196500000000
삼양식품,재고자산,재고자산,2024,148020000000
삼양식품,재고자산,재고자산,2025,245011000000
삼양식품,재무활동현금흐름,재무활동현금흐름,2024,-34871515222
삼양식품,재무활동현금흐름,재무활동현금흐름,2025,170174000000
삼양식품,투자활동현금흐름,투자활동현금흐름,2024,-214310000000
삼양식품,투자활동현금흐름,투자활동현금흐름,2025,-478971000000
삼양식품,현금의 증감,현금및현금성자산의증가,2024,108723000000
삼양식품,현금의 증감,현금및현금성자산의증가,2025,490183591
샘표,Ⅰ. 매출액,수익,2024,404956000000
샘표,Ⅰ. 매출액,수익,2025,408964000000
샘표,Ⅱ. 매출원가,매출원가,2024,258009000000
샘표,Ⅱ. 매출원가,매출원가,2025,245050000000
샘표,Ⅲ. 매출총이익(Ⅰ - Ⅱ),매출총이익,2024,146947000000
샘표,Ⅲ. 매출총이익(Ⅰ - Ⅱ),매출총이익,2025,163914000000
샘표,Ⅳ. 판매비와 관리비,판매비와관리비,2024,141071000000
샘표,Ⅳ. 판매비와 관리비,판매비와관리비,2025,139771000000
샘표,Ⅴ. 영업손익(Ⅲ - Ⅳ),영업이익,2024,5875234279
샘표,Ⅴ. 영업손익(Ⅲ - Ⅳ),영업이익,2025,24142975241
샘표,Ⅷ. 당기순손익(Ⅴ+Ⅵ-Ⅶ),당기순이익,2024,10732118074
샘표,Ⅷ. 당기순손익(Ⅴ+Ⅵ-Ⅶ),당기순이익,2025,18805730606
샘표,① 인건비,"급여,판관비",2024,40094255347
샘표,① 인건비,"급여,판관비",2025,41315831292
샘표,① 인건비,"퇴직급여,판관비",2024,3313613912
샘표,① 인건비,"퇴직급여,판관비",2025,3492773041
샘표,② 복리후생비,"교육훈련비,판관비",2024,765384235
샘표,② 복리후생비,"교육훈련비,판관비",2025,668530180
샘표,② 복리후생비,"도서인쇄비,판관비",2024,51456588
샘표,② 복리후생비,"도서인쇄비,판관비",2025,27194897
샘표,② 복리후생비,"복리후생비,판관비",2024,6372069532
샘표,② 복리후생비,"복리후생비,판관비",2025,6417526114
샘표,② 복리후생비,"여비교통비,판관비",2024,1522725879
샘표,② 복리후생비,"여비교통비,판관비",2025,1648633107
샘표,② 복리후생비,"차량유지비,판관비",2024,305226354
샘표,② 복리후생비,"차량유지비,판관비",2025,430334511
샘표,③ 지급/용역수수료,"지급수수료,판관비",2024,9322469662
샘표,③ 지급/용역수수료,"지급수수료,판관비",2025,6803906905
샘표,③ 지급/용역수수료,"판매수수료,판관비",2024,7945454243
샘표,③ 지급/용역수수료,"판매수수료,판관비",2025,6922677602
샘표,④ 광고선전비,"광고선전비,판관비",2024,10276643595
샘표,④ 광고선전비,"광고선전비,판관비",2025,10582866540
샘표,④ 광고선전비,"판매촉진비,판관비",2024,14231796957
샘표,④ 광고선전비,"판매촉진비,판관비",2025,11718428141
샘표,⑤ 임차/관리비,"수도광열비,판관비",2024,1142736121
샘표,⑤ 임차/관리비,"수도광열비,판관비",2025,1367764814
샘표,⑤ 임차/관리비,"임차료,판관비",2024,3549691756
샘표,⑤ 임차/관리비,"임차료,판관비",2025,3476339752
샘표,⑤ 임차/관리비,"통신비,판관비",2024,574334003
샘표,⑤ 임차/관리비,"통신비,판관비",2025,581770725
샘표,⑥ 감가상각비,"감가상각비,판관비",2024,3627345220
샘표,⑥ 감가상각비,"감가상각비,판관비",2025,3873258090
샘표,⑥ 감가상각비,"무형자산상각비,판관비",2024,2369599899
샘표,⑥ 감가상각비,"무형자산상각비,판관비",2025,2382564199
샘표,⑦ 물류/운반비,"운반비,판관비",2024,16109582895
샘표,⑦ 물류/운반비,"운반비,판관비",2025,15193620059
샘표,⑨ 기타판관비,"경상개발비,판관비",2024,12655399782
샘표,⑨ 기타판관비,"경상개발비,판관비",2025,13857343519
샘표,⑨ 기타판관비,대손상각비,2024,264521493
샘표,⑨ 기타판관비,대손상각비,2025,1713214827
샘표,⑨ 기타판관비,"보험료,판관비",2024,440737566
샘표,⑨ 기타판관비,"보험료,판관비",2025,452708588
샘표,⑨ 기타판관비,"세금과공과,판관비",2024,2893105352
샘표,⑨ 기타판관비,"세금과공과,판관비",2025,3438103888
샘표,⑨ 기타판관비,"소모품비,판관비",2024,2711365543
샘표,⑨ 기타판관비,"소모품비,판관비",2025,2889833775
샘표,⑨ 기타판관비,"수선비,판관비",2024,180019248
샘표,⑨ 기타판관비,"수선비,판관비",2025,139347860
샘표,⑨ 기타판관비,"잡비,판관비",2024,38066919
샘표,⑨ 기타판관비,"잡비,판관비",2025,31157070
샘표,⑨ 기타판관비,"접대비,판관비",2024,313782303
샘표,⑨ 기타판관비,"접대비,판관비",2025,344826873
샘표,리스부채,비유동리스부채,2024,1739114865
샘표,리스부채,비유동리스부채,2025,4704625099
샘표,리스부채,유동리스부채,2024,2025139296
샘표,리스부채,유동리스부채,2025,2625015839
샘표,부채총계,부채총계,2024,139038000000
샘표,부채총계,부채총계,2025,129317000000
샘표,순운전자본+,단기금융상품,2024,63250000000
샘표,순운전자본+,단기금융상품,2025,79350000000
샘표,순운전자본+,매출채권및기타유동채권,2024,39540986080
샘표,순운전자본+,매출채권및기타유동채권,2025,37500887204
샘표,순운전자본+,현금및현금성자산,2024,29980738402
샘표,순운전자본+,현금및현금성자산,2025,27845389072
샘표,순운전자본-,매입채무및기타유동채무,2024,35565920170
샘표,순운전자본-,매입채무및기타유동채무,2025,38214422871
샘표,순운전자본-,유동성장기부채,2024,0
샘표,순운전자본-,유동성장기부채,2025,0
샘표,순운전자본-,유동차입금,2024,68272000000
샘표,순운전자본-,유동차입금,2025,47975500000
샘표,영업활동현금흐름,영업활동현금흐름,2024,35121764476
샘표,영업활동현금흐름,영업활동현금흐름,2025,61795520420
샘표,이익잉여금,이익잉여금,2024,196511000000
샘표,이익잉여금,이익잉여금,2025,206039000000
샘표,자본총계,자본총계,2024,340743000000
샘표,자본총계,자본총계,2025,360735000000
샘표,자산총계,자산총계,2024,479781000000
샘표,자산총계,자산총계,2025,490051000000
샘표,재고자산,유동재고자산,2024,69085723272
샘표,재고자산,유동재고자산,2025,65636936041
샘표,재무활동현금흐름,재무활동현금흐름,2024,-7478749221
샘표,재무활동현금흐름,재무활동현금흐름,2025,-24889454127
샘표,투자활동현금흐름,투자활동현금흐름,2024,-14944070745
샘표,투자활동현금흐름,투자활동현금흐름,2025,-38871006210
샘표,현금의 증감,현금및현금성자산의순증가,2024,13960352486
샘표,현금의 증감,현금및현금성자산의순증가,2025,-2135349330
성심당,Ⅰ. 매출액,매출액,2024,193759000000
성심당,Ⅰ. 매출액,매출액,2025,262925000000
성심당,Ⅱ. 매출원가,매출원가,2024,104387000000
성심당,Ⅱ. 매출원가,매출원가,2025,149666000000
성심당,Ⅲ. 매출총이익(Ⅰ - Ⅱ),매출총이익,2024,89372319768
성심당,Ⅲ. 매출총이익(Ⅰ - Ⅱ),매출총이익,2025,113260000000
성심당,Ⅳ. 판매비와 관리비,판매비와관리비,2024,41561362042
성심당,Ⅳ. 판매비와 관리비,판매비와관리비,2025,48907854884
성심당,Ⅴ. 영업손익(Ⅲ - Ⅳ),영업이익,2024,47810957726
성심당,Ⅴ. 영업손익(Ⅲ - Ⅳ),영업이익,2025,64351687949
성심당,Ⅷ. 당기순손익(Ⅴ+Ⅵ-Ⅶ),당기순이익,2024,40181345950
성심당,Ⅷ. 당기순손익(Ⅴ+Ⅵ-Ⅶ),당기순이익,2025,54447877835
성심당,① 인건비,급여,2024,20811385684
성심당,① 인건비,급여,2025,25202514873
성심당,① 인건비,퇴직급여,2024,4860452090
성심당,① 인건비,퇴직급여,2025,2762635421
성심당,② 복리후생비,교육훈련비,2024,73710759
성심당,② 복리후생비,교육훈련비,2025,188158292
성심당,② 복리후생비,도서인쇄비,2024,253164269
성심당,② 복리후생비,도서인쇄비,2025,279603467
성심당,② 복리후생비,복리후생비,2024,1575874967
성심당,② 복리후생비,복리후생비,2025,2243100645
성심당,② 복리후생비,여비교통비,2024,90006542
성심당,② 복리후생비,여비교통비,2025,71793686
성심당,③ 지급/용역수수료,지급수수료,2024,1293188651
성심당,③ 지급/용역수수료,지급수수료,2025,1640933156
성심당,③ 지급/용역수수료,카드수수료,2024,3143279080
성심당,③ 지급/용역수수료,카드수수료,2025,4369999071
성심당,③ 지급/용역수수료,캐쉬백수수료,2024,396550
성심당,③ 지급/용역수수료,캐쉬백수수료,2025,211012
성심당,④ 광고선전비,광고선전비,2024,293976779
성심당,④ 광고선전비,광고선전비,2025,346744980
성심당,⑤ 임차/관리비,매장수수료,2024,4602487143
성심당,⑤ 임차/관리비,매장수수료,2025,5860339438
성심당,⑤ 임차/관리비,수도광열비,2024,37644995
성심당,⑤ 임차/관리비,수도광열비,2025,68608085
성심당,⑤ 임차/관리비,임차료,2024,525698237
성심당,⑤ 임차/관리비,임차료,2025,653259671
성심당,⑤ 임차/관리비,전력비,2024,99008951
성심당,⑤ 임차/관리비,전력비,2025,161011245
성심당,⑤ 임차/관리비,주차권지급료,2024,592617488
성심당,⑤ 임차/관리비,주차권지급료,2025,920031140
성심당,⑥ 감가상각비,감가상각비,2024,788072015
성심당,⑥ 감가상각비,감가상각비,2025,1052241390
성심당,⑦ 물류/운반비,운반비,2024,114828500
성심당,⑦ 물류/운반비,운반비,2025,108748258
성심당,⑨ 기타판관비,경상연구개발비,2024,133241295
성심당,⑨ 기타판관비,경상연구개발비,2025,50269000
성심당,⑨ 기타판관비,보험료,2024,523787459
성심당,⑨ 기타판관비,보험료,2025,742530475
성심당,⑨ 기타판관비,세금과공과,2024,886766350
성심당,⑨ 기타판관비,세금과공과,2025,1236884966
성심당,⑨ 기타판관비,소모품비,2024,390379218
성심당,⑨ 기타판관비,소모품비,2025,476641445
성심당,⑨ 기타판관비,수선비,2024,98495851
성심당,⑨ 기타판관비,수선비,2025,102725382
성심당,⑨ 기타판관비,인력개발비,2024,69200000
성심당,⑨ 기타판관비,인력개발비,2025,42000000
성심당,⑨ 기타판관비,접대비,2024,98461951
성심당,⑨ 기타판관비,접대비,2025,149321487
성심당,⑨ 기타판관비,차량유지비,2024,108789401
성심당,⑨ 기타판관비,차량유지비,2025,109474076
성심당,⑨ 기타판관비,통신비,2024,96447817
성심당,⑨ 기타판관비,통신비,2025,68074223
성심당,부채총계,부채총계,2024,29728602182
성심당,부채총계,부채총계,2025,39112691894
성심당,순운전자본+,단기금융상품,2024,77500000000
성심당,순운전자본+,단기금융상품,2025,122800000000
성심당,순운전자본+,대손충당금,2024,-53665438
성심당,순운전자본+,대손충당금,2025,-53665438
성심당,순운전자본+,매출채권,2024,7944470318
성심당,순운전자본+,매출채권,2025,9781538039
성심당,순운전자본+,미수금,2024,130801979
성심당,순운전자본+,미수금,2025,1017869030
성심당,순운전자본+,현금및현금성자산,2024,9431626870
성심당,순운전자본+,현금및현금성자산,2025,11323568906
성심당,순운전자본-,매입채무,2024,7340819958
성심당,순운전자본-,매입채무,2025,11187531968
성심당,순운전자본-,미지급금,2024,9366557149
성심당,순운전자본-,미지급금,2025,11209385588
성심당,순운전자본-,미지급비용,2024,789416501
성심당,순운전자본-,미지급비용,2025,960314821
성심당,순운전자본-,부가세예수금,2024,3214012270
성심당,순운전자본-,부가세예수금,2025,4590191860
성심당,순운전자본-,예수금,2024,1961355570
성심당,순운전자본-,예수금,2025,2522361195
성심당,영업활동현금흐름,영업활동으로인한현금흐름,2024,50301813412
성심당,영업활동현금흐름,영업활동으로인한현금흐름,2025,64232702925
성심당,이익잉여금,이익잉여금,2024,125600000000
성심당,이익잉여금,이익잉여금,2025,175048000000
성심당,자본총계,자본총계,2024,126120000000
성심당,자본총계,자본총계,2025,175568000000
성심당,자산총계,자산총계,2024,155849000000
성심당,자산총계,자산총계,2025,214681000000
성심당,재고자산,재고자산,2024,3116628070
성심당,재고자산,재고자산,2025,3463875311
성심당,재무활동현금흐름,재무활동으로인한현금흐름,2024,-4680000000
성심당,재무활동현금흐름,재무활동으로인한현금흐름,2025,-5040000000
성심당,투자활동현금흐름,투자활동으로인한현금흐름,2024,-39116012933
성심당,투자활동현금흐름,투자활동으로인한현금흐름,2025,-57300760889
성심당,현금의 증감,현금의증가,2024,6505800479
성심당,현금의 증감,현금의증가,2025,1891942036
스마일게이트,Ⅰ. 매출액,영업수익,2024,458037000000
스마일게이트,Ⅰ. 매출액,영업수익,2025,978498000000
스마일게이트,Ⅳ. 판매비와 관리비,영업비용,2024,209014000000
스마일게이트,Ⅳ. 판매비와 관리비,영업비용,2025,867700000000
스마일게이트,Ⅴ. 영업손익(Ⅲ - Ⅳ),영업이익,2024,249022000000
스마일게이트,Ⅴ. 영업손익(Ⅲ - Ⅳ),영업이익,2025,110799000000
스마일게이트,Ⅷ. 당기순손익(Ⅴ+Ⅵ-Ⅶ),당기순이익,2024,190025000000
스마일게이트,Ⅷ. 당기순손익(Ⅴ+Ⅵ-Ⅶ),당기순이익,2025,112257000000
스마일게이트,① 인건비,급여,2024,68489565000
스마일게이트,① 인건비,급여,2025,333672000000
스마일게이트,① 인건비,기타장기종업원급여,2024,1313548000
스마일게이트,① 인건비,기타장기종업원급여,2025,1602369000
스마일게이트,① 인건비,퇴직급여,2024,5661590000
스마일게이트,① 인건비,퇴직급여,2025,30050995000
스마일게이트,② 복리후생비,교육훈련비,2024,399474000
스마일게이트,② 복리후생비,교육훈련비,2025,5507430000
스마일게이트,② 복리후생비,복리후생비,2024,13338113000
스마일게이트,② 복리후생비,복리후생비,2025,17599124000
스마일게이트,② 복리후생비,여비교통비,2024,1116245000
스마일게이트,② 복리후생비,여비교통비,2025,6525573000
스마일게이트,② 복리후생비,차량유지비,2024,115664000
스마일게이트,② 복리후생비,차량유지비,2025,410720000
스마일게이트,③ 지급/용역수수료,외주용역비,2024,22958843000
스마일게이트,③ 지급/용역수수료,외주용역비,2025,110269000000
스마일게이트,③ 지급/용역수수료,지급수수료,2024,31099202000
스마일게이트,③ 지급/용역수수료,지급수수료,2025,167844000000
스마일게이트,④ 광고선전비,광고선전비,2024,6857250000
스마일게이트,④ 광고선전비,광고선전비,2025,85714056000
스마일게이트,⑤ 임차/관리비,건물관리비,2024,987612000
스마일게이트,⑤ 임차/관리비,건물관리비,2025,5534817000
스마일게이트,⑤ 임차/관리비,지급임차료,2024,1387900000
스마일게이트,⑤ 임차/관리비,지급임차료,2025,7595747000
스마일게이트,⑥ 감가상각비,감가상각비,2024,6627613000
스마일게이트,⑥ 감가상각비,감가상각비,2025,34023243000
스마일게이트,⑥ 감가상각비,무형자산상각비,2024,1627330000
스마일게이트,⑥ 감가상각비,무형자산상각비,2025,13872772000
스마일게이트,⑨ 기타판관비,기타,2024,2386692000
스마일게이트,⑨ 기타판관비,기타,2025,8302025000
스마일게이트,⑨ 기타판관비,대손상각비,2024,40000000
스마일게이트,⑨ 기타판관비,대손상각비,2025,-47397000
스마일게이트,⑨ 기타판관비,보험료,2024,5695592000
스마일게이트,⑨ 기타판관비,보험료,2025,27648138000
스마일게이트,⑨ 기타판관비,세금과공과,2024,979685000
스마일게이트,⑨ 기타판관비,세금과공과,2025,7921774000
스마일게이트,⑨ 기타판관비,접대비,2024,587604000
스마일게이트,⑨ 기타판관비,접대비,2025,3652818000
스마일게이트,⑨ 기타판관비,주식보상비,2024,37344720000
스마일게이트,⑨ 기타판관비,주식보상비,2025,0
스마일게이트,리스부채,리스부채,2024,41981173000
스마일게이트,리스부채,리스부채,2025,48140741000
스마일게이트,부채총계,부채총계,2024,783726000000
스마일게이트,부채총계,부채총계,2025,747470000000
스마일게이트,사용권자산,사용권자산,2024,42898276000
스마일게이트,사용권자산,사용권자산,2025,51286310000
스마일게이트,순운전자본+,기타금융자산,2024,156060000000
스마일게이트,순운전자본+,기타금융자산,2025,39922518000
스마일게이트,순운전자본+,당기손익-공정가치측정금융자산,2024,1721130000000
스마일게이트,순운전자본+,당기손익-공정가치측정금융자산,2025,1234300000000
스마일게이트,순운전자본+,매출채권및기타채권,2024,378171000000
스마일게이트,순운전자본+,매출채권및기타채권,2025,231301000000
스마일게이트,순운전자본+,상각후원가측정금융자산,2024,83426819000
스마일게이트,순운전자본+,상각후원가측정금융자산,2025,590545000000
스마일게이트,순운전자본+,현금및현금성자산,2024,546675000000
스마일게이트,순운전자본+,현금및현금성자산,2025,397986000000
스마일게이트,순운전자본-,기타금융부채,2024,4259482000
스마일게이트,순운전자본-,기타금융부채,2025,2882154000
스마일게이트,순운전자본-,매입채무및기타채무,2024,134079000000
스마일게이트,순운전자본-,매입채무및기타채무,2025,152223000000
스마일게이트,순운전자본-,차입금및사채,2024,20730795000
스마일게이트,순운전자본-,차입금및사채,2025,20730795000
스마일게이트,영업활동현금흐름,영업활동으로인한현금흐름,2024,-345776000
스마일게이트,영업활동현금흐름,영업활동으로인한현금흐름,2025,264736000000
스마일게이트,이익잉여금,이익잉여금,2024,3570320000000
스마일게이트,이익잉여금,이익잉여금,2025,3548160000000
스마일게이트,자본총계,자본총계,2024,3701670000000
스마일게이트,자본총계,자본총계,2025,3680650000000
스마일게이트,자산총계,자산총계,2024,4485400000000
스마일게이트,자산총계,자산총계,2025,4428120000000
스마일게이트,재고자산,재고자산,2024,16575230000
스마일게이트,재고자산,재고자산,2025,41492673000
스마일게이트,재무활동현금흐름,재무활동으로인한현금흐름,2024,-40468598000
스마일게이트,재무활동현금흐름,재무활동으로인한현금흐름,2025,-180450000000
스마일게이트,투자활동현금흐름,투자활동으로인한현금흐름,2024,107093000000
스마일게이트,투자활동현금흐름,투자활동으로인한현금흐름,2025,-230578000000
스마일게이트,현금의 증감,비지배지분과의거래로인한현금의증가,2024,0
스마일게이트,현금의 증감,비지배지분과의거래로인한현금의증가,2025,300000000
스페이스애드,Ⅰ. 매출액,영업수익,2024,26133895679
스페이스애드,Ⅰ. 매출액,영업수익,2025,27125596286
스페이스애드,Ⅳ. 판매비와 관리비,영업비용,2024,22673521920
스페이스애드,Ⅳ. 판매비와 관리비,영업비용,2025,26046807179
스페이스애드,Ⅴ. 영업손익(Ⅲ - Ⅳ),영업이익,2024,3460373759
스페이스애드,Ⅴ. 영업손익(Ⅲ - Ⅳ),영업이익,2025,1078789107
스페이스애드,Ⅷ. 당기순손익(Ⅴ+Ⅵ-Ⅶ),당기순이익,2024,3650305935
스페이스애드,Ⅷ. 당기순손익(Ⅴ+Ⅵ-Ⅶ),당기순이익,2025,1404053380
스페이스애드,① 인건비,급여,2024,4674071385
스페이스애드,① 인건비,급여,2025,5609726941
스페이스애드,① 인건비,퇴직급여,2024,366697290
스페이스애드,① 인건비,퇴직급여,2025,511812540
스페이스애드,② 복리후생비,교육훈련비,2024,7712520
스페이스애드,② 복리후생비,교육훈련비,2025,6008882
스페이스애드,② 복리후생비,도서인쇄비,2024,4883764
스페이스애드,② 복리후생비,도서인쇄비,2025,9280044
스페이스애드,② 복리후생비,복리후생비,2024,461796871
스페이스애드,② 복리후생비,복리후생비,2025,477151707
스페이스애드,② 복리후생비,여비교통비,2024,128155572
스페이스애드,② 복리후생비,여비교통비,2025,127286505
스페이스애드,③ 지급/용역수수료,외주용역비,2024,254075200
스페이스애드,③ 지급/용역수수료,외주용역비,2025,149079206
스페이스애드,③ 지급/용역수수료,지급수수료,2024,14356342888
스페이스애드,③ 지급/용역수수료,지급수수료,2025,15204883494
스페이스애드,④ 광고선전비,광고선전비,2024,31548982
스페이스애드,④ 광고선전비,광고선전비,2025,1092328987
스페이스애드,⑤ 임차/관리비,건물관리비,2024,136000281
스페이스애드,⑤ 임차/관리비,건물관리비,2025,163400930
스페이스애드,⑤ 임차/관리비,수도광열비,2024,13638892
스페이스애드,⑤ 임차/관리비,수도광열비,2025,17156851
스페이스애드,⑤ 임차/관리비,임차료,2024,428347340
스페이스애드,⑤ 임차/관리비,임차료,2025,579496921
스페이스애드,⑥ 감가상각비,감가상각비,2024,813297083
스페이스애드,⑥ 감가상각비,감가상각비,2025,1023669939
스페이스애드,⑥ 감가상각비,무형자산상각비,2024,41503386
스페이스애드,⑥ 감가상각비,무형자산상각비,2025,48316762
스페이스애드,⑦ 물류/운반비,운반비,2024,3058422
스페이스애드,⑦ 물류/운반비,운반비,2025,4570110
스페이스애드,⑨ 기타판관비,대손상각비,2024,95964779
스페이스애드,⑨ 기타판관비,대손상각비,2025,26654385
스페이스애드,⑨ 기타판관비,보험료,2024,111884568
스페이스애드,⑨ 기타판관비,보험료,2025,118866963
스페이스애드,⑨ 기타판관비,세금과공과금,2024,177718410
스페이스애드,⑨ 기타판관비,세금과공과금,2025,212310640
스페이스애드,⑨ 기타판관비,소모품비,2024,60313222
스페이스애드,⑨ 기타판관비,소모품비,2025,87326128
스페이스애드,⑨ 기타판관비,수선비,2024,3716365
스페이스애드,⑨ 기타판관비,수선비,2025,101819
스페이스애드,⑨ 기타판관비,접대비,2024,364597637
스페이스애드,⑨ 기타판관비,접대비,2025,409289734
스페이스애드,⑨ 기타판관비,차량유지비,2024,75277543
스페이스애드,⑨ 기타판관비,차량유지비,2025,97769947
스페이스애드,⑨ 기타판관비,통신비,2024,41608236
스페이스애드,⑨ 기타판관비,통신비,2025,47853998
스페이스애드,⑨ 기타판관비,협회비,2024,0
스페이스애드,⑨ 기타판관비,협회비,2025,10200000
스페이스애드,⑨ 기타판관비,회의비,2024,21311284
스페이스애드,⑨ 기타판관비,회의비,2025,12263746
스페이스애드,부채총계,부채총계,2024,11128202998
스페이스애드,부채총계,부채총계,2025,9348496059
스페이스애드,순운전자본+,단기금융상품,2024,12350065520
스페이스애드,순운전자본+,단기금융상품,2025,9969771504
스페이스애드,순운전자본+,대손충당금,2024,-97364779
스페이스애드,순운전자본+,대손충당금,2025,-124019164
스페이스애드,순운전자본+,매도가능증권,2024,0
스페이스애드,순운전자본+,매도가능증권,2025,2000000000
스페이스애드,순운전자본+,매출채권,2024,9736477985
스페이스애드,순운전자본+,매출채권,2025,8268116438
스페이스애드,순운전자본+,미수금,2024,8892952
스페이스애드,순운전자본+,미수금,2025,74820629
스페이스애드,순운전자본+,현금및현금성자산,2024,247
스페이스애드,순운전자본+,현금및현금성자산,2025,230000000
스페이스애드,순운전자본-,단기차입금,2024,1795500000
스페이스애드,순운전자본-,단기차입금,2025,2393155250
스페이스애드,순운전자본-,매입채무,2024,8023798312
스페이스애드,순운전자본-,매입채무,2025,4952097049
스페이스애드,순운전자본-,미지급금,2024,494141035
스페이스애드,순운전자본-,미지급금,2025,1430527155
스페이스애드,순운전자본-,미지급비용,2024,145311302
스페이스애드,순운전자본-,미지급비용,2025,171424731
스페이스애드,순운전자본-,예수금,2024,403652820
스페이스애드,순운전자본-,예수금,2025,322063260
스페이스애드,영업활동현금흐름,영업활동으로인한현금흐름,2024,4424413154
스페이스애드,영업활동현금흐름,영업활동으로인한현금흐름,2025,1454739259
스페이스애드,이익잉여금,이익잉여금,2024,4638191135
스페이스애드,이익잉여금,이익잉여금,2025,6042244515
스페이스애드,자본총계,자본총계,2024,15066668977
스페이스애드,자본총계,자본총계,2025,16472462357
스페이스애드,자산총계,자산총계,2024,26194871975
스페이스애드,자산총계,자산총계,2025,25820958416
스페이스애드,재무활동현금흐름,재무활동으로인한현금흐름,2024,1798540000
스페이스애드,재무활동현금흐름,재무활동으로인한현금흐름,2025,599395250
스페이스애드,투자활동현금흐름,투자활동으로인한현금흐름,2024,-6339983105
스페이스애드,투자활동현금흐름,투자활동으로인한현금흐름,2025,-1824134756
스페이스애드,현금의 증감,현금의증가,2024,-117029951
스페이스애드,현금의 증감,현금의증가,2025,229999753
시프트업,Ⅰ. 매출액,영업수익,2024,224084645616
시프트업,Ⅰ. 매출액,영업수익,2025,294545937439
시프트업,Ⅳ. 판매비와 관리비,영업비용,2024,71408372450
시프트업,Ⅳ. 판매비와 관리비,영업비용,2025,113128279882
시프트업,Ⅴ. 영업손익(Ⅲ - Ⅳ),영업이익,2024,152676273166
시프트업,Ⅴ. 영업손익(Ⅲ - Ⅳ),영업이익,2025,181417657557
시프트업,Ⅷ. 당기순손익(Ⅴ+Ⅵ-Ⅶ),당기순이익,2024,147973272692
시프트업,Ⅷ. 당기순손익(Ⅴ+Ⅵ-Ⅶ),당기순이익,2025,191430447697
시프트업,① 인건비,"급여,판관비",2024,40186710000
시프트업,① 인건비,"급여,판관비",2025,42178009000
시프트업,① 인건비,"퇴직급여,판관비",2024,1982878000
시프트업,① 인건비,"퇴직급여,판관비",2025,2110865000
시프트업,② 복리후생비,"교육훈련비,판관비",2024,27052000
시프트업,② 복리후생비,"교육훈련비,판관비",2025,17958000
시프트업,② 복리후생비,"도서인쇄비,판관비",2024,32141000
시프트업,② 복리후생비,"도서인쇄비,판관비",2025,20245000
시프트업,② 복리후생비,"복리후생비,판관비",2024,9145304000
시프트업,② 복리후생비,"복리후생비,판관비",2025,8280941000
시프트업,② 복리후생비,"여비교통비,판관비",2024,572106000
시프트업,② 복리후생비,"여비교통비,판관비",2025,758121000
시프트업,③ 지급/용역수수료,"외주용역비,판관비",2024,1288397000
시프트업,③ 지급/용역수수료,"외주용역비,판관비",2025,7295239000
시프트업,③ 지급/용역수수료,"지급수수료,판관비",2024,6608508000
시프트업,③ 지급/용역수수료,"지급수수료,판관비",2025,41946397000
시프트업,④ 광고선전비,"광고선전비,판관비",2024,213842000
시프트업,④ 광고선전비,"광고선전비,판관비",2025,826178000
시프트업,⑤ 임차/관리비,"임차료,판관비",2024,1344228000
시프트업,⑤ 임차/관리비,"임차료,판관비",2025,1321950000
시프트업,⑤ 임차/관리비,"통신비,판관비",2024,56510000
시프트업,⑤ 임차/관리비,"통신비,판관비",2025,53599000
시프트업,⑥ 감가상각비,"감가상각비,사용권자산",2024,2487758000
시프트업,⑥ 감가상각비,"감가상각비,사용권자산",2025,3306852000
시프트업,⑥ 감가상각비,"감가상각비,판관비",2024,929158000
시프트업,⑥ 감가상각비,"감가상각비,판관비",2025,1137301000
시프트업,⑥ 감가상각비,"무형자산상각비,판관비",2024,1075853000
시프트업,⑥ 감가상각비,"무형자산상각비,판관비",2025,1374865000
시프트업,⑦ 물류/운반비,"운반비,판관비",2024,18095000
시프트업,⑦ 물류/운반비,"운반비,판관비",2025,15536000
시프트업,⑨ 기타판관비,"보험료,판관비",2024,98721000
시프트업,⑨ 기타판관비,"보험료,판관비",2025,116032000
시프트업,⑨ 기타판관비,"세금과공과,판관비",2024,464792000
시프트업,⑨ 기타판관비,"세금과공과,판관비",2025,395695000
시프트업,⑨ 기타판관비,"소모품비,판관비",2024,560418000
시프트업,⑨ 기타판관비,"소모품비,판관비",2025,318771000
시프트업,⑨ 기타판관비,"접대비,판관비",2024,435277000
시프트업,⑨ 기타판관비,"접대비,판관비",2025,371999000
시프트업,⑨ 기타판관비,주식보상비용,2024,3880624000
시프트업,⑨ 기타판관비,주식보상비용,2025,1281727000
시프트업,리스부채,비유동리스부채,2024,8308187425
시프트업,리스부채,비유동리스부채,2025,59327270576
시프트업,리스부채,유동리스부채,2024,2844075253
시프트업,리스부채,유동리스부채,2025,3935637435
시프트업,부채총계,부채총계,2024,39427774284
시프트업,부채총계,부채총계,2025,162144544577
시프트업,사용권자산,사용권자산,2024,11078469461
시프트업,사용권자산,사용권자산,2025,65550375134
시프트업,순운전자본+,기타유동금융자산,2024,11394731622
시프트업,순운전자본+,기타유동금융자산,2025,50796695492
시프트업,순운전자본+,당기손익-공정가치측정금융자산,2024,256438849713
시프트업,순운전자본+,당기손익-공정가치측정금융자산,2025,272051525556
시프트업,순운전자본+,매출채권,2024,102306130959
시프트업,순운전자본+,매출채권,2025,130250520677
시프트업,순운전자본+,현금및현금성자산,2024,289250436994
시프트업,순운전자본+,현금및현금성자산,2025,110121105321
시프트업,순운전자본-,기타유동금융부채,2024,5359556260
시프트업,순운전자본-,기타유동금융부채,2025,56842294190
시프트업,순운전자본-,미지급법인세,2024,8475844959
시프트업,순운전자본-,미지급법인세,2025,25341632836
시프트업,영업활동현금흐름,영업활동으로인한현금흐름,2024,114147196598
시프트업,영업활동현금흐름,영업활동으로인한현금흐름,2025,157169089142
시프트업,이익잉여금,이익잉여금,2024,219070685362
시프트업,이익잉여금,이익잉여금,2025,410501133059
시프트업,자본총계,자본총계,2024,764404135605
시프트업,자본총계,자본총계,2025,921190987215
시프트업,자산총계,자산총계,2024,803831909889
시프트업,자산총계,자산총계,2025,1083335531792
시프트업,재무활동현금흐름,재무활동으로인한현금흐름,2024,426868629972
시프트업,재무활동현금흐름,재무활동으로인한현금흐름,2025,-51430807298
시프트업,투자활동현금흐름,투자활동으로인한현금흐름,2024,-368297272713
시프트업,투자활동현금흐름,투자활동으로인한현금흐름,2025,-283227434687
시프트업,현금의 증감,현금및현금성자산의증감,2024,172718553857
시프트업,현금의 증감,현금및현금성자산의증감,2025,-177489152843
신성통상,Ⅰ. 매출액,매출액,2024,1507870000000
신성통상,Ⅰ. 매출액,매출액,2025,1476970000000
신성통상,Ⅱ. 매출원가,매출원가,2024,790640000000
신성통상,Ⅱ. 매출원가,매출원가,2025,812210000000
신성통상,Ⅲ. 매출총이익(Ⅰ - Ⅱ),매출총이익,2024,717229000000
신성통상,Ⅲ. 매출총이익(Ⅰ - Ⅱ),매출총이익,2025,664762000000
신성통상,Ⅳ. 판매비와 관리비,판매비와관리비,2024,595438000000
신성통상,Ⅳ. 판매비와 관리비,판매비와관리비,2025,590274000000
신성통상,Ⅴ. 영업손익(Ⅲ - Ⅳ),영업이익,2024,121792000000
신성통상,Ⅴ. 영업손익(Ⅲ - Ⅳ),영업이익,2025,74488038737
신성통상,Ⅷ. 당기순손익(Ⅴ+Ⅵ-Ⅶ),당기순이익,2024,73688142483
신성통상,Ⅷ. 당기순손익(Ⅴ+Ⅵ-Ⅶ),당기순이익,2025,59653747628
신성통상,① 인건비,"급여,판관비",2024,67884000000
신성통상,① 인건비,"급여,판관비",2025,74821000000
신성통상,① 인건비,잡급,2024,696000000
신성통상,① 인건비,잡급,2025,1427000000
신성통상,① 인건비,"퇴직급여,판관비",2024,4658000000
신성통상,① 인건비,"퇴직급여,판관비",2025,5518000000
신성통상,② 복리후생비,"교육훈련비,판관비",2024,797000000
신성통상,② 복리후생비,"교육훈련비,판관비",2025,745000000
신성통상,② 복리후생비,"도서인쇄비,판관비",2024,239000000
신성통상,② 복리후생비,"도서인쇄비,판관비",2025,183000000
신성통상,② 복리후생비,"복리후생비,판관비",2024,8954000000
신성통상,② 복리후생비,"복리후생비,판관비",2025,9572000000
신성통상,② 복리후생비,"여비교통비,판관비",2024,2098000000
신성통상,② 복리후생비,"여비교통비,판관비",2025,1808000000
신성통상,② 복리후생비,"차량유지비,판관비",2024,932000000
신성통상,② 복리후생비,"차량유지비,판관비",2025,1090000000
신성통상,③ 지급/용역수수료,"지급수수료,판관비",2024,279743000000
신성통상,③ 지급/용역수수료,"지급수수료,판관비",2025,265810000000
신성통상,④ 광고선전비,"광고선전비,판관비",2024,39847000000
신성통상,④ 광고선전비,"광고선전비,판관비",2025,36386000000
신성통상,⑤ 임차/관리비,"사용권자산상각비,판관비",2024,38121000000
신성통상,⑤ 임차/관리비,"사용권자산상각비,판관비",2025,37725000000
신성통상,⑤ 임차/관리비,"수도광열비,판관비",2024,349000000
신성통상,⑤ 임차/관리비,"수도광열비,판관비",2025,307000000
신성통상,⑤ 임차/관리비,"임차료,판관비",2024,63509000000
신성통상,⑤ 임차/관리비,"임차료,판관비",2025,64247000000
신성통상,⑤ 임차/관리비,"전력비,판관비",2024,4263000000
신성통상,⑤ 임차/관리비,"전력비,판관비",2025,4862000000
신성통상,⑤ 임차/관리비,"통신비,판관비",2024,471000000
신성통상,⑤ 임차/관리비,"통신비,판관비",2025,493000000
신성통상,⑥ 감가상각비,"감가상각비,판관비",2024,42556000000
신성통상,⑥ 감가상각비,"감가상각비,판관비",2025,44435000000
신성통상,⑥ 감가상각비,"무형자산상각비,판관비",2024,2262000000
신성통상,⑥ 감가상각비,"무형자산상각비,판관비",2025,2429000000
신성통상,⑦ 물류/운반비,"운반비,판관비",2024,19564000000
신성통상,⑦ 물류/운반비,"운반비,판관비",2025,19018000000
신성통상,⑦ 물류/운반비,"포장비,판관비",2024,6140000000
신성통상,⑦ 물류/운반비,"포장비,판관비",2025,4938000000
신성통상,⑨ 기타판관비,"견본품비,판관비",2024,793000000
신성통상,⑨ 기타판관비,"견본품비,판관비",2025,1047000000
신성통상,⑨ 기타판관비,"경상개발비,판관비",2024,1712000000
신성통상,⑨ 기타판관비,"경상개발비,판관비",2025,1451000000
신성통상,⑨ 기타판관비,대손상각비,2024,480000000
신성통상,⑨ 기타판관비,대손상각비,2025,520000000
신성통상,⑨ 기타판관비,"보험료,판관비",2024,1550000000
신성통상,⑨ 기타판관비,"보험료,판관비",2025,1415000000
신성통상,⑨ 기타판관비,"세금과공과,판관비",2024,4835000000
신성통상,⑨ 기타판관비,"세금과공과,판관비",2025,5266000000
신성통상,⑨ 기타판관비,"소모품비,판관비",2024,1803000000
신성통상,⑨ 기타판관비,"소모품비,판관비",2025,1767000000
신성통상,⑨ 기타판관비,"수선비,판관비",2024,371000000
신성통상,⑨ 기타판관비,"수선비,판관비",2025,2075000000
신성통상,⑨ 기타판관비,"잡손실,판관비",2024,35000000
신성통상,⑨ 기타판관비,"잡손실,판관비",2025,38000000
신성통상,⑨ 기타판관비,"접대비,판관비",2024,776000000
신성통상,⑨ 기타판관비,"접대비,판관비",2025,881000000
신성통상,부채총계,부채총계,2024,678031000000
신성통상,부채총계,부채총계,2025,652373000000
신성통상,사용권자산,사용권자산,2024,111298000000
신성통상,사용권자산,사용권자산,2025,101505000000
신성통상,순운전자본+,기타유동금융자산,2024,181915000000
신성통상,순운전자본+,기타유동금융자산,2025,182884000000
신성통상,순운전자본+,매출채권,2024,111824000000
신성통상,순운전자본+,매출채권,2025,90220143844
신성통상,순운전자본+,현금및현금성자산,2024,60706056134
신성통상,순운전자본+,현금및현금성자산,2025,80115941983
신성통상,순운전자본-,기타유동금융부채,2024,1402891335
신성통상,순운전자본-,기타유동금융부채,2025,1776241848
신성통상,순운전자본-,단기차입금,2024,124593000000
신성통상,순운전자본-,단기차입금,2025,127059000000
신성통상,순운전자본-,매입채무,2024,96171284142
신성통상,순운전자본-,매입채무,2025,94521862186
신성통상,순운전자본-,유동성사채,2024,52938636415
신성통상,순운전자본-,유동성사채,2025,13992348120
신성통상,순운전자본-,유동성장기차입금,2024,11000000000
신성통상,순운전자본-,유동성장기차입금,2025,46213981508
신성통상,영업활동현금흐름,영업활동으로인한현금흐름,2024,179419000000
신성통상,영업활동현금흐름,영업활동으로인한현금흐름,2025,112583000000
신성통상,이익잉여금,이익잉여금,2024,346291000000
신성통상,이익잉여금,이익잉여금,2025,405319000000
신성통상,자본총계,자본총계,2024,484612000000
신성통상,자본총계,자본총계,2025,547022000000
신성통상,자산총계,자산총계,2024,1162640000000
신성통상,자산총계,자산총계,2025,1199390000000
신성통상,재고자산,재고자산,2024,326345000000
신성통상,재고자산,재고자산,2025,359451000000
신성통상,재무활동현금흐름,재무활동으로인한현금흐름,2024,-16357834486
신성통상,재무활동현금흐름,재무활동으로인한현금흐름,2025,-42427446111
신성통상,투자활동현금흐름,투자활동으로인한현금흐름,2024,-236943000000
신성통상,투자활동현금흐름,투자활동으로인한현금흐름,2025,-51342080743
신성통상,현금의 증감,현금및현금성자산의증가,2024,-74341951367
신성통상,현금의 증감,현금및현금성자산의증가,2025,19409885649
신세계인터내셔날,Ⅰ. 매출액,수익,2024,1073588325694
신세계인터내셔날,Ⅰ. 매출액,수익,2025,1109969262713
신세계인터내셔날,Ⅱ. 매출원가,매출원가,2024,401080601033
신세계인터내셔날,Ⅱ. 매출원가,매출원가,2025,439071744527
신세계인터내셔날,Ⅲ. 매출총이익(Ⅰ - Ⅱ),매출총이익,2024,672507724661
신세계인터내셔날,Ⅲ. 매출총이익(Ⅰ - Ⅱ),매출총이익,2025,670897518186
신세계인터내셔날,Ⅳ. 판매비와 관리비,판매비와관리비,2024,665266623218
신세계인터내셔날,Ⅳ. 판매비와 관리비,판매비와관리비,2025,682394299149
신세계인터내셔날,Ⅴ. 영업손익(Ⅲ - Ⅳ),영업이익,2024,7241101443
신세계인터내셔날,Ⅴ. 영업손익(Ⅲ - Ⅳ),영업이익,2025,-11496780963
신세계인터내셔날,Ⅷ. 당기순손익(Ⅴ+Ⅵ-Ⅶ),당기순이익,2024,32675918483
신세계인터내셔날,Ⅷ. 당기순손익(Ⅴ+Ⅵ-Ⅶ),당기순이익,2025,4119597354
신세계인터내셔날,① 인건비,"급여,판관비",2024,95893447000
신세계인터내셔날,① 인건비,"급여,판관비",2025,98949224000
신세계인터내셔날,① 인건비,"퇴직급여,판관비",2024,13823944000
신세계인터내셔날,① 인건비,"퇴직급여,판관비",2025,10715398000
신세계인터내셔날,② 복리후생비,"교육훈련비,판관비",2024,1551043000
신세계인터내셔날,② 복리후생비,"교육훈련비,판관비",2025,1097223000
신세계인터내셔날,② 복리후생비,"도서인쇄비,판관비",2024,269046000
신세계인터내셔날,② 복리후생비,"도서인쇄비,판관비",2025,241260000
신세계인터내셔날,② 복리후생비,"복리후생비,판관비",2024,18561362000
신세계인터내셔날,② 복리후생비,"복리후생비,판관비",2025,19581026000
신세계인터내셔날,② 복리후생비,"여비교통비,판관비",2024,3815399000
신세계인터내셔날,② 복리후생비,"여비교통비,판관비",2025,3385104000
신세계인터내셔날,② 복리후생비,"회의비,판관비",2024,1709683000
신세계인터내셔날,② 복리후생비,"회의비,판관비",2025,1464493000
신세계인터내셔날,③ 지급/용역수수료,"지급수수료,판관비",2024,381380656000
신세계인터내셔날,③ 지급/용역수수료,"지급수수료,판관비",2025,386542248000
신세계인터내셔날,④ 광고선전비,"광고선전비,판관비",2024,38338877000
신세계인터내셔날,④ 광고선전비,"광고선전비,판관비",2025,47021574000
신세계인터내셔날,④ 광고선전비,"판매촉진비,판관비",2024,19309441000
신세계인터내셔날,④ 광고선전비,"판매촉진비,판관비",2025,17857713000
신세계인터내셔날,⑤ 임차/관리비,"임차료,판관비",2024,2232807000
신세계인터내셔날,⑤ 임차/관리비,"임차료,판관비",2025,2351048000
신세계인터내셔날,⑥ 감가상각비,"감가상각비,판관비",2024,34280389000
신세계인터내셔날,⑥ 감가상각비,"감가상각비,판관비",2025,38330910000
신세계인터내셔날,⑥ 감가상각비,"무형자산상각비,판관비",2024,10977745000
신세계인터내셔날,⑥ 감가상각비,"무형자산상각비,판관비",2025,12050020000
신세계인터내셔날,⑦ 물류/운반비,"운반비,판관비",2024,10912587000
신세계인터내셔날,⑦ 물류/운반비,"운반비,판관비",2025,9566862000
신세계인터내셔날,⑦ 물류/운반비,"포장비,판관비",2024,9107043000
신세계인터내셔날,⑦ 물류/운반비,"포장비,판관비",2025,10220514000
신세계인터내셔날,⑨ 기타판관비,"경상개발비,판관비",2024,3546669000
신세계인터내셔날,⑨ 기타판관비,"경상개발비,판관비",2025,3663975000
신세계인터내셔날,⑨ 기타판관비,기타판매비와관리비,2024,264674000
신세계인터내셔날,⑨ 기타판관비,기타판매비와관리비,2025,274771000
신세계인터내셔날,⑨ 기타판관비,대손상각비,2024,6278000
신세계인터내셔날,⑨ 기타판관비,대손상각비,2025,-168771000
신세계인터내셔날,⑨ 기타판관비,"보험료,판관비",2024,1081123000
신세계인터내셔날,⑨ 기타판관비,"보험료,판관비",2025,1080838000
신세계인터내셔날,⑨ 기타판관비,"세금과공과,판관비",2024,2880885000
신세계인터내셔날,⑨ 기타판관비,"세금과공과,판관비",2025,3161312000
신세계인터내셔날,⑨ 기타판관비,"소모품비,판관비",2024,2387640000
신세계인터내셔날,⑨ 기타판관비,"소모품비,판관비",2025,2864706000
신세계인터내셔날,⑨ 기타판관비,"수도광열비,판관비",2024,1784801000
신세계인터내셔날,⑨ 기타판관비,"수도광열비,판관비",2025,1792278000
신세계인터내셔날,⑨ 기타판관비,"수선비,판관비",2024,2073685000
신세계인터내셔날,⑨ 기타판관비,"수선비,판관비",2025,2026277000
신세계인터내셔날,⑨ 기타판관비,장치장식비,2024,6601362000
신세계인터내셔날,⑨ 기타판관비,장치장식비,2025,5695454000
신세계인터내셔날,⑨ 기타판관비,"접대비,판관비",2024,287940000
신세계인터내셔날,⑨ 기타판관비,"접대비,판관비",2025,281872000
신세계인터내셔날,⑨ 기타판관비,"차량유지비,판관비",2024,767638000
신세계인터내셔날,⑨ 기타판관비,"차량유지비,판관비",2025,769042000
신세계인터내셔날,⑨ 기타판관비,"통신비,판관비",2024,675893000
신세계인터내셔날,⑨ 기타판관비,"통신비,판관비",2025,695377000
신세계인터내셔날,⑨ 기타판관비,"행사비,판관비",2024,744566000
신세계인터내셔날,⑨ 기타판관비,"행사비,판관비",2025,882551000
신세계인터내셔날,리스부채,리스부채,2024,111158591600
신세계인터내셔날,리스부채,리스부채,2025,97554551054
신세계인터내셔날,부채총계,부채총계,2024,486609000000
신세계인터내셔날,부채총계,부채총계,2025,592690000000
신세계인터내셔날,사용권자산,사용권자산,2024,109487000000
신세계인터내셔날,사용권자산,사용권자산,2025,109249000000
신세계인터내셔날,순운전자본+,단기금융상품,2024,0
신세계인터내셔날,순운전자본+,단기금융상품,2025,800000000
신세계인터내셔날,순운전자본+,당기손익-공정가치측정금융자산,2024,42656226582
신세계인터내셔날,순운전자본+,당기손익-공정가치측정금융자산,2025,49478781463
신세계인터내셔날,순운전자본+,매출채권및기타채권,2024,142623000000
신세계인터내셔날,순운전자본+,매출채권및기타채권,2025,140823000000
신세계인터내셔날,순운전자본+,현금및현금성자산,2024,37916391985
신세계인터내셔날,순운전자본+,현금및현금성자산,2025,38638365593
신세계인터내셔날,순운전자본-,단기차입금,2024,75832971319
신세계인터내셔날,순운전자본-,단기차입금,2025,139408000000
신세계인터내셔날,순운전자본-,매입채무및기타채무,2024,90844841115
신세계인터내셔날,순운전자본-,매입채무및기타채무,2025,100472000000
신세계인터내셔날,순운전자본-,유동성장기부채,2024,112711000000
신세계인터내셔날,순운전자본-,유동성장기부채,2025,40000000000
신세계인터내셔날,영업활동현금흐름,영업활동현금흐름,2024,25997310996
신세계인터내셔날,영업활동현금흐름,영업활동현금흐름,2025,29603466551
신세계인터내셔날,이익잉여금,이익잉여금,2024,700614000000
신세계인터내셔날,이익잉여금,이익잉여금,2025,686116000000
신세계인터내셔날,자본총계,자본총계,2024,846514000000
신세계인터내셔날,자본총계,자본총계,2025,840488000000
신세계인터내셔날,자산총계,자산총계,2024,1333120000000
신세계인터내셔날,자산총계,자산총계,2025,1433180000000
신세계인터내셔날,재고자산,재고자산,2024,322172000000
신세계인터내셔날,재고자산,재고자산,2025,297001000000
신세계인터내셔날,재무활동현금흐름,재무활동으로인한현금흐름,2024,-48678061608
신세계인터내셔날,재무활동현금흐름,재무활동으로인한현금흐름,2025,43714396466
신세계인터내셔날,투자활동현금흐름,투자활동현금흐름,2024,-94172180074
신세계인터내셔날,투자활동현금흐름,투자활동현금흐름,2025,-73875596125
신세계인터내셔날,현금의 증감,현금및현금성자산의증가,2024,-116853000000
신세계인터내셔날,현금의 증감,현금및현금성자산의증가,2025,-557733108
신원,Ⅰ. 매출액,수익,2024,939537000000
신원,Ⅰ. 매출액,수익,2025,1092250000000
신원,Ⅱ. 매출원가,매출원가,2024,699569000000
신원,Ⅱ. 매출원가,매출원가,2025,842939000000
신원,Ⅲ. 매출총이익(Ⅰ - Ⅱ),매출총이익,2024,239968000000
신원,Ⅲ. 매출총이익(Ⅰ - Ⅱ),매출총이익,2025,249315000000
신원,Ⅳ. 판매비와 관리비,판매비와관리비,2024,214490000000
신원,Ⅳ. 판매비와 관리비,판매비와관리비,2025,229928000000
신원,Ⅴ. 영업손익(Ⅲ - Ⅳ),영업이익,2024,25317728223
신원,Ⅴ. 영업손익(Ⅲ - Ⅳ),영업이익,2025,18778913228
신원,Ⅷ. 당기순손익(Ⅴ+Ⅵ-Ⅶ),당기순이익,2024,5648419882
신원,Ⅷ. 당기순손익(Ⅴ+Ⅵ-Ⅶ),당기순이익,2025,-1631250295
신원,① 인건비,"급여,판관비",2024,67387280000
신원,① 인건비,"급여,판관비",2025,71448653000
신원,① 인건비,"퇴직급여,판관비",2024,4834559000
신원,① 인건비,"퇴직급여,판관비",2025,5272879000
신원,② 복리후생비,"교육훈련비,판관비",2024,887976000
신원,② 복리후생비,"교육훈련비,판관비",2025,678525000
신원,② 복리후생비,"도서인쇄비,판관비",2024,125635000
신원,② 복리후생비,"도서인쇄비,판관비",2025,131877000
신원,② 복리후생비,"복리후생비,판관비",2024,4061432000
신원,② 복리후생비,"복리후생비,판관비",2025,4488317000
신원,② 복리후생비,"여비교통비,판관비",2024,3211302000
신원,② 복리후생비,"여비교통비,판관비",2025,3308120000
신원,② 복리후생비,"차량유지비,판관비",2024,440833000
신원,② 복리후생비,"차량유지비,판관비",2025,328281000
신원,③ 지급/용역수수료,"수출손실비,판관비",2024,946481000
신원,③ 지급/용역수수료,"수출손실비,판관비",2025,1660413000
신원,③ 지급/용역수수료,"수출제비용,판관비",2024,15821629000
신원,③ 지급/용역수수료,"수출제비용,판관비",2025,20193823000
신원,③ 지급/용역수수료,"지급수수료,판관비",2024,9231492000
신원,③ 지급/용역수수료,"지급수수료,판관비",2025,10188178000
신원,③ 지급/용역수수료,"판매수수료,판관비",2024,64835063000
신원,③ 지급/용역수수료,"판매수수료,판관비",2025,65224349000
신원,④ 광고선전비,"광고선전비,판관비",2024,4437268000
신원,④ 광고선전비,"광고선전비,판관비",2025,3618408000
신원,④ 광고선전비,"판매촉진비,판관비",2024,1131566000
신원,④ 광고선전비,"판매촉진비,판관비",2025,775715000
신원,④ 광고선전비,"행사비,판관비",2024,168391000
신원,④ 광고선전비,"행사비,판관비",2025,164093000
신원,⑤ 임차/관리비,"건물관리비,판관비",2024,3984197000
신원,⑤ 임차/관리비,"건물관리비,판관비",2025,4298778000
신원,⑤ 임차/관리비,"수도광열비,판관비",2024,723289000
신원,⑤ 임차/관리비,"수도광열비,판관비",2025,719428000
신원,⑤ 임차/관리비,"임차료,판관비",2024,693243000
신원,⑤ 임차/관리비,"임차료,판관비",2025,1263202000
신원,⑤ 임차/관리비,"통신비,판관비",2024,511654000
신원,⑤ 임차/관리비,"통신비,판관비",2025,557695000
신원,⑥ 감가상각비,"감가상각비,판관비",2024,6543509000
신원,⑥ 감가상각비,"감가상각비,판관비",2025,7427893000
신원,⑥ 감가상각비,"무형자산상각비,판관비",2024,701433000
신원,⑥ 감가상각비,"무형자산상각비,판관비",2025,648745000
신원,⑦ 물류/운반비,"운반비,판관비",2024,9477060000
신원,⑦ 물류/운반비,"운반비,판관비",2025,11079793000
신원,⑦ 물류/운반비,"포장비,판관비",2024,1112670000
신원,⑦ 물류/운반비,"포장비,판관비",2025,1135172000
신원,⑨ 기타판관비,"견본품비,판관비",2024,2767433000
신원,⑨ 기타판관비,"견본품비,판관비",2025,3621234000
신원,⑨ 기타판관비,"경상개발비,판관비",2024,108679000
신원,⑨ 기타판관비,"경상개발비,판관비",2025,73651000
신원,⑨ 기타판관비,기타판매비와관리비,2024,159942000
신원,⑨ 기타판관비,기타판매비와관리비,2025,327891000
신원,⑨ 기타판관비,"보험료,판관비",2024,844118000
신원,⑨ 기타판관비,"보험료,판관비",2025,819074000
신원,⑨ 기타판관비,"세금과공과,판관비",2024,4097270000
신원,⑨ 기타판관비,"세금과공과,판관비",2025,5134764000
신원,⑨ 기타판관비,"소모품비,판관비",2024,2532970000
신원,⑨ 기타판관비,"소모품비,판관비",2025,2817894000
신원,⑨ 기타판관비,"수선비,판관비",2024,827829000
신원,⑨ 기타판관비,"수선비,판관비",2025,715347000
신원,⑨ 기타판관비,"접대비,판관비",2024,1591212000
신원,⑨ 기타판관비,"접대비,판관비",2025,1659680000
신원,⑨ 기타판관비,"조사분석비,판관비",2024,292503000
신원,⑨ 기타판관비,"조사분석비,판관비",2025,146162000
신원,부채총계,부채총계,2024,402124000000
신원,부채총계,부채총계,2025,414516000000
신원,순운전자본+,기타유동금융자산,2024,78000000
신원,순운전자본+,기타유동금융자산,2025,5704205
신원,순운전자본+,단기금융상품,2024,7262887000
신원,순운전자본+,단기금융상품,2025,7892642000
신원,순운전자본+,매출채권및기타유동채권,2024,79149939985
신원,순운전자본+,매출채권및기타유동채권,2025,100835000000
신원,순운전자본+,현금및현금성자산,2024,37315901747
신원,순운전자본+,현금및현금성자산,2025,24980660282
신원,순운전자본-,금융기관장기차입금,2024,13850000000
신원,순운전자본-,금융기관장기차입금,2025,85200000000
신원,순운전자본-,기타유동금융부채,2024,17898635810
신원,순운전자본-,기타유동금융부채,2025,13025260960
신원,순운전자본-,단기사채,2024,15974902867
신원,순운전자본-,단기사채,2025,33487802116
신원,순운전자본-,매입채무및기타유동채무,2024,91051887397
신원,순운전자본-,매입채무및기타유동채무,2025,68801416166
신원,순운전자본-,유동금융기관차입금,2024,57103714998
신원,순운전자본-,유동금융기관차입금,2025,94790789193
신원,순운전자본-,유동성사채,2024,62955243985
신원,순운전자본-,유동성사채,2025,3883330473
신원,영업활동현금흐름,영업활동현금흐름,2024,34340975738
신원,영업활동현금흐름,영업활동현금흐름,2025,-18553198456
신원,이익잉여금,이익잉여금,2024,130029000000
신원,이익잉여금,이익잉여금,2025,118335000000
신원,자본총계,자본총계,2024,226778000000
신원,자본총계,자본총계,2025,228051000000
신원,자산총계,자산총계,2024,628902000000
신원,자산총계,자산총계,2025,642567000000
신원,재고자산,유동재고자산,2024,228556000000
신원,재고자산,유동재고자산,2025,236191000000
신원,재무활동현금흐름,재무활동현금흐름,2024,16845586175
신원,재무활동현금흐름,재무활동현금흐름,2025,25338256762
신원,투자활동현금흐름,투자활동현금흐름,2024,-40986423901
신원,투자활동현금흐름,투자활동현금흐름,2025,-24891222455
신원,현금의 증감,환율변동효과반영전현금및현금성자산의순증가,2024,10200138012
신원,현금의 증감,환율변동효과반영전현금및현금성자산의순증가,2025,-18106164149
씨앤씨인터내셔널,Ⅰ. 매출액,매출액,2023,220327417089
씨앤씨인터내셔널,Ⅰ. 매출액,매출액,2024,282883855707
씨앤씨인터내셔널,Ⅰ. 매출액,매출액,2025,288477800460
씨앤씨인터내셔널,Ⅱ. 매출원가,매출원가,2023,171744885452
씨앤씨인터내셔널,Ⅱ. 매출원가,매출원가,2024,236986540507
씨앤씨인터내셔널,Ⅱ. 매출원가,매출원가,2025,246613447631
씨앤씨인터내셔널,Ⅲ. 매출총이익(Ⅰ - Ⅱ),매출총이익,2023,48582531637
씨앤씨인터내셔널,Ⅲ. 매출총이익(Ⅰ - Ⅱ),매출총이익,2024,45897315200
씨앤씨인터내셔널,Ⅲ. 매출총이익(Ⅰ - Ⅱ),매출총이익,2025,41864352829
씨앤씨인터내셔널,Ⅳ. 판매비와 관리비,판매비와관리비,2023,16492535667
씨앤씨인터내셔널,Ⅳ. 판매비와 관리비,판매비와관리비,2024,16934329602
씨앤씨인터내셔널,Ⅳ. 판매비와 관리비,판매비와관리비,2025,19693603173
씨앤씨인터내셔널,Ⅴ. 영업손익(Ⅲ - Ⅳ),영업이익,2023,32089995970
씨앤씨인터내셔널,Ⅴ. 영업손익(Ⅲ - Ⅳ),영업이익,2024,28962985598
씨앤씨인터내셔널,Ⅴ. 영업손익(Ⅲ - Ⅳ),영업이익,2025,22170749656
씨앤씨인터내셔널,Ⅷ. 당기순손익(Ⅴ+Ⅵ-Ⅶ),당기순이익,2023,31413709186
씨앤씨인터내셔널,Ⅷ. 당기순손익(Ⅴ+Ⅵ-Ⅶ),당기순이익,2024,32443841008
씨앤씨인터내셔널,Ⅷ. 당기순손익(Ⅴ+Ⅵ-Ⅶ),당기순이익,2025,14286675994
씨앤씨인터내셔널,① 인건비,"급여,판관비",2024,9307460000
씨앤씨인터내셔널,① 인건비,"급여,판관비",2025,9972302000
씨앤씨인터내셔널,① 인건비,"퇴직급여,판관비",2024,981589000
씨앤씨인터내셔널,① 인건비,"퇴직급여,판관비",2025,1245684000
씨앤씨인터내셔널,② 복리후생비,"복리후생비,판관비",2024,1309203000
씨앤씨인터내셔널,② 복리후생비,"복리후생비,판관비",2025,1406319000
씨앤씨인터내셔널,② 복리후생비,"여비교통비,판관비",2024,473850000
씨앤씨인터내셔널,② 복리후생비,"여비교통비,판관비",2025,429825000
씨앤씨인터내셔널,③ 지급/용역수수료,"지급수수료,판관비",2024,1164995000
씨앤씨인터내셔널,③ 지급/용역수수료,"지급수수료,판관비",2025,2184889000
씨앤씨인터내셔널,④ 광고선전비,"광고선전비,판관비",2024,384746000
씨앤씨인터내셔널,④ 광고선전비,"광고선전비,판관비",2025,316151000
씨앤씨인터내셔널,⑤ 임차/관리비,"임차료,판관비",2024,30507000
씨앤씨인터내셔널,⑤ 임차/관리비,"임차료,판관비",2025,68121000
씨앤씨인터내셔널,⑥ 감가상각비,"감가상각비,판관비",2024,796836000
씨앤씨인터내셔널,⑥ 감가상각비,"감가상각비,판관비",2025,611280000
씨앤씨인터내셔널,⑥ 감가상각비,"무형자산상각비,판관비",2024,88316000
씨앤씨인터내셔널,⑥ 감가상각비,"무형자산상각비,판관비",2025,76496000
씨앤씨인터내셔널,⑦ 물류/운반비,"운반비,판관비",2024,696112000
씨앤씨인터내셔널,⑦ 물류/운반비,"운반비,판관비",2025,1405385000
씨앤씨인터내셔널,⑨ 기타판관비,기타판매비와관리비,2024,581167000
씨앤씨인터내셔널,⑨ 기타판관비,기타판매비와관리비,2025,853700000
씨앤씨인터내셔널,⑨ 기타판관비,대손상각비,2024,38533000
씨앤씨인터내셔널,⑨ 기타판관비,대손상각비,2025,-5659000
씨앤씨인터내셔널,⑨ 기타판관비,"보험료,판관비",2024,84087000
씨앤씨인터내셔널,⑨ 기타판관비,"보험료,판관비",2025,39104000
씨앤씨인터내셔널,⑨ 기타판관비,"세금과공과,판관비",2024,499163000
씨앤씨인터내셔널,⑨ 기타판관비,"세금과공과,판관비",2025,524286000
씨앤씨인터내셔널,⑨ 기타판관비,"소모품비,판관비",2024,108676000
씨앤씨인터내셔널,⑨ 기타판관비,"소모품비,판관비",2025,106980000
씨앤씨인터내셔널,⑨ 기타판관비,"전력비,판관비",2024,25158000
씨앤씨인터내셔널,⑨ 기타판관비,"전력비,판관비",2025,37368000
씨앤씨인터내셔널,⑨ 기타판관비,"접대비,판관비",2024,363932000
씨앤씨인터내셔널,⑨ 기타판관비,"접대비,판관비",2025,421372000
씨앤씨인터내셔널,리스부채,리스부채,2023,3082960105
씨앤씨인터내셔널,리스부채,리스부채,2024,3544578760
씨앤씨인터내셔널,리스부채,리스부채,2025,1901049323
씨앤씨인터내셔널,부채총계,부채총계,2023,83389082142
씨앤씨인터내셔널,부채총계,부채총계,2024,89285477962
씨앤씨인터내셔널,부채총계,부채총계,2025,83410729235
씨앤씨인터내셔널,사용권자산,사용권자산,2023,3382563527
씨앤씨인터내셔널,사용권자산,사용권자산,2024,3807300921
씨앤씨인터내셔널,사용권자산,사용권자산,2025,2146409170
씨앤씨인터내셔널,순운전자본+,단기금융상품,2023,19516328769
씨앤씨인터내셔널,순운전자본+,단기금융상품,2024,19444602741
씨앤씨인터내셔널,순운전자본+,단기금융상품,2025,25000000000
씨앤씨인터내셔널,순운전자본+,당기손익-공정가치측정금융자산,2023,1292577081
씨앤씨인터내셔널,순운전자본+,당기손익-공정가치측정금융자산,2024,3156218688
씨앤씨인터내셔널,순운전자본+,당기손익-공정가치측정금융자산,2025,760036032
씨앤씨인터내셔널,순운전자본+,매출채권,2023,36265415968
씨앤씨인터내셔널,순운전자본+,매출채권,2024,29204255719
씨앤씨인터내셔널,순운전자본+,매출채권,2025,39273461405
씨앤씨인터내셔널,순운전자본+,현금및현금성자산,2023,68354433378
씨앤씨인터내셔널,순운전자본+,현금및현금성자산,2024,67920653065
씨앤씨인터내셔널,순운전자본+,현금및현금성자산,2025,164641270468
씨앤씨인터내셔널,영업활동현금흐름,영업활동으로인한현금흐름,2023,22848846121
씨앤씨인터내셔널,영업활동현금흐름,영업활동으로인한현금흐름,2024,44203449755
씨앤씨인터내셔널,영업활동현금흐름,영업활동으로인한현금흐름,2025,26727430669
씨앤씨인터내셔널,이익잉여금,이익잉여금,2023,78687522840
씨앤씨인터내셔널,이익잉여금,이익잉여금,2024,111131363848
씨앤씨인터내셔널,이익잉여금,이익잉여금,2025,115420935842
씨앤씨인터내셔널,자본총계,자본총계,2023,172587237085
씨앤씨인터내셔널,자본총계,자본총계,2024,205795073562
씨앤씨인터내셔널,자본총계,자본총계,2025,354424638722
씨앤씨인터내셔널,자산총계,자산총계,2023,255976319227
씨앤씨인터내셔널,자산총계,자산총계,2024,295080551524
씨앤씨인터내셔널,자산총계,자산총계,2025,437835367957
씨앤씨인터내셔널,재고자산,재고자산,2023,26536727857
씨앤씨인터내셔널,재고자산,재고자산,2024,34037271302
씨앤씨인터내셔널,재고자산,재고자산,2025,29113736457
씨앤씨인터내셔널,재무활동현금흐름,재무활동으로인한현금흐름,2023,28106852642
씨앤씨인터내셔널,재무활동현금흐름,재무활동으로인한현금흐름,2024,4599587186
씨앤씨인터내셔널,재무활동현금흐름,재무활동으로인한현금흐름,2025,123684036146
씨앤씨인터내셔널,투자활동현금흐름,투자활동으로인한현금흐름,2023,-37745532817
씨앤씨인터내셔널,투자활동현금흐름,투자활동으로인한현금흐름,2024,-49883935897
씨앤씨인터내셔널,투자활동현금흐름,투자활동으로인한현금흐름,2025,-54191429459
씨앤씨인터내셔널,현금의 증감,현금및현금성자산의순증감,2023,13210165946
씨앤씨인터내셔널,현금의 증감,현금및현금성자산의순증감,2024,-1080898956
씨앤씨인터내셔널,현금의 증감,현금및현금성자산의순증감,2025,96220037356
아웃백스테이크,Ⅰ. 매출액,매출액,2024,430563000000
아웃백스테이크,Ⅰ. 매출액,매출액,2025,454405000000
아웃백스테이크,Ⅱ. 매출원가,매출원가,2024,135577000000
아웃백스테이크,Ⅱ. 매출원가,매출원가,2025,149789000000
아웃백스테이크,Ⅲ. 매출총이익(Ⅰ - Ⅱ),매출총이익,2024,294986000000
아웃백스테이크,Ⅲ. 매출총이익(Ⅰ - Ⅱ),매출총이익,2025,304615000000
아웃백스테이크,Ⅳ. 판매비와 관리비,판매비와관리비,2024,240396000000
아웃백스테이크,Ⅳ. 판매비와 관리비,판매비와관리비,2025,252456000000
아웃백스테이크,Ⅴ. 영업손익(Ⅲ - Ⅳ),영업이익,2024,54589732166
아웃백스테이크,Ⅴ. 영업손익(Ⅲ - Ⅳ),영업이익,2025,52158950508
아웃백스테이크,Ⅷ. 당기순손익(Ⅴ+Ⅵ-Ⅶ),당기순이익,2024,42381747119
아웃백스테이크,Ⅷ. 당기순손익(Ⅴ+Ⅵ-Ⅶ),당기순이익,2025,41490405717
아웃백스테이크,① 인건비,인건비,2024,95391741000
아웃백스테이크,① 인건비,인건비,2025,101700000000
아웃백스테이크,① 인건비,퇴직급여,2024,6589428000
아웃백스테이크,① 인건비,퇴직급여,2025,7231055000
아웃백스테이크,② 복리후생비,교육훈련비,2024,271683000
아웃백스테이크,② 복리후생비,교육훈련비,2025,256073000
아웃백스테이크,② 복리후생비,도서인쇄비,2024,280057000
아웃백스테이크,② 복리후생비,도서인쇄비,2025,362490000
아웃백스테이크,② 복리후생비,복리후생비,2024,14136348000
아웃백스테이크,② 복리후생비,복리후생비,2025,15534394000
아웃백스테이크,② 복리후생비,여비교통비,2024,237555000
아웃백스테이크,② 복리후생비,여비교통비,2025,295320000
아웃백스테이크,③ 지급/용역수수료,지급수수료,2024,38095710000
아웃백스테이크,③ 지급/용역수수료,지급수수료,2025,39069485000
아웃백스테이크,④ 광고선전비,광고선전비,2024,15070790000
아웃백스테이크,④ 광고선전비,광고선전비,2025,14359282000
아웃백스테이크,④ 광고선전비,판매촉진비,2024,169725000
아웃백스테이크,④ 광고선전비,판매촉진비,2025,120098000
아웃백스테이크,⑤ 임차/관리비,수도광열비,2024,13768971000
아웃백스테이크,⑤ 임차/관리비,수도광열비,2025,14939917000
아웃백스테이크,⑤ 임차/관리비,지급임차료,2024,8481699000
아웃백스테이크,⑤ 임차/관리비,지급임차료,2025,9355032000
아웃백스테이크,⑥ 감가상각비,감가상각비,2024,35410450000
아웃백스테이크,⑥ 감가상각비,감가상각비,2025,36222766000
아웃백스테이크,⑥ 감가상각비,무형자산상각비,2024,546260000
아웃백스테이크,⑥ 감가상각비,무형자산상각비,2025,675432000
아웃백스테이크,⑨ 기타판관비,대손상각비,2024,222485000
아웃백스테이크,⑨ 기타판관비,대손상각비,2025,0
아웃백스테이크,⑨ 기타판관비,보험료,2024,385309000
아웃백스테이크,⑨ 기타판관비,보험료,2025,417777000
아웃백스테이크,⑨ 기타판관비,상품개발비,2024,58634000
아웃백스테이크,⑨ 기타판관비,상품개발비,2025,84837000
아웃백스테이크,⑨ 기타판관비,세금과공과,2024,156084000
아웃백스테이크,⑨ 기타판관비,세금과공과,2025,161710000
아웃백스테이크,⑨ 기타판관비,소모품비,2024,6223443000
아웃백스테이크,⑨ 기타판관비,소모품비,2025,6802153000
아웃백스테이크,⑨ 기타판관비,수선비,2024,3800840000
아웃백스테이크,⑨ 기타판관비,수선비,2025,3905961000
아웃백스테이크,⑨ 기타판관비,잡비,2024,744786000
아웃백스테이크,⑨ 기타판관비,잡비,2025,628141000
아웃백스테이크,⑨ 기타판관비,접대비,2024,13520000
아웃백스테이크,⑨ 기타판관비,접대비,2025,7332000
아웃백스테이크,⑨ 기타판관비,차량유지비,2024,33616000
아웃백스테이크,⑨ 기타판관비,차량유지비,2025,24495000
아웃백스테이크,⑨ 기타판관비,통신비,2024,306829000
아웃백스테이크,⑨ 기타판관비,통신비,2025,302652000
아웃백스테이크,리스부채,비유동리스부채,2024,48544443423
아웃백스테이크,리스부채,비유동리스부채,2025,42546628224
아웃백스테이크,리스부채,유동성리스부채,2024,17208384935
아웃백스테이크,리스부채,유동성리스부채,2025,17602038706
아웃백스테이크,부채총계,부채총계,2024,147987000000
아웃백스테이크,부채총계,부채총계,2025,140240000000
아웃백스테이크,순운전자본+,기타유동금융자산,2024,4811469873
아웃백스테이크,순운전자본+,기타유동금융자산,2025,2891488102
아웃백스테이크,순운전자본+,매출채권,2024,22293291992
아웃백스테이크,순운전자본+,매출채권,2025,22322430208
아웃백스테이크,순운전자본+,현금및현금성자산,2024,70463517114
아웃백스테이크,순운전자본+,현금및현금성자산,2025,50821524337
아웃백스테이크,순운전자본-,매입채무및기타채무,2024,45291668900
아웃백스테이크,순운전자본-,매입채무및기타채무,2025,40713508562
아웃백스테이크,영업활동현금흐름,영업활동으로인한현금흐름,2024,73925307653
아웃백스테이크,영업활동현금흐름,영업활동으로인한현금흐름,2025,76417796853
아웃백스테이크,이익잉여금,이익잉여금,2024,107322000000
아웃백스테이크,이익잉여금,이익잉여금,2025,86674655421
아웃백스테이크,자본총계,자본총계,2024,114975000000
아웃백스테이크,자본총계,자본총계,2025,94328205042
아웃백스테이크,자산총계,자산총계,2024,262962000000
아웃백스테이크,자산총계,자산총계,2025,234568000000
아웃백스테이크,재고자산,재고자산,2024,3598405771
아웃백스테이크,재고자산,재고자산,2025,4496598140
아웃백스테이크,재무활동현금흐름,재무활동으로인한현금흐름,2024,-61587294457
아웃백스테이크,재무활동현금흐름,재무활동으로인한현금흐름,2025,-80186889718
아웃백스테이크,투자활동현금흐름,투자활동으로인한현금흐름,2024,-20198967841
아웃백스테이크,투자활동현금흐름,투자활동으로인한현금흐름,2025,-15872899912
아웃백스테이크,현금의 증감,현금및현금성자산의증가,2024,-7860954645
아웃백스테이크,현금의 증감,현금및현금성자산의증가,2025,-19641992777
아이스크림에듀,Ⅰ. 매출액,수익,2024,107627000000
아이스크림에듀,Ⅰ. 매출액,수익,2025,91587213109
아이스크림에듀,Ⅱ. 매출원가,매출원가,2024,61347310954
아이스크림에듀,Ⅱ. 매출원가,매출원가,2025,49776752311
아이스크림에듀,Ⅲ. 매출총이익(Ⅰ - Ⅱ),매출총이익,2024,46279974917
아이스크림에듀,Ⅲ. 매출총이익(Ⅰ - Ⅱ),매출총이익,2025,41810460798
아이스크림에듀,Ⅳ. 판매비와 관리비,판매비와관리비,2024,48219850951
아이스크림에듀,Ⅳ. 판매비와 관리비,판매비와관리비,2025,40408783437
아이스크림에듀,Ⅴ. 영업손익(Ⅲ - Ⅳ),영업이익,2024,-1939876034
아이스크림에듀,Ⅴ. 영업손익(Ⅲ - Ⅳ),영업이익,2025,1401677361
아이스크림에듀,Ⅷ. 당기순손익(Ⅴ+Ⅵ-Ⅶ),당기순이익,2024,-6212111382
아이스크림에듀,Ⅷ. 당기순손익(Ⅴ+Ⅵ-Ⅶ),당기순이익,2025,-1057960650
아이스크림에듀,① 인건비,급여,2024,9052028515
아이스크림에듀,① 인건비,급여,2025,6284856866
아이스크림에듀,① 인건비,퇴직급여,2024,720557117
아이스크림에듀,① 인건비,퇴직급여,2025,1102243476
아이스크림에듀,② 복리후생비,교육훈련비,2024,150089717
아이스크림에듀,② 복리후생비,교육훈련비,2025,50952808
아이스크림에듀,② 복리후생비,도서인쇄비,2024,217372609
아이스크림에듀,② 복리후생비,도서인쇄비,2025,32052682
아이스크림에듀,② 복리후생비,복리후생비,2024,1330756745
아이스크림에듀,② 복리후생비,복리후생비,2025,923730908
아이스크림에듀,② 복리후생비,여비교통비,2024,211852065
아이스크림에듀,② 복리후생비,여비교통비,2025,71766207
아이스크림에듀,③ 지급/용역수수료,외주용역비,2024,10453319349
아이스크림에듀,③ 지급/용역수수료,외주용역비,2025,10490811571
아이스크림에듀,③ 지급/용역수수료,지급수수료,2024,6399680792
아이스크림에듀,③ 지급/용역수수료,지급수수료,2025,4062778760
아이스크림에듀,④ 광고선전비,광고선전비,2024,10927038803
아이스크림에듀,④ 광고선전비,광고선전비,2025,9739217900
아이스크림에듀,⑤ 임차/관리비,지급임차료,2024,1121190449
아이스크림에듀,⑤ 임차/관리비,지급임차료,2025,627109735
아이스크림에듀,⑥ 감가상각비,감가상각비,2024,4863856294
아이스크림에듀,⑥ 감가상각비,감가상각비,2025,4635785544
아이스크림에듀,⑥ 감가상각비,무형고정자산상각,2024,714929258
아이스크림에듀,⑥ 감가상각비,무형고정자산상각,2025,532755763
아이스크림에듀,⑦ 물류/운반비,운반비,2024,131771380
아이스크림에듀,⑦ 물류/운반비,운반비,2025,102308231
아이스크림에듀,⑨ 기타판관비,경상연구개발비,2024,0
아이스크림에듀,⑨ 기타판관비,경상연구개발비,2025,0
아이스크림에듀,⑨ 기타판관비,대손상각비,2024,114972538
아이스크림에듀,⑨ 기타판관비,대손상각비,2025,268302823
아이스크림에듀,⑨ 기타판관비,보험료,2024,12233729
아이스크림에듀,⑨ 기타판관비,보험료,2025,4866512
아이스크림에듀,⑨ 기타판관비,세금과공과금,2024,504059686
아이스크림에듀,⑨ 기타판관비,세금과공과금,2025,453471680
아이스크림에듀,⑨ 기타판관비,소모품비,2024,109624368
아이스크림에듀,⑨ 기타판관비,소모품비,2025,47341636
아이스크림에듀,⑨ 기타판관비,접대비,2024,344540638
아이스크림에듀,⑨ 기타판관비,접대비,2025,233781428
아이스크림에듀,⑨ 기타판관비,주식보상비용,2024,-22304154
아이스크림에듀,⑨ 기타판관비,주식보상비용,2025,177706
아이스크림에듀,⑨ 기타판관비,차량유지비,2024,55539164
아이스크림에듀,⑨ 기타판관비,차량유지비,2025,43489932
아이스크림에듀,⑨ 기타판관비,통신비,2024,806741889
아이스크림에듀,⑨ 기타판관비,통신비,2025,700981269
아이스크림에듀,부채총계,부채총계,2024,38595165432
아이스크림에듀,부채총계,부채총계,2025,24404234476
아이스크림에듀,순운전자본+,기타유동금융자산,2024,8834589220
아이스크림에듀,순운전자본+,기타유동금융자산,2025,5644978627
아이스크림에듀,순운전자본+,매출채권및기타유동채권,2024,12119564768
아이스크림에듀,순운전자본+,매출채권및기타유동채권,2025,10138120789
아이스크림에듀,순운전자본+,현금및현금성자산,2024,6947884240
아이스크림에듀,순운전자본+,현금및현금성자산,2025,12104699735
아이스크림에듀,순운전자본-,기타유동금융부채,2024,8010907994
아이스크림에듀,순운전자본-,기타유동금융부채,2025,6703970402
아이스크림에듀,순운전자본-,매입채무및기타유동채무,2024,119007062
아이스크림에듀,순운전자본-,매입채무및기타유동채무,2025,90273305
아이스크림에듀,순운전자본-,유동차입금,2024,3000000000
아이스크림에듀,순운전자본-,유동차입금,2025,0
아이스크림에듀,영업활동현금흐름,영업활동현금흐름,2024,4564564084
아이스크림에듀,영업활동현금흐름,영업활동현금흐름,2025,9671993134
아이스크림에듀,이익잉여금,이익잉여금,2024,-3237145429
아이스크림에듀,이익잉여금,이익잉여금,2025,-2939590124
아이스크림에듀,자본총계,자본총계,2024,38736622061
아이스크림에듀,자본총계,자본총계,2025,42567459598
아이스크림에듀,자산총계,자산총계,2024,77331787493
아이스크림에듀,자산총계,자산총계,2025,66971694074
아이스크림에듀,재고자산,유동재고자산,2024,7594509215
아이스크림에듀,재고자산,유동재고자산,2025,6879717577
아이스크림에듀,재무활동현금흐름,재무활동현금흐름,2024,-3361838414
아이스크림에듀,재무활동현금흐름,재무활동현금흐름,2025,-8546978231
아이스크림에듀,투자활동현금흐름,투자활동현금흐름,2024,-2033337321
아이스크림에듀,투자활동현금흐름,투자활동현금흐름,2025,4031800592
아이스크림에듀,현금의 증감,현금및현금성자산의순증가,2024,-830611651
아이스크림에듀,현금의 증감,현금및현금성자산의순증가,2025,5156815495
아이지에이웍스,Ⅰ. 매출액,영업수익,2024,121268000000
아이지에이웍스,Ⅰ. 매출액,영업수익,2025,74148547148
아이지에이웍스,Ⅳ. 판매비와 관리비,영업비용,2024,123614000000
아이지에이웍스,Ⅳ. 판매비와 관리비,영업비용,2025,78998775774
아이지에이웍스,Ⅴ. 영업손익(Ⅲ - Ⅳ),영업손실,2024,-2345924672
아이지에이웍스,Ⅴ. 영업손익(Ⅲ - Ⅳ),영업손실,2025,-4850228626
아이지에이웍스,Ⅷ. 당기순손익(Ⅴ+Ⅵ-Ⅶ),당기순손실,2024,-4554802140
아이지에이웍스,Ⅷ. 당기순손익(Ⅴ+Ⅵ-Ⅶ),당기순손실,2025,-4868901215
아이지에이웍스,① 인건비,급여,2024,22233083000
아이지에이웍스,① 인건비,급여,2025,20829585000
아이지에이웍스,① 인건비,퇴직급여,2024,1924466000
아이지에이웍스,① 인건비,퇴직급여,2025,2427781000
아이지에이웍스,② 복리후생비,복리후생비,2024,3344227000
아이지에이웍스,② 복리후생비,복리후생비,2025,3133594000
아이지에이웍스,② 복리후생비,여비교통비,2024,183511000
아이지에이웍스,② 복리후생비,여비교통비,2025,267030000
아이지에이웍스,③ 지급/용역수수료,대행수수료,2024,3020975000
아이지에이웍스,③ 지급/용역수수료,대행수수료,2025,2437491000
아이지에이웍스,③ 지급/용역수수료,외주용역비,2024,2205467000
아이지에이웍스,③ 지급/용역수수료,외주용역비,2025,1381364000
아이지에이웍스,③ 지급/용역수수료,지급수수료,2024,2386036000
아이지에이웍스,③ 지급/용역수수료,지급수수료,2025,2910571000
아이지에이웍스,③ 지급/용역수수료,회원사지급수수료,2024,79356199000
아이지에이웍스,③ 지급/용역수수료,회원사지급수수료,2025,36213556000
아이지에이웍스,⑥ 감가상각비,감가상각비,2024,2183508000
아이지에이웍스,⑥ 감가상각비,감가상각비,2025,2130258000
아이지에이웍스,⑥ 감가상각비,무형자산상각비,2024,409802000
아이지에이웍스,⑥ 감가상각비,무형자산상각비,2025,414274000
아이지에이웍스,⑨ 기타판관비,기타,2024,1051904000
아이지에이웍스,⑨ 기타판관비,기타,2025,1353903000
아이지에이웍스,⑨ 기타판관비,대손상각비,2024,-12909000
아이지에이웍스,⑨ 기타판관비,대손상각비,2025,398963000
아이지에이웍스,⑨ 기타판관비,보험료,2024,99260000
아이지에이웍스,⑨ 기타판관비,보험료,2025,89488000
아이지에이웍스,⑨ 기타판관비,세금과공과,2024,128522000
아이지에이웍스,⑨ 기타판관비,세금과공과,2025,130415000
아이지에이웍스,⑨ 기타판관비,주식보상비용,2024,-277316000
아이지에이웍스,⑨ 기타판관비,주식보상비용,2025,86674000
아이지에이웍스,⑨ 기타판관비,통신비,2024,5377122000
아이지에이웍스,⑨ 기타판관비,통신비,2025,4793829000
아이지에이웍스,부채총계,부채총계,2024,47095266544
아이지에이웍스,부채총계,부채총계,2025,44021034397
아이지에이웍스,순운전자본+,기타유동금융자산,2024,2792453955
아이지에이웍스,순운전자본+,기타유동금융자산,2025,3309517659
아이지에이웍스,순운전자본+,당기손익-공정가치측정금융자산,2024,1005596250
아이지에이웍스,순운전자본+,당기손익-공정가치측정금융자산,2025,1005596250
아이지에이웍스,순운전자본+,매출채권및기타채권,2024,34959415589
아이지에이웍스,순운전자본+,매출채권및기타채권,2025,35427237170
아이지에이웍스,순운전자본+,현금및현금성자산,2024,32401225027
아이지에이웍스,순운전자본+,현금및현금성자산,2025,22131121161
아이지에이웍스,순운전자본-,기타유동금융부채,2024,7656640121
아이지에이웍스,순운전자본-,기타유동금융부채,2025,7178637991
아이지에이웍스,순운전자본-,단기차입금,2024,6680000000
아이지에이웍스,순운전자본-,단기차입금,2025,1000000000
아이지에이웍스,순운전자본-,매입채무및기타채무,2024,21418549995
아이지에이웍스,순운전자본-,매입채무및기타채무,2025,21749335193
아이지에이웍스,순운전자본-,유동성장기차입금,2024,133650000
아이지에이웍스,순운전자본-,유동성장기차입금,2025,68250000
아이지에이웍스,영업활동현금흐름,영업활동현금흐름,2024,7896648535
아이지에이웍스,영업활동현금흐름,영업활동현금흐름,2025,-177625879
아이지에이웍스,이익잉여금,결손금,2024,-48099129462
아이지에이웍스,이익잉여금,결손금,2025,-51874724796
아이지에이웍스,자본총계,자본총계,2024,44868801264
아이지에이웍스,자본총계,자본총계,2025,41181840163
아이지에이웍스,자산총계,자산총계,2024,91964067808
아이지에이웍스,자산총계,자산총계,2025,85202874560
아이지에이웍스,재무활동현금흐름,재무활동현금흐름,2024,-6798134043
아이지에이웍스,재무활동현금흐름,재무활동현금흐름,2025,-7684423324
아이지에이웍스,투자활동현금흐름,투자활동현금흐름,2024,-129466966
아이지에이웍스,투자활동현금흐름,투자활동현금흐름,2025,-2484179093
아이지에이웍스,현금의 증감,환율변동효과반영전현금및현금성자산의순증가,2024,969047526
아이지에이웍스,현금의 증감,환율변동효과반영전현금및현금성자산의순증가,2025,-10346228296
에스씨케이컴퍼니,Ⅰ. 매출액,매출액,2022,2593904077851
에스씨케이컴퍼니,Ⅰ. 매출액,매출액,2023,2929542979891
에스씨케이컴퍼니,Ⅰ. 매출액,매출액,2024,3100067894672
에스씨케이컴퍼니,Ⅰ. 매출액,매출액,2025,3237979485767
에스씨케이컴퍼니,Ⅱ. 매출원가,매출원가,2022,1266761153707
에스씨케이컴퍼니,Ⅱ. 매출원가,매출원가,2023,1437420568097
에스씨케이컴퍼니,Ⅱ. 매출원가,매출원가,2024,1473130693709
에스씨케이컴퍼니,Ⅱ. 매출원가,매출원가,2025,1501017113441
에스씨케이컴퍼니,Ⅲ. 매출총이익(Ⅰ - Ⅱ),매출총이익,2022,1327142924144
에스씨케이컴퍼니,Ⅲ. 매출총이익(Ⅰ - Ⅱ),매출총이익,2023,1492122411794
에스씨케이컴퍼니,Ⅲ. 매출총이익(Ⅰ - Ⅱ),매출총이익,2024,1626937200963
에스씨케이컴퍼니,Ⅲ. 매출총이익(Ⅰ - Ⅱ),매출총이익,2025,1736962372326
에스씨케이컴퍼니,Ⅳ. 판매비와 관리비,판매비와관리비,2022,1204695287119
에스씨케이컴퍼니,Ⅳ. 판매비와 관리비,판매비와관리비,2023,1352342862684
에스씨케이컴퍼니,Ⅳ. 판매비와 관리비,판매비와관리비,2024,1436178872693
에스씨케이컴퍼니,Ⅳ. 판매비와 관리비,판매비와관리비,2025,1563922791381
에스씨케이컴퍼니,Ⅴ. 영업손익(Ⅲ - Ⅳ),영업이익,2022,122447637025
에스씨케이컴퍼니,Ⅴ. 영업손익(Ⅲ - Ⅳ),영업이익,2023,139779549110
에스씨케이컴퍼니,Ⅴ. 영업손익(Ⅲ - Ⅳ),영업이익,2024,190758328270
에스씨케이컴퍼니,Ⅴ. 영업손익(Ⅲ - Ⅳ),영업이익,2025,173039580945
에스씨케이컴퍼니,Ⅷ. 당기순손익(Ⅴ+Ⅵ-Ⅶ),당기순이익,2022,99334557302
에스씨케이컴퍼니,Ⅷ. 당기순손익(Ⅴ+Ⅵ-Ⅶ),당기순이익,2023,117506912148
에스씨케이컴퍼니,Ⅷ. 당기순손익(Ⅴ+Ⅵ-Ⅶ),당기순이익,2024,151478570188
에스씨케이컴퍼니,Ⅷ. 당기순손익(Ⅴ+Ⅵ-Ⅶ),당기순이익,2025,142470902350
에스씨케이컴퍼니,① 인건비,급여,2022,327537362000
에스씨케이컴퍼니,① 인건비,급여,2023,369391292000
에스씨케이컴퍼니,① 인건비,급여,2024,394316408000
에스씨케이컴퍼니,① 인건비,급여,2025,406907318000
에스씨케이컴퍼니,① 인건비,퇴직급여,2022,28021281000
에스씨케이컴퍼니,① 인건비,퇴직급여,2023,25579931000
에스씨케이컴퍼니,① 인건비,퇴직급여,2024,41211770000
에스씨케이컴퍼니,① 인건비,퇴직급여,2025,34396018000
에스씨케이컴퍼니,② 복리후생비,교육훈련비,2022,2522678000
에스씨케이컴퍼니,② 복리후생비,교육훈련비,2023,2487104000
에스씨케이컴퍼니,② 복리후생비,교육훈련비,2024,2789615000
에스씨케이컴퍼니,② 복리후생비,교육훈련비,2025,2429599000
에스씨케이컴퍼니,② 복리후생비,도서인쇄비,2022,209610000
에스씨케이컴퍼니,② 복리후생비,도서인쇄비,2023,225460000
에스씨케이컴퍼니,② 복리후생비,도서인쇄비,2024,314260000
에스씨케이컴퍼니,② 복리후생비,도서인쇄비,2025,184348000
에스씨케이컴퍼니,② 복리후생비,복리후생비,2022,85093980000
에스씨케이컴퍼니,② 복리후생비,복리후생비,2023,104882135000
에스씨케이컴퍼니,② 복리후생비,복리후생비,2024,101529574000
에스씨케이컴퍼니,② 복리후생비,복리후생비,2025,123781127000
에스씨케이컴퍼니,② 복리후생비,여비교통비,2022,4158456000
에스씨케이컴퍼니,② 복리후생비,여비교통비,2023,5262007000
에스씨케이컴퍼니,② 복리후생비,여비교통비,2024,4187696000
에스씨케이컴퍼니,② 복리후생비,여비교통비,2025,4536283000
에스씨케이컴퍼니,③ 지급/용역수수료,지급수수료,2022,280666291000
에스씨케이컴퍼니,③ 지급/용역수수료,지급수수료,2023,334410528000
에스씨케이컴퍼니,③ 지급/용역수수료,지급수수료,2024,360254009000
에스씨케이컴퍼니,③ 지급/용역수수료,지급수수료,2025,382849384000
에스씨케이컴퍼니,④ 광고선전비,,2022,25367000
에스씨케이컴퍼니,④ 광고선전비,,2023,27125000
에스씨케이컴퍼니,④ 광고선전비,,2024,0
에스씨케이컴퍼니,④ 광고선전비,,2025,0
에스씨케이컴퍼니,④ 광고선전비,판촉비,2022,31360491000
에스씨케이컴퍼니,④ 광고선전비,판촉비,2023,20636141000
에스씨케이컴퍼니,④ 광고선전비,판촉비,2024,25638879000
에스씨케이컴퍼니,④ 광고선전비,판촉비,2025,35859796000
에스씨케이컴퍼니,⑤ 임차/관리비,사용권자산상각비,2022,79874819000
에스씨케이컴퍼니,⑤ 임차/관리비,사용권자산상각비,2023,80313307000
에스씨케이컴퍼니,⑤ 임차/관리비,사용권자산상각비,2024,82322999000
에스씨케이컴퍼니,⑤ 임차/관리비,사용권자산상각비,2025,90305420000
에스씨케이컴퍼니,⑤ 임차/관리비,수도광열비,2022,25103391000
에스씨케이컴퍼니,⑤ 임차/관리비,수도광열비,2023,32938281000
에스씨케이컴퍼니,⑤ 임차/관리비,수도광열비,2024,35185474000
에스씨케이컴퍼니,⑤ 임차/관리비,수도광열비,2025,36173158000
에스씨케이컴퍼니,⑤ 임차/관리비,임차료,2022,221253667000
에스씨케이컴퍼니,⑤ 임차/관리비,임차료,2023,247105676000
에스씨케이컴퍼니,⑤ 임차/관리비,임차료,2024,254341347000
에스씨케이컴퍼니,⑤ 임차/관리비,임차료,2025,258697336000
에스씨케이컴퍼니,⑥ 감가상각비,감가상각비,2022,54692168000
에스씨케이컴퍼니,⑥ 감가상각비,감가상각비,2023,59279979000
에스씨케이컴퍼니,⑥ 감가상각비,감가상각비,2024,57597808000
에스씨케이컴퍼니,⑥ 감가상각비,감가상각비,2025,55195006000
에스씨케이컴퍼니,⑥ 감가상각비,무형자산상각비,2022,11587579000
에스씨케이컴퍼니,⑥ 감가상각비,무형자산상각비,2023,14337306000
에스씨케이컴퍼니,⑥ 감가상각비,무형자산상각비,2024,16803257000
에스씨케이컴퍼니,⑥ 감가상각비,무형자산상각비,2025,22735128000
에스씨케이컴퍼니,⑦ 물류/운반비,운반비,2022,1151447000
에스씨케이컴퍼니,⑦ 물류/운반비,운반비,2023,967468000
에스씨케이컴퍼니,⑦ 물류/운반비,운반비,2024,870410000
에스씨케이컴퍼니,⑦ 물류/운반비,운반비,2025,48558346000
에스씨케이컴퍼니,⑨ 기타판관비,경상연구개발비,2022,358699000
에스씨케이컴퍼니,⑨ 기타판관비,경상연구개발비,2023,438082000
에스씨케이컴퍼니,⑨ 기타판관비,경상연구개발비,2024,409646000
에스씨케이컴퍼니,⑨ 기타판관비,경상연구개발비,2025,487151000
에스씨케이컴퍼니,⑨ 기타판관비,매출채권손상차손,2022,0
에스씨케이컴퍼니,⑨ 기타판관비,매출채권손상차손,2023,0
에스씨케이컴퍼니,⑨ 기타판관비,매출채권손상차손,2024,98542000
에스씨케이컴퍼니,⑨ 기타판관비,보험료,2022,1898744000
에스씨케이컴퍼니,⑨ 기타판관비,보험료,2023,2285539000
에스씨케이컴퍼니,⑨ 기타판관비,보험료,2024,2153827000
에스씨케이컴퍼니,⑨ 기타판관비,보험료,2025,2215589000
에스씨케이컴퍼니,⑨ 기타판관비,세금과공과,2022,2595188000
에스씨케이컴퍼니,⑨ 기타판관비,세금과공과,2023,2835202000
에스씨케이컴퍼니,⑨ 기타판관비,세금과공과,2024,3251244000
에스씨케이컴퍼니,⑨ 기타판관비,세금과공과,2025,3646170000
에스씨케이컴퍼니,⑨ 기타판관비,소모품비,2022,18779100000
에스씨케이컴퍼니,⑨ 기타판관비,소모품비,2023,19045732000
에스씨케이컴퍼니,⑨ 기타판관비,소모품비,2024,20430576000
에스씨케이컴퍼니,⑨ 기타판관비,소모품비,2025,20350053000
에스씨케이컴퍼니,⑨ 기타판관비,수선비,2022,21117646000
에스씨케이컴퍼니,⑨ 기타판관비,수선비,2023,23151105000
에스씨케이컴퍼니,⑨ 기타판관비,수선비,2024,25341414000
에스씨케이컴퍼니,⑨ 기타판관비,수선비,2025,27385314000
에스씨케이컴퍼니,⑨ 기타판관비,접대비,2022,1439708000
에스씨케이컴퍼니,⑨ 기타판관비,접대비,2023,708102000
에스씨케이컴퍼니,⑨ 기타판관비,접대비,2024,536276000
에스씨케이컴퍼니,⑨ 기타판관비,접대비,2025,482060000
에스씨케이컴퍼니,⑨ 기타판관비,차량유지비,2022,468293000
에스씨케이컴퍼니,⑨ 기타판관비,차량유지비,2023,541699000
에스씨케이컴퍼니,⑨ 기타판관비,차량유지비,2024,604504000
에스씨케이컴퍼니,⑨ 기타판관비,차량유지비,2025,673710000
에스씨케이컴퍼니,⑨ 기타판관비,통신비,2022,2859636000
에스씨케이컴퍼니,⑨ 기타판관비,통신비,2023,3270472000
에스씨케이컴퍼니,⑨ 기타판관비,통신비,2024,3713169000
에스씨케이컴퍼니,⑨ 기타판관비,통신비,2025,3942638000
에스씨케이컴퍼니,⑨ 기타판관비,행사비,2022,1809344000
에스씨케이컴퍼니,⑨ 기타판관비,행사비,2023,2105907000
에스씨케이컴퍼니,⑨ 기타판관비,행사비,2024,2195907000
에스씨케이컴퍼니,⑨ 기타판관비,행사비,2025,1958619000
에스씨케이컴퍼니,⑨ 기타판관비,회의비,2022,110342000
에스씨케이컴퍼니,⑨ 기타판관비,회의비,2023,117283000
에스씨케이컴퍼니,⑨ 기타판관비,회의비,2024,80262000
에스씨케이컴퍼니,⑨ 기타판관비,회의비,2025,173220000
에스씨케이컴퍼니,리스부채,비유동리스부채,2022,277839929088
에스씨케이컴퍼니,리스부채,비유동리스부채,2023,252337651270
에스씨케이컴퍼니,리스부채,비유동리스부채,2024,250311617328
에스씨케이컴퍼니,리스부채,비유동리스부채,2025,301602211749
에스씨케이컴퍼니,리스부채,유동리스부채,2022,84762672696
에스씨케이컴퍼니,리스부채,유동리스부채,2023,78678008204
에스씨케이컴퍼니,리스부채,유동리스부채,2024,87722425282
에스씨케이컴퍼니,리스부채,유동리스부채,2025,101261681377
에스씨케이컴퍼니,부채총계,부채총계,2022,1073187638140
에스씨케이컴퍼니,부채총계,부채총계,2023,1130314433727
에스씨케이컴퍼니,부채총계,부채총계,2024,1248730223321
에스씨케이컴퍼니,부채총계,부채총계,2025,1363455258680
에스씨케이컴퍼니,사용권자산,사용권자산,2022,411569684238
에스씨케이컴퍼니,사용권자산,사용권자산,2023,392982909714
에스씨케이컴퍼니,사용권자산,사용권자산,2024,415151095062
에스씨케이컴퍼니,사용권자산,사용권자산,2025,465382493680
에스씨케이컴퍼니,순운전자본+,기타유동금융자산,2022,11255654741
에스씨케이컴퍼니,순운전자본+,기타유동금융자산,2023,24189735566
에스씨케이컴퍼니,순운전자본+,기타유동금융자산,2024,92687561731
에스씨케이컴퍼니,순운전자본+,기타유동금융자산,2025,311024726852
에스씨케이컴퍼니,순운전자본+,매출채권및기타채권,2022,113439440284
에스씨케이컴퍼니,순운전자본+,매출채권및기타채권,2023,145312119831
에스씨케이컴퍼니,순운전자본+,매출채권및기타채권,2024,135588464346
에스씨케이컴퍼니,순운전자본+,매출채권및기타채권,2025,144497627545
에스씨케이컴퍼니,순운전자본+,현금및현금성자산,2022,200975964607
에스씨케이컴퍼니,순운전자본+,현금및현금성자산,2023,246822034419
에스씨케이컴퍼니,순운전자본+,현금및현금성자산,2024,354377441975
에스씨케이컴퍼니,순운전자본+,현금및현금성자산,2025,137395706850
에스씨케이컴퍼니,순운전자본-,계약부채,2022,318876855412
에스씨케이컴퍼니,순운전자본-,계약부채,2023,359811040303
에스씨케이컴퍼니,순운전자본-,계약부채,2024,409307894805
에스씨케이컴퍼니,순운전자본-,계약부채,2025,454266067329
에스씨케이컴퍼니,순운전자본-,기타금융부채,2022,89500086643
에스씨케이컴퍼니,순운전자본-,기타금융부채,2023,93404817437
에스씨케이컴퍼니,순운전자본-,기타금융부채,2024,98840718562
에스씨케이컴퍼니,순운전자본-,기타금융부채,2025,106942033571
에스씨케이컴퍼니,순운전자본-,매입채무및기타채무,2022,187225134068
에스씨케이컴퍼니,순운전자본-,매입채무및기타채무,2023,193007764909
에스씨케이컴퍼니,순운전자본-,매입채무및기타채무,2024,210808741962
에스씨케이컴퍼니,순운전자본-,매입채무및기타채무,2025,215714831492
에스씨케이컴퍼니,영업활동현금흐름,영업활동으로인한현금흐름,2022,262793706034
에스씨케이컴퍼니,영업활동현금흐름,영업활동으로인한현금흐름,2023,443767584797
에스씨케이컴퍼니,영업활동현금흐름,영업활동으로인한현금흐름,2024,549707222387
에스씨케이컴퍼니,영업활동현금흐름,영업활동으로인한현금흐름,2025,389593683539
에스씨케이컴퍼니,이익잉여금,이익잉여금,2022,651706185919
에스씨케이컴퍼니,이익잉여금,이익잉여금,2023,633165275021
에스씨케이컴퍼니,이익잉여금,이익잉여금,2024,694730950044
에스씨케이컴퍼니,이익잉여금,이익잉여금,2025,721714905049
에스씨케이컴퍼니,자본총계,자본총계,2022,671706185919
에스씨케이컴퍼니,자본총계,자본총계,2023,653165275021
에스씨케이컴퍼니,자본총계,자본총계,2024,714730950044
에스씨케이컴퍼니,자본총계,자본총계,2025,741714905049
에스씨케이컴퍼니,자산총계,자산총계,2022,1744893824059
에스씨케이컴퍼니,자산총계,자산총계,2023,1783479708748
에스씨케이컴퍼니,자산총계,자산총계,2024,1963461173365
에스씨케이컴퍼니,자산총계,자산총계,2025,2105170163729
에스씨케이컴퍼니,재고자산,재고자산,2022,109286344749
에스씨케이컴퍼니,재고자산,재고자산,2023,88962326594
에스씨케이컴퍼니,재고자산,재고자산,2024,87740934606
에스씨케이컴퍼니,재고자산,재고자산,2025,111149913123
에스씨케이컴퍼니,재무활동현금흐름,재무활동으로인한현금흐름,2022,-176055366569
에스씨케이컴퍼니,재무활동현금흐름,재무활동으로인한현금흐름,2023,-205235428956
에스씨케이컴퍼니,재무활동현금흐름,재무활동으로인한현금흐름,2024,-206133889895
에스씨케이컴퍼니,재무활동현금흐름,재무활동으로인한현금흐름,2025,-211544015192
에스씨케이컴퍼니,투자활동현금흐름,투자활동으로인한현금흐름,2022,100137906027
에스씨케이컴퍼니,투자활동현금흐름,투자활동으로인한현금흐름,2023,-192686086029
에스씨케이컴퍼니,투자활동현금흐름,투자활동으로인한현금흐름,2024,-236001242336
에스씨케이컴퍼니,투자활동현금흐름,투자활동으로인한현금흐름,2025,-395031403472
에스씨케이컴퍼니,현금의 증감,현금및현금성자산의증감,2022,186876245492
에스씨케이컴퍼니,현금의 증감,현금및현금성자산의증감,2023,45846069812
에스씨케이컴퍼니,현금의 증감,현금및현금성자산의증감,2024,107572090156
에스씨케이컴퍼니,현금의 증감,현금및현금성자산의증감,2025,-216981735125
에이블리,Ⅰ. 매출액,매출액,2024,334277000000
에이블리,Ⅰ. 매출액,매출액,2025,369709000000
에이블리,Ⅱ. 매출원가,매출원가,2024,85587497727
에이블리,Ⅱ. 매출원가,매출원가,2025,83984777815
에이블리,Ⅲ. 매출총이익(Ⅰ - Ⅱ),매출총이익,2024,248689000000
에이블리,Ⅲ. 매출총이익(Ⅰ - Ⅱ),매출총이익,2025,285724000000
에이블리,Ⅳ. 판매비와 관리비,판매비와관리비,2024,264135000000
에이블리,Ⅳ. 판매비와 관리비,판매비와관리비,2025,290112000000
에이블리,Ⅴ. 영업손익(Ⅲ - Ⅳ),영업손실,2024,-15445558442
에이블리,Ⅴ. 영업손익(Ⅲ - Ⅳ),영업손실,2025,-4387796296
에이블리,Ⅷ. 당기순손익(Ⅴ+Ⅵ-Ⅶ),당기순손실,2024,-17928740810
에이블리,Ⅷ. 당기순손익(Ⅴ+Ⅵ-Ⅶ),당기순손실,2025,-3071945828
에이블리,① 인건비,급여,2024,27744811461
에이블리,① 인건비,급여,2025,29403449627
에이블리,① 인건비,퇴직급여,2024,2572259110
에이블리,① 인건비,퇴직급여,2025,2789332878
에이블리,② 복리후생비,교육훈련비,2024,22915853
에이블리,② 복리후생비,교육훈련비,2025,6337919
에이블리,② 복리후생비,도서인쇄비,2024,21553841
에이블리,② 복리후생비,도서인쇄비,2025,26266276
에이블리,② 복리후생비,복리후생비,2024,3413738875
에이블리,② 복리후생비,복리후생비,2025,4389207825
에이블리,② 복리후생비,여비교통비,2024,330951920
에이블리,② 복리후생비,여비교통비,2025,415279208
에이블리,③ 지급/용역수수료,지급수수료,2024,161367000000
에이블리,③ 지급/용역수수료,지급수수료,2025,177029000000
에이블리,④ 광고선전비,광고선전비,2024,42299932831
에이블리,④ 광고선전비,광고선전비,2025,47074442549
에이블리,④ 광고선전비,판매촉진비,2024,-1203587582
에이블리,④ 광고선전비,판매촉진비,2025,753058233
에이블리,⑤ 임차/관리비,건물관리비,2024,1706787676
에이블리,⑤ 임차/관리비,건물관리비,2025,1710330971
에이블리,⑤ 임차/관리비,수도광열비,2024,16273273
에이블리,⑤ 임차/관리비,수도광열비,2025,16573160
에이블리,⑤ 임차/관리비,전력비,2024,234787617
에이블리,⑤ 임차/관리비,전력비,2025,235284840
에이블리,⑤ 임차/관리비,지급임차료,2024,6013917450
에이블리,⑤ 임차/관리비,지급임차료,2025,6132110325
에이블리,⑥ 감가상각비,감가상각비,2024,2187572217
에이블리,⑥ 감가상각비,감가상각비,2025,1407242499
에이블리,⑥ 감가상각비,무형자산상각비,2024,15981934
에이블리,⑥ 감가상각비,무형자산상각비,2025,17809964
에이블리,⑦ 물류/운반비,운반비,2024,14237001287
에이블리,⑦ 물류/운반비,운반비,2025,15597557587
에이블리,⑦ 물류/운반비,포장비,2024,895936821
에이블리,⑦ 물류/운반비,포장비,2025,910332395
에이블리,⑨ 기타판관비,보험료,2024,342936208
에이블리,⑨ 기타판관비,보험료,2025,390949050
에이블리,⑨ 기타판관비,세금과공과,2024,958688260
에이블리,⑨ 기타판관비,세금과공과,2025,963637096
에이블리,⑨ 기타판관비,소모품비,2024,146878364
에이블리,⑨ 기타판관비,소모품비,2025,214877278
에이블리,⑨ 기타판관비,수선비,2024,289026036
에이블리,⑨ 기타판관비,수선비,2025,39856367
에이블리,⑨ 기타판관비,접대비,2024,47559570
에이블리,⑨ 기타판관비,접대비,2025,54176432
에이블리,⑨ 기타판관비,차량유지비,2024,1245132
에이블리,⑨ 기타판관비,차량유지비,2025,5786552
에이블리,⑨ 기타판관비,통신비,2024,470240198
에이블리,⑨ 기타판관비,통신비,2025,528519298
에이블리,부채총계,부채총계,2024,175296000000
에이블리,부채총계,부채총계,2025,194277000000
에이블리,순운전자본+,단기금융상품,2024,22080000000
에이블리,순운전자본+,단기금융상품,2025,2530000000
에이블리,순운전자본+,매출채권,2024,260897678
에이블리,순운전자본+,매출채권,2025,235250743
에이블리,순운전자본+,미수금,2024,15517580508
에이블리,순운전자본+,미수금,2025,16851616681
에이블리,순운전자본+,현금및현금성자산,2024,69544864296
에이블리,순운전자본+,현금및현금성자산,2025,97366746918
에이블리,순운전자본-,단기차입금,2024,9864000000
에이블리,순운전자본-,단기차입금,2025,9864000000
에이블리,순운전자본-,매입채무,2024,729634730
에이블리,순운전자본-,매입채무,2025,686791720
에이블리,순운전자본-,미지급금,2024,83391175537
에이블리,순운전자본-,미지급금,2025,95961209368
에이블리,순운전자본-,미지급비용,2024,1285245336
에이블리,순운전자본-,미지급비용,2025,1464589219
에이블리,순운전자본-,예수금,2024,68485222594
에이블리,순운전자본-,예수금,2025,72252987342
에이블리,영업활동현금흐름,영업활동으로인한현금흐름,2024,22834168513
에이블리,영업활동현금흐름,영업활동으로인한현금흐름,2025,15052482222
에이블리,이익잉여금,결손금,2024,-222177000000
에이블리,이익잉여금,결손금,2025,-225249000000
에이블리,자본총계,자본총계,2024,-52160470265
에이블리,자본총계,자본총계,2025,-55234144093
에이블리,자산총계,자산총계,2024,123136000000
에이블리,자산총계,자산총계,2025,139043000000
에이블리,재고자산,재고자산,2024,4986542264
에이블리,재고자산,재고자산,2025,4791619608
에이블리,재무활동현금흐름,재무활동으로인한현금흐름,2024,-10146356360
에이블리,재무활동현금흐름,재무활동으로인한현금흐름,2025,-1728000
에이블리,투자활동현금흐름,투자활동으로인한현금흐름,2024,3702885478
에이블리,투자활동현금흐름,투자활동으로인한현금흐름,2025,12771128400
에이블리,현금의 증감,현금의증가,2024,16390697631
에이블리,현금의 증감,현금의증가,2025,27821882622
에이비일팔공,Ⅰ. 매출액,영업수익,2024,32648314086
에이비일팔공,Ⅰ. 매출액,영업수익,2025,39412205994
에이비일팔공,Ⅳ. 판매비와 관리비,영업비용,2024,39303657024
에이비일팔공,Ⅳ. 판매비와 관리비,영업비용,2025,41492288087
에이비일팔공,Ⅴ. 영업손익(Ⅲ - Ⅳ),영업이익,2024,-6655342938
에이비일팔공,Ⅴ. 영업손익(Ⅲ - Ⅳ),영업이익,2025,-2080082093
에이비일팔공,Ⅷ. 당기순손익(Ⅴ+Ⅵ-Ⅶ),당기순이익,2024,-5512852692
에이비일팔공,Ⅷ. 당기순손익(Ⅴ+Ⅵ-Ⅶ),당기순이익,2025,-2218768247
에이비일팔공,① 인건비,급여,2024,6100510051
에이비일팔공,① 인건비,급여,2025,5548143560
에이비일팔공,① 인건비,퇴직급여,2024,949316570
에이비일팔공,① 인건비,퇴직급여,2025,1050410549
에이비일팔공,② 복리후생비,교육훈련비,2024,5958695
에이비일팔공,② 복리후생비,교육훈련비,2025,1981576
에이비일팔공,② 복리후생비,복리후생비,2024,213003067
에이비일팔공,② 복리후생비,복리후생비,2025,198996657
에이비일팔공,② 복리후생비,여비교통비,2024,330779304
에이비일팔공,② 복리후생비,여비교통비,2025,252926832
에이비일팔공,③ 지급/용역수수료,외주용역비,2024,614941804
에이비일팔공,③ 지급/용역수수료,외주용역비,2025,1282696509
에이비일팔공,③ 지급/용역수수료,지급수수료,2024,22934111407
에이비일팔공,③ 지급/용역수수료,지급수수료,2025,25422503236
에이비일팔공,④ 광고선전비,광고선전비,2024,1160711065
에이비일팔공,④ 광고선전비,광고선전비,2025,1290869953
에이비일팔공,⑤ 임차/관리비,임차료,2024,1170657372
에이비일팔공,⑤ 임차/관리비,임차료,2025,1224671297
에이비일팔공,⑥ 감가상각비,감가상각비,2024,273807741
에이비일팔공,⑥ 감가상각비,감가상각비,2025,219050592
에이비일팔공,⑥ 감가상각비,무형자산상각비,2024,1864044
에이비일팔공,⑥ 감가상각비,무형자산상각비,2025,3563536
에이비일팔공,⑨ 기타판관비,경상연구개발비,2024,4304987079
에이비일팔공,⑨ 기타판관비,경상연구개발비,2025,3799889786
에이비일팔공,⑨ 기타판관비,대손상각비,2024,9282115
에이비일팔공,⑨ 기타판관비,대손상각비,2025,139206936
에이비일팔공,⑨ 기타판관비,보험료,2024,971703755
에이비일팔공,⑨ 기타판관비,보험료,2025,839671856
에이비일팔공,⑨ 기타판관비,세금과공과,2024,110724406
에이비일팔공,⑨ 기타판관비,세금과공과,2025,57150010
에이비일팔공,⑨ 기타판관비,소모품비,2024,19688001
에이비일팔공,⑨ 기타판관비,소모품비,2025,13404133
에이비일팔공,⑨ 기타판관비,접대비,2024,125806129
에이비일팔공,⑨ 기타판관비,접대비,2025,141339485
에이비일팔공,⑨ 기타판관비,통신비,2024,5804419
에이비일팔공,⑨ 기타판관비,통신비,2025,5811584
에이비일팔공,부채총계,부채총계,2024,35449117904
에이비일팔공,부채총계,부채총계,2025,36846608225
에이비일팔공,순운전자본+,대손충당금,2024,-9282115
에이비일팔공,순운전자본+,대손충당금,2025,-113315695
에이비일팔공,순운전자본+,매출채권,2024,3518488544
에이비일팔공,순운전자본+,매출채권,2025,3443128519
에이비일팔공,순운전자본+,미수금,2024,133058560
에이비일팔공,순운전자본+,미수금,2025,454831894
에이비일팔공,순운전자본+,현금및현금성자산,2024,8543624673
에이비일팔공,순운전자본+,현금및현금성자산,2025,6965537284
에이비일팔공,순운전자본-,단기차입금,2024,10000000000
에이비일팔공,순운전자본-,단기차입금,2025,12800000000
에이비일팔공,순운전자본-,미지급금,2024,5703853488
에이비일팔공,순운전자본-,미지급금,2025,3395134688
에이비일팔공,순운전자본-,미지급비용,2024,561378862
에이비일팔공,순운전자본-,미지급비용,2025,549235389
에이비일팔공,순운전자본-,부가가치세예수금,2024,966043643
에이비일팔공,순운전자본-,부가가치세예수금,2025,1019726111
에이비일팔공,순운전자본-,예수금,2024,60527220
에이비일팔공,순운전자본-,예수금,2025,54002990
에이비일팔공,순운전자본-,유동성장기차입금,2024,33240000
에이비일팔공,순운전자본-,유동성장기차입금,2025,33240000
에이비일팔공,영업활동현금흐름,영업활동으로인한현금흐름,2024,-6738530385
에이비일팔공,영업활동현금흐름,영업활동으로인한현금흐름,2025,-4169608508
에이비일팔공,이익잉여금,결손금,2024,32476915423
에이비일팔공,이익잉여금,결손금,2025,34695683670
에이비일팔공,자본총계,자본총계,2024,-9839756241
에이비일팔공,자본총계,자본총계,2025,-12035953164
에이비일팔공,자산총계,자산총계,2024,25609361663
에이비일팔공,자산총계,자산총계,2025,24810655061
에이비일팔공,재무활동현금흐름,재무활동으로인한현금흐름,2024,8106877538
에이비일팔공,재무활동현금흐름,재무활동으로인한현금흐름,2025,2789331324
에이비일팔공,투자활동현금흐름,투자활동으로인한현금흐름,2024,-192302130
에이비일팔공,투자활동현금흐름,투자활동으로인한현금흐름,2025,-197810205
에이비일팔공,현금의 증감,현금의증가,2024,1176045023
에이비일팔공,현금의 증감,현금의증가,2025,-1578087389
에이피알,Ⅰ. 매출액,매출액,2023,523809364559
에이피알,Ⅰ. 매출액,매출액,2024,722753862301
에이피알,Ⅰ. 매출액,매출액,2025,1527344973381
에이피알,Ⅱ. 매출원가,매출원가,2023,128360982155
에이피알,Ⅱ. 매출원가,매출원가,2024,179154162732
에이피알,Ⅱ. 매출원가,매출원가,2025,356728212739
에이피알,Ⅲ. 매출총이익(Ⅰ - Ⅱ),매출총이익,2023,395448382404
에이피알,Ⅲ. 매출총이익(Ⅰ - Ⅱ),매출총이익,2024,543599699569
에이피알,Ⅲ. 매출총이익(Ⅰ - Ⅱ),매출총이익,2025,1170616760642
에이피알,Ⅳ. 판매비와 관리비,판매비와관리비,2023,291254657539
에이피알,Ⅳ. 판매비와 관리비,판매비와관리비,2024,420894155120
에이피알,Ⅳ. 판매비와 관리비,판매비와관리비,2025,805096131708
에이피알,Ⅴ. 영업손익(Ⅲ - Ⅳ),영업이익,2023,104193724865
에이피알,Ⅴ. 영업손익(Ⅲ - Ⅳ),영업이익,2024,122705544449
에이피알,Ⅴ. 영업손익(Ⅲ - Ⅳ),영업이익,2025,365520628934
에이피알,Ⅷ. 당기순손익(Ⅴ+Ⅵ-Ⅶ),당기순이익,2023,81546050952
에이피알,Ⅷ. 당기순손익(Ⅴ+Ⅵ-Ⅶ),당기순이익,2024,107590435967
에이피알,Ⅷ. 당기순손익(Ⅴ+Ⅵ-Ⅶ),당기순이익,2025,289654813287
에이피알,① 인건비,"급여,판관비",2024,40393992000
에이피알,① 인건비,"급여,판관비",2025,54235339000
에이피알,① 인건비,"퇴직급여,판관비",2024,2545323000
에이피알,① 인건비,"퇴직급여,판관비",2025,3486247000
에이피알,② 복리후생비,"교육훈련비,판관비",2024,372424000
에이피알,② 복리후생비,"교육훈련비,판관비",2025,360442000
에이피알,② 복리후생비,"도서인쇄비,판관비",2024,59321000
에이피알,② 복리후생비,"도서인쇄비,판관비",2025,37083000
에이피알,② 복리후생비,"복리후생비,판관비",2024,5766908000
에이피알,② 복리후생비,"복리후생비,판관비",2025,8022428000
에이피알,② 복리후생비,"여비교통비,판관비",2024,1176618000
에이피알,② 복리후생비,"여비교통비,판관비",2025,1790497000
에이피알,③ 지급/용역수수료,"간이공사비,판관비",2024,2134530000
에이피알,③ 지급/용역수수료,"간이공사비,판관비",2025,2137906000
에이피알,③ 지급/용역수수료,"외주용역비,판관비",2024,6958947000
에이피알,③ 지급/용역수수료,"외주용역비,판관비",2025,8132238000
에이피알,③ 지급/용역수수료,"지급수수료,판관비",2024,23336639000
에이피알,③ 지급/용역수수료,"지급수수료,판관비",2025,27025930000
에이피알,③ 지급/용역수수료,"판매수수료,판관비",2024,93847856000
에이피알,③ 지급/용역수수료,"판매수수료,판관비",2025,251428283000
에이피알,④ 광고선전비,"광고선전비,판관비",2024,141855995000
에이피알,④ 광고선전비,"광고선전비,판관비",2025,266658245000
에이피알,⑤ 임차/관리비,"건물관리비,판관비",2024,2909679000
에이피알,⑤ 임차/관리비,"건물관리비,판관비",2025,3770709000
에이피알,⑤ 임차/관리비,"사용권자산상각비,판관비",2024,14084842000
에이피알,⑤ 임차/관리비,"사용권자산상각비,판관비",2025,20463221000
에이피알,⑤ 임차/관리비,"임차료,판관비",2024,902081000
에이피알,⑤ 임차/관리비,"임차료,판관비",2025,686207000
에이피알,⑥ 감가상각비,"감가상각비,판관비",2024,4342883000
에이피알,⑥ 감가상각비,"감가상각비,판관비",2025,5299684000
에이피알,⑥ 감가상각비,"무형자산상각비,판관비",2024,882222000
에이피알,⑥ 감가상각비,"무형자산상각비,판관비",2025,1152490000
에이피알,⑦ 물류/운반비,"운반비,판관비",2024,59196830000
에이피알,⑦ 물류/운반비,"운반비,판관비",2025,113641645000
에이피알,⑦ 물류/운반비,"포장비,판관비",2024,4535656000
에이피알,⑦ 물류/운반비,"포장비,판관비",2025,9528776000
에이피알,⑨ 기타판관비,"견본품비,판관비",2024,628683000
에이피알,⑨ 기타판관비,"견본품비,판관비",2025,741643000
에이피알,⑨ 기타판관비,"경상개발비,판관비",2024,3518113000
에이피알,⑨ 기타판관비,"경상개발비,판관비",2025,11967536000
에이피알,⑨ 기타판관비,대손상각비,2024,7666000
에이피알,⑨ 기타판관비,대손상각비,2025,89935000
에이피알,⑨ 기타판관비,"보험료,판관비",2024,233780000
에이피알,⑨ 기타판관비,"보험료,판관비",2025,645805000
에이피알,⑨ 기타판관비,"세금과공과,판관비",2024,1404703000
에이피알,⑨ 기타판관비,"세금과공과,판관비",2025,2134601000
에이피알,⑨ 기타판관비,"소모품비,판관비",2024,3568850000
에이피알,⑨ 기타판관비,"소모품비,판관비",2025,4957709000
에이피알,⑨ 기타판관비,"수도광열비,판관비",2024,869259000
에이피알,⑨ 기타판관비,"수도광열비,판관비",2025,1798771000
에이피알,⑨ 기타판관비,"수선비,판관비",2024,84372000
에이피알,⑨ 기타판관비,"수선비,판관비",2025,75080000
에이피알,⑨ 기타판관비,"접대비,판관비",2024,423340000
에이피알,⑨ 기타판관비,"접대비,판관비",2025,902108000
에이피알,⑨ 기타판관비,주식보상비용,2024,3282451000
에이피알,⑨ 기타판관비,주식보상비용,2025,780813000
에이피알,⑨ 기타판관비,"차량유지비,판관비",2024,332571000
에이피알,⑨ 기타판관비,"차량유지비,판관비",2025,399192000
에이피알,⑨ 기타판관비,"통신비,판관비",2024,208320000
에이피알,⑨ 기타판관비,"통신비,판관비",2025,252765000
에이피알,⑨ 기타판관비,"판매보증비,판관비",2024,1029301000
에이피알,⑨ 기타판관비,"판매보증비,판관비",2025,2492804000
에이피알,리스부채,비유동리스부채,2023,5818653278
에이피알,리스부채,비유동리스부채,2024,88072925105
에이피알,리스부채,비유동리스부채,2025,78219359846
에이피알,리스부채,유동리스부채,2023,6603906979
에이피알,리스부채,유동리스부채,2024,18645082840
에이피알,리스부채,유동리스부채,2025,22492488636
에이피알,부채총계,부채총계,2023,90360619465
에이피알,부채총계,부채총계,2024,241619489197
에이피알,부채총계,부채총계,2025,325937736580
에이피알,사용권자산,사용권자산,2023,16097158675
에이피알,사용권자산,사용권자산,2024,114155807993
에이피알,사용권자산,사용권자산,2025,104592754371
에이피알,순운전자본+,기타유동금융자산,2023,7828065195
에이피알,순운전자본+,기타유동금융자산,2024,25630369792
에이피알,순운전자본+,기타유동금융자산,2025,32591663092
에이피알,순운전자본+,매출채권및기타채권,2023,23005221709
에이피알,순운전자본+,매출채권및기타채권,2024,47947406079
에이피알,순운전자본+,매출채권및기타채권,2025,91114168447
에이피알,순운전자본+,현금및현금성자산,2023,125334572532
에이피알,순운전자본+,현금및현금성자산,2024,90366354391
에이피알,순운전자본+,현금및현금성자산,2025,154350192148
에이피알,순운전자본-,기타유동금융부채,2023,2342962892
에이피알,순운전자본-,기타유동금융부채,2024,5350429353
에이피알,순운전자본-,기타유동금융부채,2025,2355225636
에이피알,순운전자본-,단기차입금,2023,7500000000
에이피알,순운전자본-,단기차입금,2024,0
에이피알,순운전자본-,단기차입금,2025,0
에이피알,순운전자본-,매입채무및기타채무,2023,38606908356
에이피알,순운전자본-,매입채무및기타채무,2024,68377230022
에이피알,순운전자본-,매입채무및기타채무,2025,143068718557
에이피알,영업활동현금흐름,영업활동으로인한현금흐름,2023,107840961394
에이피알,영업활동현금흐름,영업활동으로인한현금흐름,2024,79124161730
에이피알,영업활동현금흐름,영업활동으로인한현금흐름,2025,341046397295
에이피알,이익잉여금,이익잉여금,2023,123704427689
에이피알,이익잉여금,이익잉여금,2024,229092205925
에이피알,이익잉여금,이익잉여금,2025,427251110004
에이피알,자본총계,자본총계,2023,196948868778
에이피알,자본총계,자본총계,2024,323524073990
에이피알,자본총계,자본총계,2025,445799810314
에이피알,자산총계,자산총계,2023,287309488243
에이피알,자산총계,자산총계,2024,565143563187
에이피알,자산총계,자산총계,2025,771737546894
에이피알,재고자산,재고자산,2023,56520972365
에이피알,재고자산,재고자산,2024,109745676962
에이피알,재고자산,재고자산,2025,165457160456
에이피알,재무활동현금흐름,재무활동으로인한현금흐름,2023,-11480920710
에이피알,재무활동현금흐름,재무활동으로인한현금흐름,2024,-4830388701
에이피알,재무활동현금흐름,재무활동으로인한현금흐름,2025,-181672363810
에이피알,투자활동현금흐름,투자활동으로인한현금흐름,2023,-28280436368
에이피알,투자활동현금흐름,투자활동으로인한현금흐름,2024,-109655123978
에이피알,투자활동현금흐름,투자활동으로인한현금흐름,2025,-94461511773
에이피알,현금의 증감,현금의증감,2023,68079604316
에이피알,현금의 증감,현금의증감,2024,-35361350949
에이피알,현금의 증감,현금의증감,2025,64912521712
오누이,Ⅰ. 매출액,영업수익,2024,35353139125
오누이,Ⅰ. 매출액,영업수익,2025,35444936339
오누이,Ⅳ. 판매비와 관리비,영업비용,2024,34833112906
오누이,Ⅳ. 판매비와 관리비,영업비용,2025,33673334957
오누이,Ⅴ. 영업손익(Ⅲ - Ⅳ),영업이익,2024,520026219
오누이,Ⅴ. 영업손익(Ⅲ - Ⅳ),영업이익,2025,1771601382
오누이,Ⅷ. 당기순손익(Ⅴ+Ⅵ-Ⅶ),당기순이익,2024,-1616620742
오누이,Ⅷ. 당기순손익(Ⅴ+Ⅵ-Ⅶ),당기순이익,2025,241651986
오누이,① 인건비,급여,2024,3826309871
오누이,① 인건비,급여,2025,3854964335
오누이,① 인건비,퇴직급여,2024,352652904
오누이,① 인건비,퇴직급여,2025,409233395
오누이,② 복리후생비,복리후생비,2024,581817546
오누이,② 복리후생비,복리후생비,2025,528160924
오누이,③ 지급/용역수수료,지급수수료,2024,25239565718
오누이,③ 지급/용역수수료,지급수수료,2025,24525382246
오누이,④ 광고선전비,광고선전비,2024,3088778419
오누이,④ 광고선전비,광고선전비,2025,3067709181
오누이,⑤ 임차/관리비,임차료,2024,338210400
오누이,⑤ 임차/관리비,임차료,2025,267481748
오누이,⑥ 감가상각비,감가상각비,2024,765075630
오누이,⑥ 감가상각비,감가상각비,2025,489151903
오누이,⑥ 감가상각비,무형자산상각비,2024,5625832
오누이,⑥ 감가상각비,무형자산상각비,2025,11219097
오누이,⑨ 기타판관비,기타,2024,528274117
오누이,⑨ 기타판관비,기타,2025,470301508
오누이,⑨ 기타판관비,상품매입비등,2024,106802469
오누이,⑨ 기타판관비,상품매입비등,2025,49730620
오누이,부채총계,부채총계,2024,11102324143
오누이,부채총계,부채총계,2025,9396653093
오누이,순운전자본+,매출채권,2024,523971363
오누이,순운전자본+,매출채권,2025,324850432
오누이,순운전자본+,미수금,2024,169610
오누이,순운전자본+,미수금,2025,1556414
오누이,순운전자본+,현금및현금성자산,2024,1315868753
오누이,순운전자본+,현금및현금성자산,2025,189324917
오누이,순운전자본-,단기차입금,2024,5343900971
오누이,순운전자본-,단기차입금,2025,4506884734
오누이,순운전자본-,미지급금,2024,823258971
오누이,순운전자본-,미지급금,2025,775865948
오누이,순운전자본-,미지급비용,2024,243328606
오누이,순운전자본-,미지급비용,2025,196489982
오누이,순운전자본-,예수금,2024,80939530
오누이,순운전자본-,예수금,2025,71848060
오누이,순운전자본-,유동성장기부채,2024,0
오누이,순운전자본-,유동성장기부채,2025,190000000
오누이,영업활동현금흐름,영업활동으로인한현금흐름,2024,515158092
오누이,영업활동현금흐름,영업활동으로인한현금흐름,2025,1423893681
오누이,이익잉여금,이익잉여금,2024,-22232689243
오누이,이익잉여금,이익잉여금,2025,-21991037257
오누이,자본총계,자본총계,2024,-5990895419
오누이,자본총계,자본총계,2025,-5749709433
오누이,자산총계,자산총계,2024,5111428724
오누이,자산총계,자산총계,2025,3646943660
오누이,재무활동현금흐름,재무활동으로인한현금흐름,2024,1882894728
오누이,재무활동현금흐름,재무활동으로인한현금흐름,2025,-837482237
오누이,투자활동현금흐름,투자활동으로인한현금흐름,2024,-1861285460
오누이,투자활동현금흐름,투자활동으로인한현금흐름,2025,-1712955280
오누이,현금의 증감,현금의증가,2024,536767360
오누이,현금의 증감,현금의증가,2025,-1126543836
오뚜기,Ⅰ. 매출액,매출,2024,3539120000000
오뚜기,Ⅰ. 매출액,매출,2025,3674550000000
오뚜기,Ⅱ. 매출원가,매출원가,2024,2935730000000
오뚜기,Ⅱ. 매출원가,매출원가,2025,3082900000000
오뚜기,Ⅲ. 매출총이익(Ⅰ - Ⅱ),매출총이익,2024,603392000000
오뚜기,Ⅲ. 매출총이익(Ⅰ - Ⅱ),매출총이익,2025,591642000000
오뚜기,Ⅳ. 판매비와 관리비,판매비와관리비,2024,381377000000
오뚜기,Ⅳ. 판매비와 관리비,판매비와관리비,2025,414390000000
오뚜기,Ⅴ. 영업손익(Ⅲ - Ⅳ),영업이익,2024,222015000000
오뚜기,Ⅴ. 영업손익(Ⅲ - Ⅳ),영업이익,2025,177251000000
오뚜기,Ⅷ. 당기순손익(Ⅴ+Ⅵ-Ⅶ),당기순이익,2024,137600000000
오뚜기,Ⅷ. 당기순손익(Ⅴ+Ⅵ-Ⅶ),당기순이익,2025,72135661488
오뚜기,① 인건비,"급여,판관비",2024,151086000000
오뚜기,① 인건비,"급여,판관비",2025,160300000000
오뚜기,① 인건비,"퇴직급여,판관비",2024,11924482000
오뚜기,① 인건비,"퇴직급여,판관비",2025,14853480000
오뚜기,② 복리후생비,"교육훈련비,판관비",2024,1167432000
오뚜기,② 복리후생비,"교육훈련비,판관비",2025,1116750000
오뚜기,② 복리후생비,"급식비,판관비",2024,2529598000
오뚜기,② 복리후생비,"급식비,판관비",2025,2564010000
오뚜기,② 복리후생비,"도서인쇄비,판관비",2024,303725000
오뚜기,② 복리후생비,"도서인쇄비,판관비",2025,411652000
오뚜기,② 복리후생비,"복리후생비,판관비",2024,21146614000
오뚜기,② 복리후생비,"복리후생비,판관비",2025,20535704000
오뚜기,② 복리후생비,"여비교통비,판관비",2024,4591469000
오뚜기,② 복리후생비,"여비교통비,판관비",2025,4581694000
오뚜기,② 복리후생비,"차량유지비,판관비",2024,2792470000
오뚜기,② 복리후생비,"차량유지비,판관비",2025,2787058000
오뚜기,② 복리후생비,"회의및행사비,판관비",2024,403067000
오뚜기,② 복리후생비,"회의및행사비,판관비",2025,471844000
오뚜기,③ 지급/용역수수료,"수출제비용,판관비",2024,426957000
오뚜기,③ 지급/용역수수료,"수출제비용,판관비",2025,441240000
오뚜기,③ 지급/용역수수료,"지급수수료,판관비",2024,71812026000
오뚜기,③ 지급/용역수수료,"지급수수료,판관비",2025,75575501000
오뚜기,④ 광고선전비,"광고선전비,판관비",2024,52447193000
오뚜기,④ 광고선전비,"광고선전비,판관비",2025,55327401000
오뚜기,④ 광고선전비,"판매촉진비,판관비",2024,1265327000
오뚜기,④ 광고선전비,"판매촉진비,판관비",2025,3708999000
오뚜기,⑤ 임차/관리비,"사용권자산상각비,판관비",2024,5587180000
오뚜기,⑤ 임차/관리비,"사용권자산상각비,판관비",2025,5775219000
오뚜기,⑤ 임차/관리비,"수도광열비,판관비",2024,1757378000
오뚜기,⑤ 임차/관리비,"수도광열비,판관비",2025,1903959000
오뚜기,⑤ 임차/관리비,"임차료,판관비",2024,3383865000
오뚜기,⑤ 임차/관리비,"임차료,판관비",2025,3602922000
오뚜기,⑤ 임차/관리비,"통신비,판관비",2024,1049823000
오뚜기,⑤ 임차/관리비,"통신비,판관비",2025,1197030000
오뚜기,⑥ 감가상각비,"감가상각비,판관비",2024,6228116000
오뚜기,⑥ 감가상각비,"감가상각비,판관비",2025,7431115000
오뚜기,⑥ 감가상각비,"무형자산상각비,판관비",2024,7476094000
오뚜기,⑥ 감가상각비,"무형자산상각비,판관비",2025,5740584000
오뚜기,⑦ 물류/운반비,"운임및보관료,판관비",2024,13333547000
오뚜기,⑦ 물류/운반비,"운임및보관료,판관비",2025,15187414000
오뚜기,⑨ 기타판관비,"기업업무추진비,판관비",2024,1308120000
오뚜기,⑨ 기타판관비,"기업업무추진비,판관비",2025,1330652000
오뚜기,⑨ 기타판관비,대손상각비,2024,710486000
오뚜기,⑨ 기타판관비,대손상각비,2025,3112353000
오뚜기,⑨ 기타판관비,"보험료,판관비",2024,3422784000
오뚜기,⑨ 기타판관비,"보험료,판관비",2025,3724238000
오뚜기,⑨ 기타판관비,"세금과공과,판관비",2024,5096447000
오뚜기,⑨ 기타판관비,"세금과공과,판관비",2025,6230959000
오뚜기,⑨ 기타판관비,"소모품비,판관비",2024,672731000
오뚜기,⑨ 기타판관비,"소모품비,판관비",2025,553478000
오뚜기,⑨ 기타판관비,"수선비,판관비",2024,899755000
오뚜기,⑨ 기타판관비,"수선비,판관비",2025,1297285000
오뚜기,⑨ 기타판관비,"시장개척비,판관비",2024,1563870000
오뚜기,⑨ 기타판관비,"시장개척비,판관비",2025,6408075000
오뚜기,⑨ 기타판관비,잡비,2024,500442000
오뚜기,⑨ 기타판관비,잡비,2025,552257000
오뚜기,⑨ 기타판관비,"환경개선비,판관비",2024,6490476000
오뚜기,⑨ 기타판관비,"환경개선비,판관비",2025,7667288000
오뚜기,리스부채,리스부채,2024,45941200240
오뚜기,리스부채,리스부채,2025,48541569578
오뚜기,리스부채,유동성리스부채,2024,26105390709
오뚜기,리스부채,유동성리스부채,2025,22828035783
오뚜기,부채총계,부채총계,2024,1415870000000
오뚜기,부채총계,부채총계,2025,1438290000000
오뚜기,순운전자본+,당기손익-공정가치측정금융자산,2024,39536479401
오뚜기,순운전자본+,당기손익-공정가치측정금융자산,2025,31274774038
오뚜기,순운전자본+,매출채권및기타채권,2024,297517000000
오뚜기,순운전자본+,매출채권및기타채권,2025,300746000000
오뚜기,순운전자본+,상각후원가측정금융자산,2024,296434000000
오뚜기,순운전자본+,상각후원가측정금융자산,2025,223154000000
오뚜기,순운전자본+,현금및현금성자산,2024,330729000000
오뚜기,순운전자본+,현금및현금성자산,2025,412685000000
오뚜기,순운전자본-,단기차입금,2024,371439000000
오뚜기,순운전자본-,단기차입금,2025,509240000000
오뚜기,순운전자본-,매입채무및기타채무,2024,384179000000
오뚜기,순운전자본-,매입채무및기타채무,2025,374535000000
오뚜기,순운전자본-,유동성장기차입금,2024,199676000000
오뚜기,순운전자본-,유동성장기차입금,2025,94016930021
오뚜기,영업활동현금흐름,영업활동으로인한현금흐름,2024,361115000000
오뚜기,영업활동현금흐름,영업활동으로인한현금흐름,2025,218875000000
오뚜기,이익잉여금,이익잉여금,2024,2011200000000
오뚜기,이익잉여금,이익잉여금,2025,2033130000000
오뚜기,자본총계,자본총계,2024,2181530000000
오뚜기,자본총계,자본총계,2025,2202790000000
오뚜기,자산총계,자산총계,2024,3597400000000
오뚜기,자산총계,자산총계,2025,3641080000000
오뚜기,재고자산,재고자산,2024,493022000000
오뚜기,재고자산,재고자산,2025,519871000000
오뚜기,재무활동현금흐름,재무활동으로인한현금흐름,2024,-160992000000
오뚜기,재무활동현금흐름,재무활동으로인한현금흐름,2025,-34345187526
오뚜기,투자활동현금흐름,투자활동으로인한현금흐름,2024,-198180000000
오뚜기,투자활동현금흐름,투자활동으로인한현금흐름,2025,-100606000000
오뚜기,현금의 증감,현금및현금성자산의순증가,2024,1942208340
오뚜기,현금의 증감,현금및현금성자산의순증가,2025,83923660964
오리온,Ⅰ. 매출액,수익,2024,3104340000000
오리온,Ⅰ. 매출액,수익,2025,3332440000000
오리온,Ⅱ. 매출원가,매출원가,2024,1908160000000
오리온,Ⅱ. 매출원가,매출원가,2025,2109120000000
오리온,Ⅲ. 매출총이익(Ⅰ - Ⅱ),매출총이익,2024,1196170000000
오리온,Ⅲ. 매출총이익(Ⅰ - Ⅱ),매출총이익,2025,1223330000000
오리온,Ⅳ. 판매비와 관리비,일반관리비,2024,156521000000
오리온,Ⅳ. 판매비와 관리비,일반관리비,2025,176746000000
오리온,Ⅳ. 판매비와 관리비,판매비,2024,496066000000
오리온,Ⅳ. 판매비와 관리비,판매비,2025,488322000000
오리온,Ⅴ. 영업손익(Ⅲ - Ⅳ),영업이익,2024,543588000000
오리온,Ⅴ. 영업손익(Ⅲ - Ⅳ),영업이익,2025,558258000000
오리온,Ⅷ. 당기순손익(Ⅴ+Ⅵ-Ⅶ),당기순이익,2024,533230000000
오리온,Ⅷ. 당기순손익(Ⅴ+Ⅵ-Ⅶ),당기순이익,2025,390598000000
오리온,① 인건비,"급여,판관비",2024,63850275000
오리온,① 인건비,"급여,판관비",2025,62564107000
오리온,① 인건비,"퇴직급여,판관비",2024,5690416000
오리온,① 인건비,"퇴직급여,판관비",2025,6709378000
오리온,② 복리후생비,"복리후생비,판관비",2024,15531109000
오리온,② 복리후생비,"복리후생비,판관비",2025,18269340000
오리온,② 복리후생비,"여비교통비,판관비",2024,1741612000
오리온,② 복리후생비,"여비교통비,판관비",2025,1975728000
오리온,③ 지급/용역수수료,"지급수수료,판관비",2024,36920475000
오리온,③ 지급/용역수수료,"지급수수료,판관비",2025,53254960000
오리온,④ 광고선전비,"광고선전비,판관비",2024,0
오리온,④ 광고선전비,"광고선전비,판관비",2025,0
오리온,④ 광고선전비,"판매촉진비,판관비",2024,0
오리온,④ 광고선전비,"판매촉진비,판관비",2025,0
오리온,⑤ 임차/관리비,사용권자산감가상각비,2024,7237434000
오리온,⑤ 임차/관리비,사용권자산감가상각비,2025,8365534000
오리온,⑤ 임차/관리비,"임차료,판관비",2024,4485834000
오리온,⑤ 임차/관리비,"임차료,판관비",2025,4816529000
오리온,⑥ 감가상각비,"감가상각비,판관비",2024,5068719000
오리온,⑥ 감가상각비,"감가상각비,판관비",2025,5760173000
오리온,⑥ 감가상각비,"무형자산상각비,판관비",2024,1395775000
오리온,⑥ 감가상각비,"무형자산상각비,판관비",2025,1158089000
오리온,⑦ 물류/운반비,"운반비,판관비",2024,0
오리온,⑦ 물류/운반비,"운반비,판관비",2025,0
오리온,⑨ 기타판관비,"경상개발비,판관비",2024,0
오리온,⑨ 기타판관비,"경상개발비,판관비",2025,0
오리온,⑨ 기타판관비,기타판매비와관리비,2024,10482558000
오리온,⑨ 기타판관비,기타판매비와관리비,2025,10186725000
오리온,⑨ 기타판관비,대손상각비,2024,0
오리온,⑨ 기타판관비,대손상각비,2025,0
오리온,⑨ 기타판관비,"세금과공과,판관비",2024,3421981000
오리온,⑨ 기타판관비,"세금과공과,판관비",2025,3708602000
오리온,⑨ 기타판관비,주식보상비용,2024,695000000
오리온,⑨ 기타판관비,주식보상비용,2025,-23504000
오리온,리스부채,비유동리스부채,2024,25790378178
오리온,리스부채,비유동리스부채,2025,21820294542
오리온,리스부채,유동리스부채,2024,12936730619
오리온,리스부채,유동리스부채,2025,13695740434
오리온,부채총계,부채총계,2024,734404000000
오리온,부채총계,부채총계,2025,686456000000
오리온,사용권자산,사용권자산,2024,89292579144
오리온,사용권자산,사용권자산,2025,97347300747
오리온,순운전자본+,기타유동금융자산,2024,64195222505
오리온,순운전자본+,기타유동금융자산,2025,31192701875
오리온,순운전자본+,단기금융예치금,2024,606420000000
오리온,순운전자본+,단기금융예치금,2025,986076000000
오리온,순운전자본+,유동당기손익인식금융자산,2024,5000000000
오리온,순운전자본+,유동당기손익인식금융자산,2025,5000000000
오리온,순운전자본+,유동매출채권,2024,177314000000
오리온,순운전자본+,유동매출채권,2025,181999000000
오리온,순운전자본+,현금및현금성자산,2024,451277000000
오리온,순운전자본+,현금및현금성자산,2025,311391000000
오리온,순운전자본-,기타유동금융부채,2024,200579000000
오리온,순운전자본-,기타유동금융부채,2025,199470000000
오리온,순운전자본-,유동매입채무,2024,163191000000
오리온,순운전자본-,유동매입채무,2025,145821000000
오리온,영업활동현금흐름,영업활동현금흐름,2024,651588000000
오리온,영업활동현금흐름,영업활동현금흐름,2025,537328000000
오리온,이익잉여금,미처분이익잉여금,2024,1504360000000
오리온,이익잉여금,미처분이익잉여금,2025,1532970000000
오리온,자본총계,자본총계,2024,3574050000000
오리온,자본총계,자본총계,2025,3912210000000
오리온,자산총계,자산총계,2024,4308450000000
오리온,자산총계,자산총계,2025,4598660000000
오리온,재고자산,유동재고자산,2024,316592000000
오리온,재고자산,유동재고자산,2025,321415000000
오리온,재무활동현금흐름,재무활동현금흐름,2024,-70120504912
오리온,재무활동현금흐름,재무활동현금흐름,2025,-120882000000
오리온,투자활동현금흐름,투자활동현금흐름,2024,-504868000000
오리온,투자활동현금흐름,투자활동현금흐름,2025,-564220000000
오리온,현금의 증감,현금및현금성자산의순증가,2024,85427613807
오리온,현금의 증감,현금및현금성자산의순증가,2025,-139886000000
올리브영,Ⅰ. 매출액,매출액,2024,4793480000000
올리브영,Ⅰ. 매출액,매출액,2025,5853870000000
올리브영,Ⅱ. 매출원가,매출원가,2024,2481470000000
올리브영,Ⅱ. 매출원가,매출원가,2025,3059100000000
올리브영,Ⅲ. 매출총이익(Ⅰ - Ⅱ),매출총이익,2024,2312010000000
올리브영,Ⅲ. 매출총이익(Ⅰ - Ⅱ),매출총이익,2025,2794760000000
올리브영,Ⅳ. 판매비와 관리비,판매비와관리비,2024,1712700000000
올리브영,Ⅳ. 판매비와 관리비,판매비와관리비,2025,2061940000000
올리브영,Ⅴ. 영업손익(Ⅲ - Ⅳ),영업이익,2024,599309000000
올리브영,Ⅴ. 영업손익(Ⅲ - Ⅳ),영업이익,2025,732823000000
올리브영,Ⅷ. 당기순손익(Ⅴ+Ⅵ-Ⅶ),당기순이익,2024,475999000000
올리브영,Ⅷ. 당기순손익(Ⅴ+Ⅵ-Ⅶ),당기순이익,2025,543937000000
올리브영,① 인건비,급여,2024,438720000000
올리브영,① 인건비,급여,2025,547649000000
올리브영,① 인건비,퇴직급여,2024,22640701000
올리브영,① 인건비,퇴직급여,2025,29463950000
올리브영,② 복리후생비,교육훈련비,2024,2691491000
올리브영,② 복리후생비,교육훈련비,2025,2925829000
올리브영,② 복리후생비,복리후생비,2024,76334556000
올리브영,② 복리후생비,복리후생비,2025,91493183000
올리브영,② 복리후생비,여비교통비,2024,4302638000
올리브영,② 복리후생비,여비교통비,2025,6260680000
올리브영,③ 지급/용역수수료,지급수수료,2024,304715000000
올리브영,③ 지급/용역수수료,지급수수료,2025,380502000000
올리브영,④ 광고선전비,광고선전비,2024,173212000000
올리브영,④ 광고선전비,광고선전비,2025,187705000000
올리브영,④ 광고선전비,판매촉진비,2024,45474551000
올리브영,④ 광고선전비,판매촉진비,2025,50141175000
올리브영,⑤ 임차/관리비,사용권자산상각비,2024,171641000000
올리브영,⑤ 임차/관리비,사용권자산상각비,2025,192149000000
올리브영,⑤ 임차/관리비,수도광열비,2024,13372265000
올리브영,⑤ 임차/관리비,수도광열비,2025,16138791000
올리브영,⑤ 임차/관리비,지급임차료,2024,52634872000
올리브영,⑤ 임차/관리비,지급임차료,2025,71388447000
올리브영,⑥ 감가상각비,감가상각비,2024,57302781000
올리브영,⑥ 감가상각비,감가상각비,2025,82064882000
올리브영,⑥ 감가상각비,무형자산상각비,2024,8596208000
올리브영,⑥ 감가상각비,무형자산상각비,2025,8777117000
올리브영,⑦ 물류/운반비,물류비,2024,282175000000
올리브영,⑦ 물류/운반비,물류비,2025,353284000000
올리브영,⑨ 기타판관비,기타,2024,8573795000
올리브영,⑨ 기타판관비,기타,2025,9630345000
올리브영,⑨ 기타판관비,대손상각비,2024,368941000
올리브영,⑨ 기타판관비,대손상각비,2025,-13281000
올리브영,⑨ 기타판관비,비품비,2024,30476785000
올리브영,⑨ 기타판관비,비품비,2025,22790930000
올리브영,⑨ 기타판관비,세금과공과,2024,4272801000
올리브영,⑨ 기타판관비,세금과공과,2025,14643293000
올리브영,⑨ 기타판관비,소모품비,2024,14598550000
올리브영,⑨ 기타판관비,소모품비,2025,17467507000
올리브영,⑨ 기타판관비,수선비,2024,4248275000
올리브영,⑨ 기타판관비,수선비,2025,10613202000
올리브영,⑨ 기타판관비,주식보상비용환입,2024,-11476944000
올리브영,⑨ 기타판관비,주식보상비용환입,2025,-42380147000
올리브영,⑨ 기타판관비,회의비,2024,7823541000
올리브영,⑨ 기타판관비,회의비,2025,9246875000
올리브영,리스부채,리스부채,2024,414743000000
올리브영,리스부채,리스부채,2025,452631000000
올리브영,리스부채,유동성리스부채,2024,156045000000
올리브영,리스부채,유동성리스부채,2025,173845000000
올리브영,부채총계,부채총계,2024,1269110000000
올리브영,부채총계,부채총계,2025,1571610000000
올리브영,사용권자산,사용권자산,2024,597291000000
올리브영,사용권자산,사용권자산,2025,646710000000
올리브영,순운전자본+,기타유동금융자산,2024,192210000000
올리브영,순운전자본+,기타유동금융자산,2025,121195000000
올리브영,순운전자본+,매출채권,2024,110897000000
올리브영,순운전자본+,매출채권,2025,115949000000
올리브영,순운전자본+,현금및현금성자산,2024,333015000000
올리브영,순운전자본+,현금및현금성자산,2025,32434623333
올리브영,순운전자본-,기타유동금융부채,2024,212002000000
올리브영,순운전자본-,기타유동금융부채,2025,219199000000
올리브영,순운전자본-,단기차입금,2024,0
올리브영,순운전자본-,단기차입금,2025,140000000000
올리브영,순운전자본-,매입채무,2024,170110000000
올리브영,순운전자본-,매입채무,2025,260777000000
올리브영,영업활동현금흐름,영업활동으로인한현금흐름,2024,652152000000
올리브영,영업활동현금흐름,영업활동으로인한현금흐름,2025,746809000000
올리브영,이익잉여금,이익잉여금,2024,1222600000000
올리브영,이익잉여금,이익잉여금,2025,1691080000000
올리브영,자본총계,자본총계,2024,997325000000
올리브영,자본총계,자본총계,2025,987272000000
올리브영,자산총계,자산총계,2024,2266430000000
올리브영,자산총계,자산총계,2025,2558890000000
올리브영,재고자산,재고자산,2024,301109000000
올리브영,재고자산,재고자산,2025,404668000000
올리브영,재무활동현금흐름,재무활동으로인한현금흐름,2024,-622087000000
올리브영,재무활동현금흐름,재무활동으로인한현금흐름,2025,-442939000000
올리브영,투자활동현금흐름,투자활동으로인한현금흐름,2024,29940837262
올리브영,투자활동현금흐름,투자활동으로인한현금흐름,2025,-604652000000
올리브영,현금의 증감,현금및현금성자산의증가,2024,60006386800
올리브영,현금의 증감,현금및현금성자산의증가,2025,-300781000000
우아한형제들,Ⅰ. 매출액,영업수익,2024,4322650000000
우아한형제들,Ⅰ. 매출액,영업수익,2025,5282990000000
우아한형제들,Ⅳ. 판매비와 관리비,영업비용,2024,3681860000000
우아한형제들,Ⅳ. 판매비와 관리비,영업비용,2025,4690120000000
우아한형제들,Ⅴ. 영업손익(Ⅲ - Ⅳ),영업이익,2024,640790000000
우아한형제들,Ⅴ. 영업손익(Ⅲ - Ⅳ),영업이익,2025,592870000000
우아한형제들,Ⅷ. 당기순손익(Ⅴ+Ⅵ-Ⅶ),당기연결순이익,2024,459311000000
우아한형제들,Ⅷ. 당기순손익(Ⅴ+Ⅵ-Ⅶ),당기연결순이익,2025,440620000000
우아한형제들,① 인건비,종업원급여,2024,447200000000
우아한형제들,① 인건비,종업원급여,2025,449660000000
우아한형제들,② 복리후생비,교육훈련비,2024,8091061744
우아한형제들,② 복리후생비,교육훈련비,2025,6981111146
우아한형제들,③ 지급/용역수수료,외주용역비,2024,2236960000000
우아한형제들,③ 지급/용역수수료,외주용역비,2025,3154260000000
우아한형제들,③ 지급/용역수수료,지급수수료,2024,359486000000
우아한형제들,③ 지급/용역수수료,지급수수료,2025,367286000000
우아한형제들,④ 광고선전비,광고선전비,2024,49860131859
우아한형제들,④ 광고선전비,광고선전비,2025,52572432914
우아한형제들,④ 광고선전비,판매촉진비,2024,202230907
우아한형제들,④ 광고선전비,판매촉진비,2025,517523999
우아한형제들,⑤ 임차/관리비,관리비,2024,9522198794
우아한형제들,⑤ 임차/관리비,관리비,2025,10713455724
우아한형제들,⑤ 임차/관리비,지급임차료,2024,1252099259
우아한형제들,⑤ 임차/관리비,지급임차료,2025,771011465
우아한형제들,⑥ 감가상각비,감가상각비,2024,50777821168
우아한형제들,⑥ 감가상각비,감가상각비,2025,56899436088
우아한형제들,⑥ 감가상각비,무형자산상각비,2024,5082885076
우아한형제들,⑥ 감가상각비,무형자산상각비,2025,6852044298
우아한형제들,⑦ 물류/운반비,운반비,2024,1747996179
우아한형제들,⑦ 물류/운반비,운반비,2025,1493462471
우아한형제들,⑦ 물류/운반비,포장비,2024,7452766025
우아한형제들,⑦ 물류/운반비,포장비,2025,5052987610
우아한형제들,⑨ 기타판관비,기타영업비용,2024,22490026485
우아한형제들,⑨ 기타판관비,기타영업비용,2025,25647843939
우아한형제들,⑨ 기타판관비,대손상각비,2024,4548478
우아한형제들,⑨ 기타판관비,대손상각비,2025,3024782567
우아한형제들,⑨ 기타판관비,보험료,2024,2951536416
우아한형제들,⑨ 기타판관비,보험료,2025,2407086686
우아한형제들,⑨ 기타판관비,상품구입비용,2024,454290000000
우아한형제들,⑨ 기타판관비,상품구입비용,2025,521350000000
우아한형제들,⑨ 기타판관비,소모품비,2024,2889728663
우아한형제들,⑨ 기타판관비,소모품비,2025,3715129907
우아한형제들,⑨ 기타판관비,통신비,2024,21597173406
우아한형제들,⑨ 기타판관비,통신비,2025,20912258058
우아한형제들,리스부채,리스부채,2024,46618634996
우아한형제들,리스부채,리스부채,2025,53520344589
우아한형제들,부채총계,부채총계,2024,888836000000
우아한형제들,부채총계,부채총계,2025,817872000000
우아한형제들,순운전자본+,기타수취채권,2024,417168000000
우아한형제들,순운전자본+,기타수취채권,2025,489223000000
우아한형제들,순운전자본+,매출채권,2024,13925605208
우아한형제들,순운전자본+,매출채권,2025,12373071158
우아한형제들,순운전자본+,현금및현금성자산,2024,813145000000
우아한형제들,순운전자본+,현금및현금성자산,2025,616563000000
우아한형제들,순운전자본-,단기차입금,2024,0
우아한형제들,순운전자본-,단기차입금,2025,10000000000
우아한형제들,순운전자본-,매입채무및기타지급채무,2024,502572000000
우아한형제들,순운전자본-,매입채무및기타지급채무,2025,392803000000
우아한형제들,영업활동현금흐름,영업활동으로인한현금흐름,2024,713201000000
우아한형제들,영업활동현금흐름,영업활동으로인한현금흐름,2025,475465000000
우아한형제들,이익잉여금,이익잉여금,2024,454008000000
우아한형제들,이익잉여금,이익잉여금,2025,410767000000
우아한형제들,자본총계,자본총계,2024,795696000000
우아한형제들,자본총계,자본총계,2025,789264000000
우아한형제들,자산총계,자산총계,2024,1684530000000
우아한형제들,자산총계,자산총계,2025,1607140000000
우아한형제들,재고자산,재고자산,2024,26339565849
우아한형제들,재고자산,재고자산,2025,22062654612
우아한형제들,재무활동현금흐름,재무활동으로인한현금흐름,2024,-617504000000
우아한형제들,재무활동현금흐름,재무활동으로인한현금흐름,2025,-524543000000
우아한형제들,투자활동현금흐름,투자활동으로인한현금흐름,2024,185320000000
우아한형제들,투자활동현금흐름,투자활동으로인한현금흐름,2025,-147384000000
우아한형제들,현금의 증감,현금및현금성자산의증가,2024,281017000000
우아한형제들,현금의 증감,현금및현금성자산의증가,2025,-196462000000
월급쟁이부자들,Ⅰ. 매출액,영업수익,2024,50830546494
월급쟁이부자들,Ⅰ. 매출액,영업수익,2025,34897486198
월급쟁이부자들,Ⅳ. 판매비와 관리비,영업비용,2024,22438400335
월급쟁이부자들,Ⅳ. 판매비와 관리비,영업비용,2025,22218071868
월급쟁이부자들,Ⅴ. 영업손익(Ⅲ - Ⅳ),영업이익,2024,28392146159
월급쟁이부자들,Ⅴ. 영업손익(Ⅲ - Ⅳ),영업이익,2025,12679414330
월급쟁이부자들,Ⅷ. 당기순손익(Ⅴ+Ⅵ-Ⅶ),당기순이익,2024,22993399242
월급쟁이부자들,Ⅷ. 당기순손익(Ⅴ+Ⅵ-Ⅶ),당기순이익,2025,12683406014
월급쟁이부자들,① 인건비,급여,2024,7364500518
월급쟁이부자들,① 인건비,급여,2025,5283187122
월급쟁이부자들,① 인건비,퇴직급여,2024,1156133817
월급쟁이부자들,① 인건비,퇴직급여,2025,792946892
월급쟁이부자들,② 복리후생비,교육훈련비,2024,102547561
월급쟁이부자들,② 복리후생비,교육훈련비,2025,45062573
월급쟁이부자들,② 복리후생비,도서인쇄비,2024,17702178
월급쟁이부자들,② 복리후생비,도서인쇄비,2025,18282393
월급쟁이부자들,② 복리후생비,복리후생비,2024,1036383895
월급쟁이부자들,② 복리후생비,복리후생비,2025,968405129
월급쟁이부자들,② 복리후생비,여비교통비,2024,28489157
월급쟁이부자들,② 복리후생비,여비교통비,2025,19916300
월급쟁이부자들,② 복리후생비,차량유지비,2024,1866500
월급쟁이부자들,② 복리후생비,차량유지비,2025,4953750
월급쟁이부자들,③ 지급/용역수수료,지급수수료,2024,6981885911
월급쟁이부자들,③ 지급/용역수수료,지급수수료,2025,7191335047
월급쟁이부자들,④ 광고선전비,광고선전비,2024,3284088863
월급쟁이부자들,④ 광고선전비,광고선전비,2025,2566269338
월급쟁이부자들,⑤ 임차/관리비,건물관리비,2024,83557068
월급쟁이부자들,⑤ 임차/관리비,건물관리비,2025,23675623
월급쟁이부자들,⑤ 임차/관리비,수도광열비,2024,2535130
월급쟁이부자들,⑤ 임차/관리비,수도광열비,2025,3690864
월급쟁이부자들,⑤ 임차/관리비,임차료,2024,516918604
월급쟁이부자들,⑤ 임차/관리비,임차료,2025,93194771
월급쟁이부자들,⑤ 임차/관리비,전력비,2024,11988766
월급쟁이부자들,⑤ 임차/관리비,전력비,2025,54951480
월급쟁이부자들,⑤ 임차/관리비,통신비,2024,8444915
월급쟁이부자들,⑤ 임차/관리비,통신비,2025,13631831
월급쟁이부자들,⑥ 감가상각비,감가상각비,2024,191559327
월급쟁이부자들,⑥ 감가상각비,감가상각비,2025,626917971
월급쟁이부자들,⑥ 감가상각비,무형자산상각비,2024,107463036
월급쟁이부자들,⑥ 감가상각비,무형자산상각비,2025,105391911
월급쟁이부자들,⑨ 기타판관비,경상개발비,2024,702229892
월급쟁이부자들,⑨ 기타판관비,경상개발비,2025,2437568254
월급쟁이부자들,⑨ 기타판관비,보험료,2024,8008480
월급쟁이부자들,⑨ 기타판관비,보험료,2025,4160867
월급쟁이부자들,⑨ 기타판관비,세금과공과금,2024,465878568
월급쟁이부자들,⑨ 기타판관비,세금과공과금,2025,416973529
월급쟁이부자들,⑨ 기타판관비,소모품비,2024,139598461
월급쟁이부자들,⑨ 기타판관비,소모품비,2025,175500252
월급쟁이부자들,⑨ 기타판관비,운반비,2024,119500
월급쟁이부자들,⑨ 기타판관비,운반비,2025,662928
월급쟁이부자들,⑨ 기타판관비,접대비,2024,100735360
월급쟁이부자들,⑨ 기타판관비,접대비,2025,75753685
월급쟁이부자들,⑨ 기타판관비,충당부채전입,2024,125764828
월급쟁이부자들,⑨ 기타판관비,충당부채전입,2025,1295639358
월급쟁이부자들,부채총계,부채총계,2024,13106631458
월급쟁이부자들,부채총계,부채총계,2025,8406223925
월급쟁이부자들,순운전자본+,단기금융상품,2024,23500000000
월급쟁이부자들,순운전자본+,단기금융상품,2025,8000000000
월급쟁이부자들,순운전자본+,단기매매증권,2024,2305292300
월급쟁이부자들,순운전자본+,단기매매증권,2025,5340638873
월급쟁이부자들,순운전자본+,매출채권,2024,2352802416
월급쟁이부자들,순운전자본+,매출채권,2025,1118012413
월급쟁이부자들,순운전자본+,미수금,2025,15802690
월급쟁이부자들,순운전자본+,현금및현금성자산,2024,26982656992
월급쟁이부자들,순운전자본+,현금및현금성자산,2025,10742729161
월급쟁이부자들,순운전자본-,미지급금,2024,1584373077
월급쟁이부자들,순운전자본-,미지급금,2025,833377969
월급쟁이부자들,순운전자본-,미지급비용,2024,725770043
월급쟁이부자들,순운전자본-,미지급비용,2025,1482095785
월급쟁이부자들,순운전자본-,부가세예수금,2024,8496766
월급쟁이부자들,순운전자본-,부가세예수금,2025,19466398
월급쟁이부자들,순운전자본-,예수금,2024,381956740
월급쟁이부자들,순운전자본-,예수금,2025,187592090
월급쟁이부자들,영업활동현금흐름,영업활동으로인한현금흐름,2024,26179537134
월급쟁이부자들,영업활동현금흐름,영업활동으로인한현금흐름,2025,8426445254
월급쟁이부자들,이익잉여금,이익잉여금,2024,57090064111
월급쟁이부자들,이익잉여금,이익잉여금,2025,69383470125
월급쟁이부자들,자본총계,자본총계,2024,60537683866
월급쟁이부자들,자본총계,자본총계,2025,75999592157
월급쟁이부자들,자산총계,자산총계,2024,73644315324
월급쟁이부자들,자산총계,자산총계,2025,84405816082
월급쟁이부자들,재무활동현금흐름,재무활동으로인한현금흐름,2024,-390000000
월급쟁이부자들,재무활동현금흐름,재무활동으로인한현금흐름,2025,-379750000
월급쟁이부자들,투자활동현금흐름,투자활동으로인한현금흐름,2024,-23996133862
월급쟁이부자들,투자활동현금흐름,투자활동으로인한현금흐름,2025,-24286623085
월급쟁이부자들,현금의 증감,현금의증가,2024,1793403272
월급쟁이부자들,현금의 증감,현금의증가,2025,-16239927831
위대한상상,Ⅰ. 매출액,영업수익,2024,275188000000
위대한상상,Ⅰ. 매출액,영업수익,2025,201120000000
위대한상상,Ⅳ. 판매비와 관리비,영업비용,2024,318296000000
위대한상상,Ⅳ. 판매비와 관리비,영업비용,2025,216396000000
위대한상상,Ⅴ. 영업손익(Ⅲ - Ⅳ),영업이익,2024,-43107676871
위대한상상,Ⅴ. 영업손익(Ⅲ - Ⅳ),영업이익,2025,-15276163004
위대한상상,Ⅷ. 당기순손익(Ⅴ+Ⅵ-Ⅶ),당기순손실,2024,-274717000000
위대한상상,Ⅷ. 당기순손익(Ⅴ+Ⅵ-Ⅶ),당기순손실,2025,-84055289329
위대한상상,Ⅷ. 당기순손익(Ⅴ+Ⅵ-Ⅶ),당기순이익,2024,-274717000000
위대한상상,Ⅷ. 당기순손익(Ⅴ+Ⅵ-Ⅶ),당기순이익,2025,-84055289329
위대한상상,① 인건비,종업원급여,2024,101597000000
위대한상상,① 인건비,종업원급여,2025,50410523099
위대한상상,② 복리후생비,교육훈련비,2024,157570773
위대한상상,② 복리후생비,교육훈련비,2025,57604939
위대한상상,③ 지급/용역수수료,외주용역비,2024,96196029516
위대한상상,③ 지급/용역수수료,외주용역비,2025,94578859094
위대한상상,③ 지급/용역수수료,지급수수료,2024,81851871834
위대한상상,③ 지급/용역수수료,지급수수료,2025,47504649541
위대한상상,④ 광고선전비,광고선전비,2024,8944618947
위대한상상,④ 광고선전비,광고선전비,2025,8278385655
위대한상상,⑤ 임차/관리비,관리비,2024,2983054066
위대한상상,⑤ 임차/관리비,관리비,2025,1737920861
위대한상상,⑤ 임차/관리비,지급임차료,2024,109726742
위대한상상,⑤ 임차/관리비,지급임차료,2025,91880862
위대한상상,⑥ 감가상각비,감가상각비,2024,8977925924
위대한상상,⑥ 감가상각비,감가상각비,2025,6100750728
위대한상상,⑥ 감가상각비,무형자산상각비,2024,6467797081
위대한상상,⑥ 감가상각비,무형자산상각비,2025,5199847470
위대한상상,⑦ 물류/운반비,운반비,2024,23203160
위대한상상,⑦ 물류/운반비,운반비,2025,2961085
위대한상상,⑨ 기타판관비,기타영업비용,2024,1564444095
위대한상상,⑨ 기타판관비,기타영업비용,2025,726104450
위대한상상,⑨ 기타판관비,대손상각비,2024,-221149455
위대한상상,⑨ 기타판관비,대손상각비,2025,-37140132
위대한상상,⑨ 기타판관비,보험료,2024,799939405
위대한상상,⑨ 기타판관비,보험료,2025,488476694
위대한상상,⑨ 기타판관비,소모품비,2024,5983394484
위대한상상,⑨ 기타판관비,소모품비,2025,94339477
위대한상상,⑨ 기타판관비,수선비,2024,1288399483
위대한상상,⑨ 기타판관비,수선비,2025,35499675
위대한상상,⑨ 기타판관비,통신비,2024,1572261136
위대한상상,⑨ 기타판관비,통신비,2025,1125463704
위대한상상,리스부채,리스부채,2024,15698014648
위대한상상,리스부채,리스부채,2025,7255099142
위대한상상,부채총계,부채총계,2024,272242000000
위대한상상,부채총계,부채총계,2025,209188000000
위대한상상,순운전자본+,미수금및기타수취채권,2024,51677880977
위대한상상,순운전자본+,미수금및기타수취채권,2025,32589275948
위대한상상,순운전자본+,현금및현금성자산,2024,120861000000
위대한상상,순운전자본+,현금및현금성자산,2025,45021721024
위대한상상,순운전자본-,미지급금및기타지급채무,2024,78081991162
위대한상상,순운전자본-,미지급금및기타지급채무,2025,63580264759
위대한상상,영업활동현금흐름,영업활동현금흐름,2024,-58277671100
위대한상상,영업활동현금흐름,영업활동현금흐름,2025,-2021542874
위대한상상,이익잉여금,이익잉여금,2024,-879266000000
위대한상상,이익잉여금,이익잉여금,2025,-963321000000
위대한상상,자본총계,자본총계,2024,144810000000
위대한상상,자본총계,자본총계,2025,60756018892
위대한상상,자산총계,자산총계,2024,417052000000
위대한상상,자산총계,자산총계,2025,269944000000
위대한상상,재무활동현금흐름,재무활동현금흐름,2024,93687288335
위대한상상,재무활동현금흐름,재무활동현금흐름,2025,-5192218138
위대한상상,투자활동현금흐름,투자활동현금흐름,2024,594186828
위대한상상,투자활동현금흐름,투자활동현금흐름,2025,-68625753333
위대한상상,현금의 증감,현금및현금성자산의순증감,2024,36003804063
위대한상상,현금의 증감,현금및현금성자산의순증감,2025,-75839514345
위메이드,Ⅰ. 매출액,영업수익,2024,711871000000
위메이드,Ⅰ. 매출액,영업수익,2025,614040000000
위메이드,Ⅳ. 판매비와 관리비,영업비용,2024,704809000000
위메이드,Ⅳ. 판매비와 관리비,영업비용,2025,603361000000
위메이드,Ⅴ. 영업손익(Ⅲ - Ⅳ),영업이익,2024,7062218897
위메이드,Ⅴ. 영업손익(Ⅲ - Ⅳ),영업이익,2025,10678082423
위메이드,Ⅷ. 당기순손익(Ⅴ+Ⅵ-Ⅶ),당기순이익,2024,181625000000
위메이드,Ⅷ. 당기순손익(Ⅴ+Ⅵ-Ⅶ),당기순이익,2025,-27040443605
위메이드,① 인건비,당기손익에포함되는퇴직급여비용,2024,14482355000
위메이드,① 인건비,당기손익에포함되는퇴직급여비용,2025,15602464000
위메이드,① 인건비,임금,2024,142709933000
위메이드,① 인건비,임금,2025,177304624000
위메이드,② 복리후생비,교육훈련비,2024,343779000
위메이드,② 복리후생비,교육훈련비,2025,292533000
위메이드,② 복리후생비,도서인쇄비,2024,25878000
위메이드,② 복리후생비,도서인쇄비,2025,38327000
위메이드,② 복리후생비,복리후생비,2024,31481260000
위메이드,② 복리후생비,복리후생비,2025,36983236000
위메이드,② 복리후생비,여비교통비,2024,1817150000
위메이드,② 복리후생비,여비교통비,2025,2120955000
위메이드,② 복리후생비,차량유지비,2024,400422000
위메이드,② 복리후생비,차량유지비,2025,314946000
위메이드,③ 지급/용역수수료,외주용역비,2024,25451343000
위메이드,③ 지급/용역수수료,외주용역비,2025,11531741000
위메이드,③ 지급/용역수수료,지급수수료,2024,301358404000
위메이드,③ 지급/용역수수료,지급수수료,2025,191580056000
위메이드,④ 광고선전비,광고선전비,2024,57544102000
위메이드,④ 광고선전비,광고선전비,2025,64236697000
위메이드,⑤ 임차/관리비,건물관리비,2024,5190833000
위메이드,⑤ 임차/관리비,건물관리비,2025,5333284000
위메이드,⑤ 임차/관리비,수도광열비,2024,6027000
위메이드,⑤ 임차/관리비,수도광열비,2025,58494000
위메이드,⑤ 임차/관리비,임차료,2024,1601882000
위메이드,⑤ 임차/관리비,임차료,2025,1363274000
위메이드,⑤ 임차/관리비,통신비,2024,42440582000
위메이드,⑤ 임차/관리비,통신비,2025,34781904000
위메이드,⑥ 감가상각비,"감가상각비,사용권자산",2024,5542277000
위메이드,⑥ 감가상각비,"감가상각비,사용권자산",2025,5012458000
위메이드,⑥ 감가상각비,"감가상각비,유형자산",2024,4193726000
위메이드,⑥ 감가상각비,"감가상각비,유형자산",2025,6445338000
위메이드,⑥ 감가상각비,"감가상각비,투자부동산",2024,1911001000
위메이드,⑥ 감가상각비,"감가상각비,투자부동산",2025,931809000
위메이드,⑥ 감가상각비,무형자산상각비,2024,9190379000
위메이드,⑥ 감가상각비,무형자산상각비,2025,33172030000
위메이드,⑦ 물류/운반비,운반비,2024,2310000
위메이드,⑦ 물류/운반비,운반비,2025,4490000
위메이드,⑨ 기타판관비,대손상각비,2024,2228034000
위메이드,⑨ 기타판관비,대손상각비,2025,131870000
위메이드,⑨ 기타판관비,보험료,2024,533911000
위메이드,⑨ 기타판관비,보험료,2025,507961000
위메이드,⑨ 기타판관비,복구충당부채전입액,2024,140517000
위메이드,⑨ 기타판관비,복구충당부채전입액,2025,76335000
위메이드,⑨ 기타판관비,세금과공과,2024,11993862000
위메이드,⑨ 기타판관비,세금과공과,2025,9596679000
위메이드,⑨ 기타판관비,소모품비,2024,971617000
위메이드,⑨ 기타판관비,소모품비,2025,1502429000
위메이드,⑨ 기타판관비,접대비,2024,2787246000
위메이드,⑨ 기타판관비,접대비,2025,1469370000
위메이드,⑨ 기타판관비,종업원주식기준보상거래로부터의비용,2024,40284724000
위메이드,⑨ 기타판관비,종업원주식기준보상거래로부터의비용,2025,2793876000
위메이드,⑨ 기타판관비,협회비,2024,174739000
위메이드,⑨ 기타판관비,협회비,2025,174169000
위메이드,⑨ 기타판관비,회의비,2024,652000
위메이드,⑨ 기타판관비,회의비,2025,73000
위메이드,리스부채,리스부채,2024,9569281228
위메이드,리스부채,리스부채,2025,5616616676
위메이드,부채총계,부채총계,2024,1043785464054
위메이드,부채총계,부채총계,2025,932994067295
위메이드,사용권자산,사용권자산,2024,10458112294
위메이드,사용권자산,사용권자산,2025,5224478813
위메이드,순운전자본+,기타유동금융자산,2024,70752282051
위메이드,순운전자본+,기타유동금융자산,2025,94208435587
위메이드,순운전자본+,당기손익-공정가치측정금융자산,2024,3171900497
위메이드,순운전자본+,당기손익-공정가치측정금융자산,2025,4376919570
위메이드,순운전자본+,매출채권,2024,116895592359
위메이드,순운전자본+,매출채권,2025,100343549245
위메이드,순운전자본+,현금및현금성자산,2024,270686029798
위메이드,순운전자본+,현금및현금성자산,2025,296472812229
위메이드,순운전자본-,기타유동금융부채,2024,97819372115
위메이드,순운전자본-,기타유동금융부채,2025,100185638347
위메이드,순운전자본-,차입금,2024,106100000000
위메이드,순운전자본-,차입금,2025,12000000000
위메이드,영업활동현금흐름,영업활동현금흐름,2024,-80206752362
위메이드,영업활동현금흐름,영업활동현금흐름,2025,64255777601
위메이드,이익잉여금,이익잉여금,2024,202676198847
위메이드,이익잉여금,이익잉여금,2025,173375418592
위메이드,자본총계,자본총계,2024,831897265007
위메이드,자본총계,자본총계,2025,812655850470
위메이드,자산총계,자산총계,2024,1875682729061
위메이드,자산총계,자산총계,2025,1745649917765
위메이드,재무활동현금흐름,재무활동현금흐름,2024,-25489008251
위메이드,재무활동현금흐름,재무활동현금흐름,2025,-12278162765
위메이드,투자활동현금흐름,투자활동현금흐름,2024,54640120406
위메이드,투자활동현금흐름,투자활동현금흐름,2025,-25901385193
위메이드,현금의 증감,환율변동효과반영전현금및현금성자산의순증가,2024,-51055640207
위메이드,현금의 증감,환율변동효과반영전현금및현금성자산의순증가,2025,26076229643
위버스브레인,Ⅰ. 매출액,매출액,2024,33634486452
위버스브레인,Ⅰ. 매출액,매출액,2025,41524258122
위버스브레인,Ⅱ. 매출원가,매출원가,2024,7048465291
위버스브레인,Ⅱ. 매출원가,매출원가,2025,5827430739
위버스브레인,Ⅲ. 매출총이익(Ⅰ - Ⅱ),매출총이익,2024,26586021161
위버스브레인,Ⅲ. 매출총이익(Ⅰ - Ⅱ),매출총이익,2025,35696827383
위버스브레인,Ⅳ. 판매비와 관리비,판매비와관리비,2024,24189475107
위버스브레인,Ⅳ. 판매비와 관리비,판매비와관리비,2025,32426379946
위버스브레인,Ⅴ. 영업손익(Ⅲ - Ⅳ),영업이익,2024,2396546054
위버스브레인,Ⅴ. 영업손익(Ⅲ - Ⅳ),영업이익,2025,3270447437
위버스브레인,Ⅷ. 당기순손익(Ⅴ+Ⅵ-Ⅶ),당기순이익,2024,946074961
위버스브레인,Ⅷ. 당기순손익(Ⅴ+Ⅵ-Ⅶ),당기순이익,2025,1073852035
위버스브레인,① 인건비,급여,2024,1559235000
위버스브레인,① 인건비,급여,2025,1719676000
위버스브레인,① 인건비,퇴직급여,2024,106411000
위버스브레인,① 인건비,퇴직급여,2025,195626000
위버스브레인,② 복리후생비,복리후생비,2024,209876000
위버스브레인,② 복리후생비,복리후생비,2025,226176000
위버스브레인,③ 지급/용역수수료,외주용역비,2024,521132000
위버스브레인,③ 지급/용역수수료,외주용역비,2025,767422000
위버스브레인,③ 지급/용역수수료,지급수수료,2024,1438407000
위버스브레인,③ 지급/용역수수료,지급수수료,2025,2148726000
위버스브레인,④ 광고선전비,광고선전비,2024,12170671000
위버스브레인,④ 광고선전비,광고선전비,2025,14760545000
위버스브레인,⑤ 임차/관리비,관리비,2024,5324000
위버스브레인,⑤ 임차/관리비,관리비,2025,5182000
위버스브레인,⑤ 임차/관리비,사용권자산감가상각비,2024,151078000
위버스브레인,⑤ 임차/관리비,사용권자산감가상각비,2025,122848000
위버스브레인,⑤ 임차/관리비,지급임차료,2024,2360000
위버스브레인,⑤ 임차/관리비,지급임차료,2025,3436000
위버스브레인,⑥ 감가상각비,감가상각비,2024,37136000
위버스브레인,⑥ 감가상각비,감가상각비,2025,37839000
위버스브레인,⑥ 감가상각비,무형자산상각비,2024,458000
위버스브레인,⑥ 감가상각비,무형자산상각비,2025,99802000
위버스브레인,⑦ 물류/운반비,운반비,2024,86536000
위버스브레인,⑦ 물류/운반비,운반비,2025,108676000
위버스브레인,⑨ 기타판관비,기타,2024,3187108000
위버스브레인,⑨ 기타판관비,기타,2025,3988299000
위버스브레인,⑨ 기타판관비,대손상각비,2024,3715418000
위버스브레인,⑨ 기타판관비,대손상각비,2025,6223039000
위버스브레인,⑨ 기타판관비,세금과공과금,2024,705582000
위버스브레인,⑨ 기타판관비,세금과공과금,2025,934369000
위버스브레인,⑨ 기타판관비,연구인력개발비,2024,125609000
위버스브레인,⑨ 기타판관비,연구인력개발비,2025,790361000
위버스브레인,⑨ 기타판관비,주식보상비용,2024,167134000
위버스브레인,⑨ 기타판관비,주식보상비용,2025,294358000
위버스브레인,리스부채,비유동리스부채,2024,3560001
위버스브레인,리스부채,비유동리스부채,2025,0
위버스브레인,리스부채,유동리스부채,2024,117040613
위버스브레인,리스부채,유동리스부채,2025,26549424
위버스브레인,부채총계,부채총계,2024,32509792793
위버스브레인,부채총계,부채총계,2025,41796004221
위버스브레인,사용권자산,사용권자산,2024,122204998
위버스브레인,사용권자산,사용권자산,2025,26246468
위버스브레인,순운전자본+,단기금융상품,2024,1339059585
위버스브레인,순운전자본+,단기금융상품,2025,12104544
위버스브레인,순운전자본+,매출채권및기타채권,2024,28742286756
위버스브레인,순운전자본+,매출채권및기타채권,2025,35264976759
위버스브레인,순운전자본+,현금및현금성자산,2024,1390085793
위버스브레인,순운전자본+,현금및현금성자산,2025,6659067079
위버스브레인,순운전자본-,단기차입금,2024,12650000000
위버스브레인,순운전자본-,단기차입금,2025,10100000000
위버스브레인,순운전자본-,매입채무및기타채무,2024,4584077318
위버스브레인,순운전자본-,매입채무및기타채무,2025,8309723715
위버스브레인,순운전자본-,유동성장기부채,2024,9806018388
위버스브레인,순운전자본-,유동성장기부채,2025,9148340079
위버스브레인,영업활동현금흐름,영업활동으로인한현금흐름,2024,-4319558747
위버스브레인,영업활동현금흐름,영업활동으로인한현금흐름,2025,-883248515
위버스브레인,이익잉여금,결손금,2024,-6176924799
위버스브레인,이익잉여금,결손금,2025,-5103072764
위버스브레인,자본총계,자본총계,2024,3718631045
위버스브레인,자본총계,자본총계,2025,5086841488
위버스브레인,자산총계,자산총계,2024,36228423838
위버스브레인,자산총계,자산총계,2025,46882845709
위버스브레인,재고자산,재고자산,2024,292169306
위버스브레인,재고자산,재고자산,2025,183414409
위버스브레인,재무활동현금흐름,재무활동으로인한현금흐름,2024,6587644760
위버스브레인,재무활동현금흐름,재무활동으로인한현금흐름,2025,4825274760
위버스브레인,투자활동현금흐름,투자활동으로인한현금흐름,2024,-1873056899
위버스브레인,투자활동현금흐름,투자활동으로인한현금흐름,2025,1326955041
위버스브레인,현금의 증감,현금및현금성자산의순증감,2024,395029114
위버스브레인,현금의 증감,현금및현금성자산의순증감,2025,5268981286
이디야,Ⅰ. 매출액,매출액,2024,241975000000
이디야,Ⅰ. 매출액,매출액,2025,238701000000
이디야,Ⅱ. 매출원가,매출원가,2024,144200000000
이디야,Ⅱ. 매출원가,매출원가,2025,143253000000
이디야,Ⅲ. 매출총이익(Ⅰ - Ⅱ),매출총이익,2024,97775544262
이디야,Ⅲ. 매출총이익(Ⅰ - Ⅱ),매출총이익,2025,95448051505
이디야,Ⅳ. 판매비와 관리비,판매비와관리비,2024,88097094951
이디야,Ⅳ. 판매비와 관리비,판매비와관리비,2025,85826810572
이디야,Ⅴ. 영업손익(Ⅲ - Ⅳ),영업이익,2024,9678449311
이디야,Ⅴ. 영업손익(Ⅲ - Ⅳ),영업이익,2025,9621240933
이디야,Ⅷ. 당기순손익(Ⅴ+Ⅵ-Ⅶ),당기순이익,2024,4516883942
이디야,Ⅷ. 당기순손익(Ⅴ+Ⅵ-Ⅶ),당기순이익,2025,5428801492
이디야,① 인건비,급여,2024,22763395841
이디야,① 인건비,급여,2025,22041152816
이디야,① 인건비,퇴직급여,2024,3286886221
이디야,① 인건비,퇴직급여,2025,3255707233
이디야,② 복리후생비,교육훈련비,2024,31629195
이디야,② 복리후생비,교육훈련비,2025,46186579
이디야,② 복리후생비,도서인쇄비,2024,219254765
이디야,② 복리후생비,도서인쇄비,2025,171877539
이디야,② 복리후생비,복리후생비,2024,3090519006
이디야,② 복리후생비,복리후생비,2025,3026393247
이디야,② 복리후생비,여비교통비,2024,1306032070
이디야,② 복리후생비,여비교통비,2025,1101176650
이디야,③ 지급/용역수수료,지급수수료,2024,6331942945
이디야,③ 지급/용역수수료,지급수수료,2025,6189115185
이디야,④ 광고선전비,광고선전비,2024,13264895108
이디야,④ 광고선전비,광고선전비,2025,13620533479
이디야,⑤ 임차/관리비,건물관리비,2024,2310187448
이디야,⑤ 임차/관리비,건물관리비,2025,2304373512
이디야,⑤ 임차/관리비,지급임차료,2024,4739903831
이디야,⑤ 임차/관리비,지급임차료,2025,4806738608
이디야,⑥ 감가상각비,감가상각비,2024,1718392388
이디야,⑥ 감가상각비,감가상각비,2025,1574194252
이디야,⑥ 감가상각비,무형자산상각비,2024,403756608
이디야,⑥ 감가상각비,무형자산상각비,2025,438168938
이디야,⑦ 물류/운반비,운반비,2024,20912642620
이디야,⑦ 물류/운반비,운반비,2025,20759581952
이디야,⑨ 기타판관비,경상연구개발비,2024,1389594079
이디야,⑨ 기타판관비,경상연구개발비,2025,837849187
이디야,⑨ 기타판관비,대손상각비,2024,199993154
이디야,⑨ 기타판관비,대손상각비,2025,-3961436
이디야,⑨ 기타판관비,보험료,2024,726389316
이디야,⑨ 기타판관비,보험료,2025,601772328
이디야,⑨ 기타판관비,세금과공과,2024,2077729423
이디야,⑨ 기타판관비,세금과공과,2025,2064378632
이디야,⑨ 기타판관비,소모품비,2024,903458535
이디야,⑨ 기타판관비,소모품비,2025,762239891
이디야,⑨ 기타판관비,접대비,2024,1739754453
이디야,⑨ 기타판관비,접대비,2025,1679490813
이디야,⑨ 기타판관비,차량유지비,2024,461436996
이디야,⑨ 기타판관비,차량유지비,2025,361567023
이디야,⑨ 기타판관비,통신비,2024,219300949
이디야,⑨ 기타판관비,통신비,2025,188274144
이디야,부채총계,부채총계,2024,102583000000
이디야,부채총계,부채총계,2025,105031000000
이디야,순운전자본+,대손충당금,2024,-478069027
이디야,순운전자본+,대손충당금,2025,-436388807
이디야,순운전자본+,매출채권,2024,18325573989
이디야,순운전자본+,매출채권,2025,18999333853
이디야,순운전자본+,미수금,2024,833580767
이디야,순운전자본+,미수금,2025,735135211
이디야,순운전자본+,현금및현금성자산,2024,369493013
이디야,순운전자본+,현금및현금성자산,2025,64700490
이디야,순운전자본-,단기차입금,2024,41900000000
이디야,순운전자본-,단기차입금,2025,54347559157
이디야,순운전자본-,매입채무,2024,12378436631
이디야,순운전자본-,매입채무,2025,14622534940
이디야,순운전자본-,미지급금,2024,5435660216
이디야,순운전자본-,미지급금,2025,5382370596
이디야,순운전자본-,미지급비용,2024,2560208220
이디야,순운전자본-,미지급비용,2025,1829232637
이디야,순운전자본-,예수금,2024,446005866
이디야,순운전자본-,예수금,2025,426040975
이디야,순운전자본-,유동성장기부채,2024,4999800000
이디야,순운전자본-,유동성장기부채,2025,4944810000
이디야,영업활동현금흐름,영업활동으로인한현금흐름,2024,5118919958
이디야,영업활동현금흐름,영업활동으로인한현금흐름,2025,-6266355459
이디야,이익잉여금,이익잉여금,2024,87133553518
이디야,이익잉여금,이익잉여금,2025,84562355010
이디야,자본총계,자본총계,2024,69869144512
이디야,자본총계,자본총계,2025,68631518806
이디야,자산총계,자산총계,2024,172452000000
이디야,자산총계,자산총계,2025,173662000000
이디야,재고자산,재고자산,2024,26264050008
이디야,재고자산,재고자산,2025,36052349612
이디야,재무활동현금흐름,재무활동으로인한현금흐름,2024,-4191300000
이디야,재무활동현금흐름,재무활동으로인한현금흐름,2025,-1282240843
이디야,투자활동현금흐름,투자활동으로인한현금흐름,2024,-1862915039
이디야,투자활동현금흐름,투자활동으로인한현금흐름,2025,7243803779
이디야,현금의 증감,현금의증가,2024,-935295081
이디야,현금의 증감,현금의증가,2025,-304792523
젝시믹스,Ⅰ. 매출액,매출액,2024,271594000000
젝시믹스,Ⅰ. 매출액,매출액,2025,274097000000
젝시믹스,Ⅱ. 매출원가,매출원가,2024,107516000000
젝시믹스,Ⅱ. 매출원가,매출원가,2025,105075000000
젝시믹스,Ⅲ. 매출총이익(Ⅰ - Ⅱ),매출총이익,2024,164078000000
젝시믹스,Ⅲ. 매출총이익(Ⅰ - Ⅱ),매출총이익,2025,169022000000
젝시믹스,Ⅳ. 판매비와 관리비,판매비와관리비,2024,139179000000
젝시믹스,Ⅳ. 판매비와 관리비,판매비와관리비,2025,151674000000
젝시믹스,Ⅴ. 영업손익(Ⅲ - Ⅳ),영업이익,2024,24899176900
젝시믹스,Ⅴ. 영업손익(Ⅲ - Ⅳ),영업이익,2025,17348590571
젝시믹스,Ⅷ. 당기순손익(Ⅴ+Ⅵ-Ⅶ),당기순이익,2024,20928643611
젝시믹스,Ⅷ. 당기순손익(Ⅴ+Ⅵ-Ⅶ),당기순이익,2025,12235117889
젝시믹스,① 인건비,급여,2024,19302258000
젝시믹스,① 인건비,급여,2025,18985092000
젝시믹스,① 인건비,퇴직급여,2024,1416104000
젝시믹스,① 인건비,퇴직급여,2025,1442919000
젝시믹스,② 복리후생비,복리후생비,2024,2868693000
젝시믹스,② 복리후생비,복리후생비,2025,2954292000
젝시믹스,③ 지급/용역수수료,외주용역비,2024,18436722000
젝시믹스,③ 지급/용역수수료,외주용역비,2025,18647296000
젝시믹스,③ 지급/용역수수료,지급수수료,2024,27963842000
젝시믹스,③ 지급/용역수수료,지급수수료,2025,30171613000
젝시믹스,④ 광고선전비,광고선전비,2024,41423329000
젝시믹스,④ 광고선전비,광고선전비,2025,51623175000
젝시믹스,④ 광고선전비,판매촉진비,2024,364543000
젝시믹스,④ 광고선전비,판매촉진비,2025,413374000
젝시믹스,⑤ 임차/관리비,지급임차료,2024,1612759000
젝시믹스,⑤ 임차/관리비,지급임차료,2025,2129445000
젝시믹스,⑥ 감가상각비,감가상각비,2024,8623446000
젝시믹스,⑥ 감가상각비,감가상각비,2025,9290740000
젝시믹스,⑥ 감가상각비,무형자산상각비,2024,521031000
젝시믹스,⑥ 감가상각비,무형자산상각비,2025,602425000
젝시믹스,⑦ 물류/운반비,운반비,2024,9412647000
젝시믹스,⑦ 물류/운반비,운반비,2025,9389548000
젝시믹스,⑨ 기타판관비,기타,2024,4132544000
젝시믹스,⑨ 기타판관비,기타,2025,3411811000
젝시믹스,⑨ 기타판관비,대손상각비,2024,74002000
젝시믹스,⑨ 기타판관비,대손상각비,2025,135411000
젝시믹스,⑨ 기타판관비,세금과공과금,2024,344360000
젝시믹스,⑨ 기타판관비,세금과공과금,2025,273123000
젝시믹스,⑨ 기타판관비,소모품비,2024,628493000
젝시믹스,⑨ 기타판관비,소모품비,2025,502263000
젝시믹스,⑨ 기타판관비,주식보상비용,2024,2053976000
젝시믹스,⑨ 기타판관비,주식보상비용,2025,1701063000
젝시믹스,리스부채,리스부채,2024,10280999763
젝시믹스,리스부채,리스부채,2025,8580918435
젝시믹스,부채총계,부채총계,2024,58195229340
젝시믹스,부채총계,부채총계,2025,55795104753
젝시믹스,사용권자산,사용권자산,2024,10370737633
젝시믹스,사용권자산,사용권자산,2025,8543083009
젝시믹스,순운전자본+,기타수취채권,2024,7210630670
젝시믹스,순운전자본+,기타수취채권,2025,7221739630
젝시믹스,순운전자본+,단기금융자산,2024,31074918400
젝시믹스,순운전자본+,단기금융자산,2025,9514061226
젝시믹스,순운전자본+,당기손익-공정가치측정금융자산,2024,0
젝시믹스,순운전자본+,당기손익-공정가치측정금융자산,2025,0
젝시믹스,순운전자본+,매출채권,2024,9771652060
젝시믹스,순운전자본+,매출채권,2025,12418624358
젝시믹스,순운전자본+,현금및현금성자산,2024,31889001780
젝시믹스,순운전자본+,현금및현금성자산,2025,33245410197
젝시믹스,순운전자본-,단기차입금,2024,1107423518
젝시믹스,순운전자본-,단기차입금,2025,2469214855
젝시믹스,순운전자본-,매입채무,2024,7226564350
젝시믹스,순운전자본-,매입채무,2025,9070581141
젝시믹스,순운전자본-,유동성장기차입금,2024,155980109
젝시믹스,순운전자본-,유동성장기차입금,2025,152840453
젝시믹스,영업활동현금흐름,영업활동으로인한현금흐름,2024,29759379975
젝시믹스,영업활동현금흐름,영업활동으로인한현금흐름,2025,2719119823
젝시믹스,이익잉여금,이익잉여금,2024,51601167613
젝시믹스,이익잉여금,이익잉여금,2025,54071173386
젝시믹스,자본총계,자본총계,2024,114464000000
젝시믹스,자본총계,자본총계,2025,119590000000
젝시믹스,자산총계,자산총계,2024,172660000000
젝시믹스,자산총계,자산총계,2025,175385000000
젝시믹스,재고자산,재고자산,2024,62773692089
젝시믹스,재고자산,재고자산,2025,84732477427
젝시믹스,재무활동현금흐름,재무활동으로인한현금흐름,2024,9573678317
젝시믹스,재무활동현금흐름,재무활동으로인한현금흐름,2025,-19586765093
젝시믹스,투자활동현금흐름,투자활동으로인한현금흐름,2024,-21855565546
젝시믹스,투자활동현금흐름,투자활동으로인한현금흐름,2025,18392901108
젝시믹스,현금의 증감,현금및현금성자산의증가,2024,17477492746
젝시믹스,현금의 증감,현금및현금성자산의증가,2025,1525255838
지마켓,Ⅰ. 매출액,매출액,2024,961223000000
지마켓,Ⅰ. 매출액,매출액,2025,740450000000
지마켓,Ⅱ. 매출원가,매출원가,2024,327758000000
지마켓,Ⅱ. 매출원가,매출원가,2025,265463000000
지마켓,Ⅲ. 매출총이익(Ⅰ - Ⅱ),매출총이익,2024,633465000000
지마켓,Ⅲ. 매출총이익(Ⅰ - Ⅱ),매출총이익,2025,474987000000
지마켓,Ⅳ. 판매비와 관리비,판매비와관리비,2024,700883000000
지마켓,Ⅳ. 판매비와 관리비,판매비와관리비,2025,597429000000
지마켓,Ⅴ. 영업손익(Ⅲ - Ⅳ),영업손실,2024,-67418013477
지마켓,Ⅴ. 영업손익(Ⅲ - Ⅳ),영업손실,2025,-122442000000
지마켓,Ⅷ. 당기순손익(Ⅴ+Ⅵ-Ⅶ),당기순손실,2024,-52745735288
지마켓,Ⅷ. 당기순손익(Ⅴ+Ⅵ-Ⅶ),당기순손실,2025,-114288000000
지마켓,① 인건비,급여,2024,116258000000
지마켓,① 인건비,급여,2025,83663883000
지마켓,① 인건비,퇴직급여,2024,9464851000
지마켓,① 인건비,퇴직급여,2025,7914294000
지마켓,② 복리후생비,복리후생비,2024,19564063000
지마켓,② 복리후생비,복리후생비,2025,17215095000
지마켓,② 복리후생비,여비교통비,2024,286837000
지마켓,② 복리후생비,여비교통비,2025,273268000
지마켓,③ 지급/용역수수료,지급수수료,2024,359231000000
지마켓,③ 지급/용역수수료,지급수수료,2025,313420000000
지마켓,④ 광고선전비,광고선전비,2024,133255000000
지마켓,④ 광고선전비,광고선전비,2025,118599000000
지마켓,④ 광고선전비,판매촉진비,2024,2068381000
지마켓,④ 광고선전비,판매촉진비,2025,484416000
지마켓,⑤ 임차/관리비,임차료,2024,132046000
지마켓,⑤ 임차/관리비,임차료,2025,73658000
지마켓,⑥ 감가상각비,감가상각비,2024,51202360000
지마켓,⑥ 감가상각비,감가상각비,2025,45705418000
지마켓,⑥ 감가상각비,무형자산상각비,2024,2645455000
지마켓,⑥ 감가상각비,무형자산상각비,2025,3506293000
지마켓,⑨ 기타판관비,기타,2024,1539241000
지마켓,⑨ 기타판관비,기타,2025,1262787000
지마켓,⑨ 기타판관비,세금과공과,2024,938798000
지마켓,⑨ 기타판관비,세금과공과,2025,924991000
지마켓,⑨ 기타판관비,통신비,2024,4295801000
지마켓,⑨ 기타판관비,통신비,2025,4385286000
지마켓,부채총계,부채총계,2024,694880000000
지마켓,부채총계,부채총계,2025,618088000000
지마켓,사용권자산,사용권자산,2024,47282763802
지마켓,사용권자산,사용권자산,2025,38839571173
지마켓,순운전자본+,매출채권및기타수취채권,2024,215546000000
지마켓,순운전자본+,매출채권및기타수취채권,2025,176665000000
지마켓,순운전자본+,현금및현금성자산,2024,433085000000
지마켓,순운전자본+,현금및현금성자산,2025,350666000000
지마켓,순운전자본-,기타단기금융부채,2024,481507000000
지마켓,순운전자본-,기타단기금융부채,2025,441878000000
지마켓,순운전자본-,매입채무및기타지급채무,2024,134238000000
지마켓,순운전자본-,매입채무및기타지급채무,2025,120516000000
지마켓,이익잉여금,이익잉여금,2024,168515000000
지마켓,이익잉여금,이익잉여금,2025,54827222590
지마켓,자본총계,자본총계,2024,176515000000
지마켓,자본총계,자본총계,2025,112811000000
지마켓,자산총계,자산총계,2024,871395000000
지마켓,자산총계,자산총계,2025,730898000000
지마켓,재고자산,재고자산,2024,25804656094
지마켓,재고자산,재고자산,2025,35182333894
지마켓,현금의 증감,현금및현금성자산의순증가,2024,20981885777
지마켓,현금의 증감,현금및현금성자산의순증가,2025,-82137739235
지에프에프지,Ⅰ. 매출액,매출액,2024,63012855069
지에프에프지,Ⅰ. 매출액,매출액,2025,50141788939
지에프에프지,Ⅱ. 매출원가,매출원가,2024,20122505259
지에프에프지,Ⅱ. 매출원가,매출원가,2025,20035346059
지에프에프지,Ⅲ. 매출총이익(Ⅰ - Ⅱ),매출총이익,2024,42890349810
지에프에프지,Ⅲ. 매출총이익(Ⅰ - Ⅱ),매출총이익,2025,30106442880
지에프에프지,Ⅳ. 판매비와 관리비,판매비와관리비,2024,42420228523
지에프에프지,Ⅳ. 판매비와 관리비,판매비와관리비,2025,38658748797
지에프에프지,Ⅴ. 영업손익(Ⅲ - Ⅳ),영업이익,2024,470121287
지에프에프지,Ⅴ. 영업손익(Ⅲ - Ⅳ),영업이익,2025,-8552305917
지에프에프지,Ⅷ. 당기순손익(Ⅴ+Ⅵ-Ⅶ),당기순손실,2024,-1148201361
지에프에프지,Ⅷ. 당기순손익(Ⅴ+Ⅵ-Ⅶ),당기순손실,2025,-15640322662
지에프에프지,① 인건비,상여금,2024,42004424
지에프에프지,① 인건비,상여금,2025,15100000
지에프에프지,① 인건비,잡급,2024,108834377
지에프에프지,① 인건비,잡급,2025,24001738
지에프에프지,① 인건비,직원급여,2024,18067494171
지에프에프지,① 인건비,직원급여,2025,13514503438
지에프에프지,① 인건비,퇴직급여,2024,1225017291
지에프에프지,① 인건비,퇴직급여,2025,1019539151
지에프에프지,② 복리후생비,교육훈련비,2024,16868775
지에프에프지,② 복리후생비,교육훈련비,2025,8735802
지에프에프지,② 복리후생비,도서인쇄비,2024,9739891
지에프에프지,② 복리후생비,도서인쇄비,2025,9889348
지에프에프지,② 복리후생비,복리후생비,2024,35013635
지에프에프지,② 복리후생비,복리후생비,2025,337585840
지에프에프지,② 복리후생비,여비교통비,2024,551797850
지에프에프지,② 복리후생비,여비교통비,2025,346391193
지에프에프지,③ 지급/용역수수료,지급수수료,2024,2083246470
지에프에프지,③ 지급/용역수수료,지급수수료,2025,3027957765
지에프에프지,③ 지급/용역수수료,판매수수료,2024,1186827550
지에프에프지,③ 지급/용역수수료,판매수수료,2025,1240921774
지에프에프지,④ 광고선전비,광고선전비,2024,925169653
지에프에프지,④ 광고선전비,광고선전비,2025,1753509410
지에프에프지,④ 광고선전비,판매촉진비,2024,94158594
지에프에프지,④ 광고선전비,판매촉진비,2025,99433308
지에프에프지,⑤ 임차/관리비,건물관리비,2024,1016348459
지에프에프지,⑤ 임차/관리비,건물관리비,2025,1166925052
지에프에프지,⑤ 임차/관리비,수도광열비,2024,514622591
지에프에프지,⑤ 임차/관리비,수도광열비,2025,589172835
지에프에프지,⑤ 임차/관리비,지급임차료,2024,6644243720
지에프에프지,⑤ 임차/관리비,지급임차료,2025,5572768937
지에프에프지,⑥ 감가상각비,감가상각비,2024,3971383773
지에프에프지,⑥ 감가상각비,감가상각비,2025,3622532423
지에프에프지,⑥ 감가상각비,무형자산상각비,2024,185994997
지에프에프지,⑥ 감가상각비,무형자산상각비,2025,266133176
지에프에프지,⑦ 물류/운반비,운반비,2024,1076703168
지에프에프지,⑦ 물류/운반비,운반비,2025,1633175698
지에프에프지,⑨ 기타판관비,경상연구개발비,2024,0
지에프에프지,⑨ 기타판관비,경상연구개발비,2025,274303
지에프에프지,⑨ 기타판관비,대손상각비,2024,19027659
지에프에프지,⑨ 기타판관비,대손상각비,2025,639579287
지에프에프지,⑨ 기타판관비,보험료,2024,1272202207
지에프에프지,⑨ 기타판관비,보험료,2025,950527849
지에프에프지,⑨ 기타판관비,샘플비,2024,56070804
지에프에프지,⑨ 기타판관비,샘플비,2025,76542476
지에프에프지,⑨ 기타판관비,세금과공과금,2024,1015402509
지에프에프지,⑨ 기타판관비,세금과공과금,2025,959260435
지에프에프지,⑨ 기타판관비,소모품비,2024,1864586664
지에프에프지,⑨ 기타판관비,소모품비,2025,1337078827
지에프에프지,⑨ 기타판관비,수선비,2024,164075952
지에프에프지,⑨ 기타판관비,수선비,2025,161234378
지에프에프지,⑨ 기타판관비,접대비,2024,61157347
지에프에프지,⑨ 기타판관비,접대비,2025,33552884
지에프에프지,⑨ 기타판관비,차량유지비,2024,162297070
지에프에프지,⑨ 기타판관비,차량유지비,2025,193080704
지에프에프지,⑨ 기타판관비,통신비,2024,49641262
지에프에프지,⑨ 기타판관비,통신비,2025,59340766
지에프에프지,⑨ 기타판관비,해외접대비,2024,297660
지에프에프지,⑨ 기타판관비,해외접대비,2025,0
지에프에프지,부채총계,부채총계,2024,25562251451
지에프에프지,부채총계,부채총계,2025,27733875525
지에프에프지,순운전자본+,미수금,2024,2910587404
지에프에프지,순운전자본+,미수금,2025,1664066932
지에프에프지,순운전자본+,외상매출금,2024,5565752390
지에프에프지,순운전자본+,외상매출금,2025,3992848630
지에프에프지,순운전자본+,현금및현금성자산,2024,5007282541
지에프에프지,순운전자본+,현금및현금성자산,2025,1595294084
지에프에프지,순운전자본-,단기차입금,2024,1063583019
지에프에프지,순운전자본-,단기차입금,2025,903583019
지에프에프지,순운전자본-,미지급금,2024,1783682024
지에프에프지,순운전자본-,미지급금,2025,1566432927
지에프에프지,순운전자본-,미지급비용,2024,2057161804
지에프에프지,순운전자본-,미지급비용,2025,1222446387
지에프에프지,순운전자본-,부가세예수금,2024,478244706
지에프에프지,순운전자본-,부가세예수금,2025,299223498
지에프에프지,순운전자본-,예수금,2024,215789103
지에프에프지,순운전자본-,예수금,2025,144570510
지에프에프지,순운전자본-,유동성장기사채,2024,0
지에프에프지,순운전자본-,유동성장기사채,2025,3000000000
지에프에프지,순운전자본-,유동성장기차입금,2024,3907529408
지에프에프지,순운전자본-,유동성장기차입금,2025,4397642741
지에프에프지,영업활동현금흐름,영업활동으로인한현금흐름,2024,1872482536
지에프에프지,영업활동현금흐름,영업활동으로인한현금흐름,2025,-4320496874
지에프에프지,이익잉여금,결손금,2024,3343572349
지에프에프지,이익잉여금,결손금,2025,18983895011
지에프에프지,자본총계,자본총계,2024,16504695602
지에프에프지,자본총계,자본총계,2025,1131806416
지에프에프지,자산총계,자산총계,2024,42066947053
지에프에프지,자산총계,자산총계,2025,28865681941
지에프에프지,재고자산,재고자산,2024,1481942069
지에프에프지,재고자산,재고자산,2025,1454507339
지에프에프지,재무활동현금흐름,재무활동으로인한현금흐름,2024,-340529408
지에프에프지,재무활동현금흐름,재무활동으로인한현금흐름,2025,3370383372
지에프에프지,투자활동현금흐름,투자활동으로인한현금흐름,2024,-5870307977
지에프에프지,투자활동현금흐름,투자활동으로인한현금흐름,2025,-2461874955
지에프에프지,현금의 증감,현금의증가,2024,-4338354849
지에프에프지,현금의 증감,현금의증가,2025,-3411988457
카카오게임즈,Ⅰ. 매출액,영업수익,2024,627227484059
카카오게임즈,Ⅰ. 매출액,영업수익,2025,465018566528
카카오게임즈,Ⅳ. 판매비와 관리비,영업비용,2024,608078620868
카카오게임즈,Ⅳ. 판매비와 관리비,영업비용,2025,504609267640
카카오게임즈,Ⅴ. 영업손익(Ⅲ - Ⅳ),영업이익,2024,19148863191
카카오게임즈,Ⅴ. 영업손익(Ⅲ - Ⅳ),영업이익,2025,-39590701112
카카오게임즈,Ⅷ. 당기순손익(Ⅴ+Ⅵ-Ⅶ),당기순이익,2024,-128088854882
카카오게임즈,Ⅷ. 당기순손익(Ⅴ+Ⅵ-Ⅶ),당기순이익,2025,-143084637075
카카오게임즈,① 인건비,급여,2024,139573312000
카카오게임즈,① 인건비,급여,2025,137463563000
카카오게임즈,① 인건비,퇴직급여,2024,11058880000
카카오게임즈,① 인건비,퇴직급여,2025,11770727000
카카오게임즈,② 복리후생비,복리후생비,2024,23563823000
카카오게임즈,② 복리후생비,복리후생비,2025,23430937000
카카오게임즈,③ 지급/용역수수료,매출연동비,2024,256265206000
카카오게임즈,③ 지급/용역수수료,매출연동비,2025,164374085000
카카오게임즈,③ 지급/용역수수료,지급수수료,2024,73081722000
카카오게임즈,③ 지급/용역수수료,지급수수료,2025,69779699000
카카오게임즈,④ 광고선전비,광고선전비,2024,40913489000
카카오게임즈,④ 광고선전비,광고선전비,2025,37409040000
카카오게임즈,⑤ 임차/관리비,건물관리비,2024,3165569000
카카오게임즈,⑤ 임차/관리비,건물관리비,2025,3226873000
카카오게임즈,⑤ 임차/관리비,리스자산상각비,2024,13254772000
카카오게임즈,⑤ 임차/관리비,리스자산상각비,2025,15311320000
카카오게임즈,⑤ 임차/관리비,지급임차료,2024,518085000
카카오게임즈,⑤ 임차/관리비,지급임차료,2025,381542000
카카오게임즈,⑥ 감가상각비,감가상각비,2024,3831677000
카카오게임즈,⑥ 감가상각비,감가상각비,2025,3972014000
카카오게임즈,⑥ 감가상각비,무형자산상각비,2024,30288583000
카카오게임즈,⑥ 감가상각비,무형자산상각비,2025,28433263000
카카오게임즈,⑨ 기타판관비,기타,2024,6801472000
카카오게임즈,⑨ 기타판관비,기타,2025,5898724000
카카오게임즈,⑨ 기타판관비,대손상각비,2024,-125000
카카오게임즈,⑨ 기타판관비,대손상각비,2025,581655000
카카오게임즈,⑨ 기타판관비,보험료,2024,1858395000
카카오게임즈,⑨ 기타판관비,보험료,2025,1739646000
카카오게임즈,⑨ 기타판관비,주식보상비용,2024,3903761000
카카오게임즈,⑨ 기타판관비,주식보상비용,2025,836180000
카카오게임즈,리스부채,비유동리스부채,2024,55419101865
카카오게임즈,리스부채,비유동리스부채,2025,71702738862
카카오게임즈,리스부채,유동리스부채,2024,13811001126
카카오게임즈,리스부채,유동리스부채,2025,16975339355
카카오게임즈,부채총계,부채총계,2024,1694881787634
카카오게임즈,부채총계,부채총계,2025,1478800075861
카카오게임즈,사용권자산,사용권자산,2024,69621175864
카카오게임즈,사용권자산,사용권자산,2025,87339186004
카카오게임즈,순운전자본+,기타유동금융자산,2024,8961947523
카카오게임즈,순운전자본+,기타유동금융자산,2025,9857105076
카카오게임즈,순운전자본+,단기금융상품,2024,30000000000
카카오게임즈,순운전자본+,단기금융상품,2025,297143983819
카카오게임즈,순운전자본+,당기손익-공정가치측정금융자산,2024,30277364871
카카오게임즈,순운전자본+,당기손익-공정가치측정금융자산,2025,105160029125
카카오게임즈,순운전자본+,매출채권,2024,43341759612
카카오게임즈,순운전자본+,매출채권,2025,24657726020
카카오게임즈,순운전자본+,현금및현금성자산,2024,604968707983
카카오게임즈,순운전자본+,현금및현금성자산,2025,492159413083
카카오게임즈,순운전자본-,기타유동금융부채,2024,3134059809
카카오게임즈,순운전자본-,기타유동금융부채,2025,3018695890
카카오게임즈,순운전자본-,단기차입금,2024,781183180119
카카오게임즈,순운전자본-,단기차입금,2025,305479052047
카카오게임즈,순운전자본-,매입채무및기타채무,2024,80708164634
카카오게임즈,순운전자본-,매입채무및기타채무,2025,66137416599
카카오게임즈,영업활동현금흐름,영업활동으로인한현금흐름,2024,27387990781
카카오게임즈,영업활동현금흐름,영업활동으로인한현금흐름,2025,-44267477380
카카오게임즈,이익잉여금,이익잉여금,2024,188098036230
카카오게임즈,이익잉여금,이익잉여금,2025,137234770119
카카오게임즈,자본총계,자본총계,2024,1478357269717
카카오게임즈,자본총계,자본총계,2025,1197974368242
카카오게임즈,자산총계,자산총계,2024,3173239057351
카카오게임즈,자산총계,자산총계,2025,2676774444103
카카오게임즈,재고자산,재고자산,2024,0
카카오게임즈,재고자산,재고자산,2025,0
카카오게임즈,재무활동현금흐름,재무활동으로인한현금흐름,2024,-137107409981
카카오게임즈,재무활동현금흐름,재무활동으로인한현금흐름,2025,-88545409077
카카오게임즈,투자활동현금흐름,투자활동으로인한현금흐름,2024,85363951354
카카오게임즈,투자활동현금흐름,투자활동으로인한현금흐름,2025,-5506157351
카카오게임즈,현금의 증감,현금및현금성자산의증가,2024,-24355467846
카카오게임즈,현금의 증감,현금및현금성자산의증가,2025,-138319043808
카카오스타일,Ⅰ. 매출액,영업수익,2024,200358000000
카카오스타일,Ⅰ. 매출액,영업수익,2025,219189000000
카카오스타일,Ⅳ. 판매비와 관리비,영업비용,2024,198131000000
카카오스타일,Ⅳ. 판매비와 관리비,영업비용,2025,213382000000
카카오스타일,Ⅴ. 영업손익(Ⅲ - Ⅳ),영업이익,2024,2227262601
카카오스타일,Ⅴ. 영업손익(Ⅲ - Ⅳ),영업이익,2025,5807911769
카카오스타일,Ⅷ. 당기순손익(Ⅴ+Ⅵ-Ⅶ),당기순이익,2024,2963328148
카카오스타일,Ⅷ. 당기순손익(Ⅴ+Ⅵ-Ⅶ),당기순이익,2025,6902035271
카카오스타일,① 인건비,급여,2024,37523182436
카카오스타일,① 인건비,급여,2025,37955674043
카카오스타일,① 인건비,퇴직급여,2024,3756177882
카카오스타일,① 인건비,퇴직급여,2025,3387139950
카카오스타일,② 복리후생비,복리후생비,2024,9625866900
카카오스타일,② 복리후생비,복리후생비,2025,9635869777
카카오스타일,③ 지급/용역수수료,지급수수료,2024,111431000000
카카오스타일,③ 지급/용역수수료,지급수수료,2025,123720000000
카카오스타일,④ 광고선전비,광고선전비,2024,25771872619
카카오스타일,④ 광고선전비,광고선전비,2025,18493447921
카카오스타일,④ 광고선전비,판매촉진비,2024,2107628040
카카오스타일,④ 광고선전비,판매촉진비,2025,9033441570
카카오스타일,⑤ 임차/관리비,임차료,2024,86427569
카카오스타일,⑤ 임차/관리비,임차료,2025,89330851
카카오스타일,⑥ 감가상각비,감가상각비,2024,3529072922
카카오스타일,⑥ 감가상각비,감가상각비,2025,3396799432
카카오스타일,⑥ 감가상각비,무형자산상각비,2024,2095027132
카카오스타일,⑥ 감가상각비,무형자산상각비,2025,2135022890
카카오스타일,⑨ 기타판관비,기타영업비용,2024,1239708734
카카오스타일,⑨ 기타판관비,기타영업비용,2025,748966807
카카오스타일,⑨ 기타판관비,상품원가,2024,990929523
카카오스타일,⑨ 기타판관비,상품원가,2025,4752194183
카카오스타일,⑨ 기타판관비,주식보상비,2024,-25363865
카카오스타일,⑨ 기타판관비,주식보상비,2025,34077359
카카오스타일,리스부채,리스부채,2024,5267544484
카카오스타일,리스부채,리스부채,2025,2889065583
카카오스타일,부채총계,부채총계,2024,76960706304
카카오스타일,부채총계,부채총계,2025,68817612978
카카오스타일,순운전자본+,단기금융상품,2024,44200000000
카카오스타일,순운전자본+,단기금융상품,2025,30700000000
카카오스타일,순운전자본+,매출채권,2024,9421870763
카카오스타일,순운전자본+,매출채권,2025,5938322354
카카오스타일,순운전자본+,미수금,2024,268647414
카카오스타일,순운전자본+,미수금,2025,464173171
카카오스타일,순운전자본+,현금및현금성자산,2024,10301125139
카카오스타일,순운전자본+,현금및현금성자산,2025,27273197437
카카오스타일,순운전자본-,미지급금,2024,56670349340
카카오스타일,순운전자본-,미지급금,2025,50066620966
카카오스타일,순운전자본-,미지급비용,2024,6206327433
카카오스타일,순운전자본-,미지급비용,2025,6808856679
카카오스타일,순운전자본-,예수금,2024,1097075979
카카오스타일,순운전자본-,예수금,2025,308369739
카카오스타일,영업활동현금흐름,영업활동으로인한현금흐름,2024,9814082884
카카오스타일,영업활동현금흐름,영업활동으로인한현금흐름,2025,5385025714
카카오스타일,이익잉여금,결손금,2024,-113100000000
카카오스타일,이익잉여금,결손금,2025,-105592000000
카카오스타일,자본총계,자본총계,2024,18881243251
카카오스타일,자본총계,자본총계,2025,26421752338
카카오스타일,자산총계,자산총계,2024,95841949555
카카오스타일,자산총계,자산총계,2025,95239365316
카카오스타일,재고자산,상품,2024,194077139
카카오스타일,재고자산,상품,2025,1941426774
카카오스타일,재무활동현금흐름,재무활동으로인한현금흐름,2024,424801458
카카오스타일,재무활동현금흐름,재무활동으로인한현금흐름,2025,-2383133301
카카오스타일,투자활동현금흐름,투자활동으로인한현금흐름,2024,-5157106469
카카오스타일,투자활동현금흐름,투자활동으로인한현금흐름,2025,14000211185
카카오스타일,현금의 증감,현금및현금성자산의순증가,2024,5081777873
카카오스타일,현금의 증감,현금및현금성자산의순증가,2025,17002103598
커피빈코리아,Ⅰ. 매출액,매출액,2024,152776000000
커피빈코리아,Ⅰ. 매출액,매출액,2025,143466000000
커피빈코리아,Ⅱ. 매출원가,매출원가,2024,73241347121
커피빈코리아,Ⅱ. 매출원가,매출원가,2025,69755386557
커피빈코리아,Ⅲ. 매출총이익(Ⅰ - Ⅱ),매출총이익,2024,79534662219
커피빈코리아,Ⅲ. 매출총이익(Ⅰ - Ⅱ),매출총이익,2025,73710519150
커피빈코리아,Ⅳ. 판매비와 관리비,판매비와관리비,2024,80640954802
커피빈코리아,Ⅳ. 판매비와 관리비,판매비와관리비,2025,77093782332
커피빈코리아,Ⅴ. 영업손익(Ⅲ - Ⅳ),영업이익,2024,-1106292583
커피빈코리아,Ⅴ. 영업손익(Ⅲ - Ⅳ),영업이익,2025,-3383263182
커피빈코리아,Ⅷ. 당기순손익(Ⅴ+Ⅵ-Ⅶ),당기순이익,2024,122478012
커피빈코리아,Ⅷ. 당기순손익(Ⅴ+Ⅵ-Ⅶ),당기순이익,2025,-5149360907
커피빈코리아,① 인건비,급여,2024,24458626000
커피빈코리아,① 인건비,급여,2025,22570462000
커피빈코리아,① 인건비,퇴직급여,2024,2201376000
커피빈코리아,① 인건비,퇴직급여,2025,3163089000
커피빈코리아,② 복리후생비,교육훈련비,2024,249138000
커피빈코리아,② 복리후생비,교육훈련비,2025,211559000
커피빈코리아,② 복리후생비,도서인쇄비,2024,174502000
커피빈코리아,② 복리후생비,도서인쇄비,2025,135693000
커피빈코리아,② 복리후생비,복리후생비,2024,4126341000
커피빈코리아,② 복리후생비,복리후생비,2025,3863906000
커피빈코리아,② 복리후생비,여비교통비,2024,186856000
커피빈코리아,② 복리후생비,여비교통비,2025,162076000
커피빈코리아,③ 지급/용역수수료,지급수수료,2024,12094489000
커피빈코리아,③ 지급/용역수수료,지급수수료,2025,11662349000
커피빈코리아,④ 광고선전비,광고선전비,2024,1566713000
커피빈코리아,④ 광고선전비,광고선전비,2025,964871000
커피빈코리아,⑤ 임차/관리비,관리비,2024,2636627000
커피빈코리아,⑤ 임차/관리비,관리비,2025,2603747000
커피빈코리아,⑤ 임차/관리비,수도광열비,2024,2570323000
커피빈코리아,⑤ 임차/관리비,수도광열비,2025,2416212000
커피빈코리아,⑤ 임차/관리비,지급임차료,2024,20509349000
커피빈코리아,⑤ 임차/관리비,지급임차료,2025,19794540000
커피빈코리아,⑥ 감가상각비,감가상각비,2024,4877934000
커피빈코리아,⑥ 감가상각비,감가상각비,2025,4532074000
커피빈코리아,⑥ 감가상각비,무형자산상각비,2024,432342000
커피빈코리아,⑥ 감가상각비,무형자산상각비,2025,390165000
커피빈코리아,⑦ 물류/운반비,운반비,2024,653398000
커피빈코리아,⑦ 물류/운반비,운반비,2025,677007000
커피빈코리아,⑨ 기타판관비,기타충당부채전입액,2024,-16553000
커피빈코리아,⑨ 기타판관비,기타충당부채전입액,2025,66819000
커피빈코리아,⑨ 기타판관비,대손상각비,2024,-16167000
커피빈코리아,⑨ 기타판관비,대손상각비,2025,-7925000
커피빈코리아,⑨ 기타판관비,보험료,2024,64270000
커피빈코리아,⑨ 기타판관비,보험료,2025,56981000
커피빈코리아,⑨ 기타판관비,복구충당부채환입액,2024,-165603000
커피빈코리아,⑨ 기타판관비,복구충당부채환입액,2025,-164701000
커피빈코리아,⑨ 기타판관비,세금과공과,2024,1551580000
커피빈코리아,⑨ 기타판관비,세금과공과,2025,1807478000
커피빈코리아,⑨ 기타판관비,소모품비,2024,1539891000
커피빈코리아,⑨ 기타판관비,소모품비,2025,1256975000
커피빈코리아,⑨ 기타판관비,수선비,2024,189379000
커피빈코리아,⑨ 기타판관비,수선비,2025,158797000
커피빈코리아,⑨ 기타판관비,접대비,2024,180928000
커피빈코리아,⑨ 기타판관비,접대비,2025,194854000
커피빈코리아,⑨ 기타판관비,차량유지비,2024,58860000
커피빈코리아,⑨ 기타판관비,차량유지비,2025,51475000
커피빈코리아,⑨ 기타판관비,통신비,2024,514793000
커피빈코리아,⑨ 기타판관비,통신비,2025,525278000
커피빈코리아,⑨ 기타판관비,회의비,2024,1564000
커피빈코리아,⑨ 기타판관비,회의비,2025,0
커피빈코리아,부채총계,부채총계,2024,87989667037
커피빈코리아,부채총계,부채총계,2025,90260854023
커피빈코리아,순운전자본+,대손충당금,2024,-52699578
커피빈코리아,순운전자본+,대손충당금,2025,-43761019
커피빈코리아,순운전자본+,매출채권,2024,4128238573
커피빈코리아,순운전자본+,매출채권,2025,3539078692
커피빈코리아,순운전자본+,미수금,2024,1141719208
커피빈코리아,순운전자본+,미수금,2025,837023162
커피빈코리아,순운전자본+,현금및현금성자산,2024,1627049130
커피빈코리아,순운전자본+,현금및현금성자산,2025,4123056702
커피빈코리아,순운전자본-,단기차입금,2024,31400000000
커피빈코리아,순운전자본-,단기차입금,2025,31400000000
커피빈코리아,순운전자본-,매입채무,2024,3260257548
커피빈코리아,순운전자본-,매입채무,2025,3245130555
커피빈코리아,순운전자본-,미지급금,2024,21143817958
커피빈코리아,순운전자본-,미지급금,2025,24451550492
커피빈코리아,순운전자본-,미지급비용,2024,67309599
커피빈코리아,순운전자본-,미지급비용,2025,56735289
커피빈코리아,순운전자본-,부가세예수금,2024,1305677235
커피빈코리아,순운전자본-,부가세예수금,2025,1390305747
커피빈코리아,순운전자본-,예수금,2024,435583202
커피빈코리아,순운전자본-,예수금,2025,358325781
커피빈코리아,순운전자본-,유동성장기차입금,2024,1500000000
커피빈코리아,순운전자본-,유동성장기차입금,2025,750000000
커피빈코리아,영업활동현금흐름,영업활동으로인한현금흐름,2024,6989472007
커피빈코리아,영업활동현금흐름,영업활동으로인한현금흐름,2025,5711135473
커피빈코리아,이익잉여금,이익잉여금,2024,42771737439
커피빈코리아,이익잉여금,이익잉여금,2025,37622376532
커피빈코리아,자본총계,자본총계,2024,56393438003
커피빈코리아,자본총계,자본총계,2025,51244077096
커피빈코리아,자산총계,자산총계,2024,144383000000
커피빈코리아,자산총계,자산총계,2025,141505000000
커피빈코리아,재고자산,재고자산,2024,9757347564
커피빈코리아,재고자산,재고자산,2025,10991645412
커피빈코리아,재무활동현금흐름,재무활동으로인한현금흐름,2024,37649750000
커피빈코리아,재무활동현금흐름,재무활동으로인한현금흐름,2025,-1450000000
커피빈코리아,투자활동현금흐름,투자활동으로인한현금흐름,2024,-49387116790
커피빈코리아,투자활동현금흐름,투자활동으로인한현금흐름,2025,-1765127901
커피빈코리아,현금의 증감,현금의증가,2024,-4747894783
커피빈코리아,현금의 증감,현금의증가,2025,2496007572
컬리,Ⅰ. 매출액,매출액,2024,2195650000000
컬리,Ⅰ. 매출액,매출액,2025,2367120000000
컬리,Ⅱ. 매출원가,매출원가,2024,1497440000000
컬리,Ⅱ. 매출원가,매출원가,2025,1578460000000
컬리,Ⅲ. 매출총이익(Ⅰ - Ⅱ),매출총이익,2024,698203000000
컬리,Ⅲ. 매출총이익(Ⅰ - Ⅱ),매출총이익,2025,788652000000
컬리,Ⅳ. 판매비와 관리비,판매비와관리비,2024,716532000000
컬리,Ⅳ. 판매비와 관리비,판매비와관리비,2025,775551000000
컬리,Ⅴ. 영업손익(Ⅲ - Ⅳ),영업손익,2024,-18329152144
컬리,Ⅴ. 영업손익(Ⅲ - Ⅳ),영업손익,2025,13100524714
컬리,Ⅷ. 당기순손익(Ⅴ+Ⅵ-Ⅶ),당기순손실,2024,-40605908113
컬리,Ⅷ. 당기순손익(Ⅴ+Ⅵ-Ⅶ),당기순손실,2025,-15355064252
컬리,① 인건비,급여,2024,204493000000
컬리,① 인건비,급여,2025,222552000000
컬리,① 인건비,기타장기종업원급여,2024,-103748000
컬리,① 인건비,기타장기종업원급여,2025,792532000
컬리,① 인건비,퇴직급여,2024,16200995000
컬리,① 인건비,퇴직급여,2025,17258425000
컬리,② 복리후생비,복리후생비,2024,23890983000
컬리,② 복리후생비,복리후생비,2025,22456769000
컬리,② 복리후생비,여비교통비,2024,335481000
컬리,② 복리후생비,여비교통비,2025,490741000
컬리,③ 지급/용역수수료,지급수수료,2024,93801853000
컬리,③ 지급/용역수수료,지급수수료,2025,100557000000
컬리,④ 광고선전비,광고선전비,2024,25592553000
컬리,④ 광고선전비,광고선전비,2025,38275968000
컬리,⑤ 임차/관리비,건물관리비,2024,8627830000
컬리,⑤ 임차/관리비,건물관리비,2025,8970664000
컬리,⑤ 임차/관리비,사용권자산감가상각비,2024,40179053000
컬리,⑤ 임차/관리비,사용권자산감가상각비,2025,40967785000
컬리,⑤ 임차/관리비,수도광열비,2024,10549173000
컬리,⑤ 임차/관리비,수도광열비,2025,10256973000
컬리,⑤ 임차/관리비,지급임차료,2024,374596000
컬리,⑤ 임차/관리비,지급임차료,2025,208199000
컬리,⑥ 감가상각비,무형자산상각비,2024,3640436000
컬리,⑥ 감가상각비,무형자산상각비,2025,3373619000
컬리,⑥ 감가상각비,유형자산감가상각비,2024,23229917000
컬리,⑥ 감가상각비,유형자산감가상각비,2025,23621005000
컬리,⑦ 물류/운반비,운반비,2024,169131000000
컬리,⑦ 물류/운반비,운반비,2025,189876000000
컬리,⑦ 물류/운반비,포장비,2024,54493865000
컬리,⑦ 물류/운반비,포장비,2025,53977833000
컬리,⑨ 기타판관비,기타,2024,2170388000
컬리,⑨ 기타판관비,기타,2025,3305682000
컬리,⑨ 기타판관비,대손상각비,2024,52111000
컬리,⑨ 기타판관비,대손상각비,2025,628000
컬리,⑨ 기타판관비,보험료,2024,7545563000
컬리,⑨ 기타판관비,보험료,2025,7964098000
컬리,⑨ 기타판관비,세금과공과,2024,23498980000
컬리,⑨ 기타판관비,세금과공과,2025,25555344000
컬리,⑨ 기타판관비,소모품비,2024,3288392000
컬리,⑨ 기타판관비,소모품비,2025,4355821000
컬리,⑨ 기타판관비,접대비,2024,365992000
컬리,⑨ 기타판관비,접대비,2025,404537000
컬리,⑨ 기타판관비,주식보상비용,2024,5153536000
컬리,⑨ 기타판관비,주식보상비용,2025,313904000
컬리,⑨ 기타판관비,차량유지비,2024,19847000
컬리,⑨ 기타판관비,차량유지비,2025,16183000
컬리,리스부채,리스부채,2024,65845914878
컬리,리스부채,리스부채,2025,63361692074
컬리,리스부채,비유동리스부채,2024,293205000000
컬리,리스부채,비유동리스부채,2025,271509000000
컬리,부채총계,부채총계,2024,735297000000
컬리,부채총계,부채총계,2025,744592000000
컬리,사용권자산,사용권자산,2024,313098000000
컬리,사용권자산,사용권자산,2025,281704000000
컬리,순운전자본+,기타수취채권,2024,41185040688
컬리,순운전자본+,기타수취채권,2025,32644536580
컬리,순운전자본+,매출채권,2024,2839501719
컬리,순운전자본+,매출채권,2025,3595231726
컬리,순운전자본+,현금및현금성자산,2024,135173000000
컬리,순운전자본+,현금및현금성자산,2025,145390000000
컬리,순운전자본-,단기차입금및유동성장기차입금,2024,23500000000
컬리,순운전자본-,단기차입금및유동성장기차입금,2025,25444000000
컬리,순운전자본-,매입채무,2024,231551000000
컬리,순운전자본-,매입채무,2025,269379000000
컬리,영업활동현금흐름,영업활동으로인한현금흐름,2024,121213000000
컬리,영업활동현금흐름,영업활동으로인한현금흐름,2025,110226000000
컬리,이익잉여금,이익잉여금,2024,51059673185
컬리,이익잉여금,이익잉여금,2025,35704608933
컬리,자본총계,자본총계,2024,100227000000
컬리,자본총계,자본총계,2025,78685911535
컬리,자산총계,자산총계,2024,835524000000
컬리,자산총계,자산총계,2025,823278000000
컬리,재고자산,재고자산,2024,67478453145
컬리,재고자산,재고자산,2025,68935390458
컬리,재무활동현금흐름,재무활동으로인한현금흐름,2024,-29972666267
컬리,재무활동현금흐름,재무활동으로인한현금흐름,2025,-50436111454
컬리,투자활동현금흐름,투자활동으로인한현금흐름,2024,-94747871033
컬리,투자활동현금흐름,투자활동으로인한현금흐름,2025,-49578623597
컬리,현금의 증감,현금및현금성자산의증가,2024,-3507338021
컬리,현금의 증감,현금및현금성자산의증가,2025,10216546193
컴투스,Ⅰ. 매출액,영업수익,2024,693943000000
컴투스,Ⅰ. 매출액,영업수익,2025,696424000000
컴투스,Ⅳ. 판매비와 관리비,영업비용,2024,687815000000
컴투스,Ⅳ. 판매비와 관리비,영업비용,2025,693790000000
컴투스,Ⅴ. 영업손익(Ⅲ - Ⅳ),영업이익,2024,6128463563
컴투스,Ⅴ. 영업손익(Ⅲ - Ⅳ),영업이익,2025,2633918673
컴투스,Ⅷ. 당기순손익(Ⅴ+Ⅵ-Ⅶ),당기순이익,2024,-151979000000
컴투스,Ⅷ. 당기순손익(Ⅴ+Ⅵ-Ⅶ),당기순이익,2025,9363716654
컴투스,① 인건비,당기손익에포함되는퇴직급여비용,2024,13705022000
컴투스,① 인건비,당기손익에포함되는퇴직급여비용,2025,13288422000
컴투스,① 인건비,임금,2024,140993000000
컴투스,① 인건비,임금,2025,153176000000
컴투스,② 복리후생비,교육훈련비,2024,769690000
컴투스,② 복리후생비,교육훈련비,2025,543273000
컴투스,② 복리후생비,도서인쇄비,2024,352900000
컴투스,② 복리후생비,도서인쇄비,2025,146473000
컴투스,② 복리후생비,복리후생비,2024,26501900000
컴투스,② 복리후생비,복리후생비,2025,27090471000
컴투스,② 복리후생비,여비교통비,2024,3942497000
컴투스,② 복리후생비,여비교통비,2025,4311528000
컴투스,③ 지급/용역수수료,외주용역비,2024,52242701000
컴투스,③ 지급/용역수수료,외주용역비,2025,76170033000
컴투스,③ 지급/용역수수료,지급수수료,2024,329642000000
컴투스,③ 지급/용역수수료,지급수수료,2025,290938000000
컴투스,④ 광고선전비,광고선전비,2024,72092458000
컴투스,④ 광고선전비,광고선전비,2025,85424769000
컴투스,④ 광고선전비,판매촉진비,2024,2825586000
컴투스,④ 광고선전비,판매촉진비,2025,2054541000
컴투스,⑤ 임차/관리비,건물관리비,2024,2090005000
컴투스,⑤ 임차/관리비,건물관리비,2025,2193592000
컴투스,⑤ 임차/관리비,임차료,2024,2182543000
컴투스,⑤ 임차/관리비,임차료,2025,2555160000
컴투스,⑤ 임차/관리비,통신비,2024,3631976000
컴투스,⑤ 임차/관리비,통신비,2025,3476080000
컴투스,⑥ 감가상각비,감가상각비,2024,13391257000
컴투스,⑥ 감가상각비,감가상각비,2025,12476268000
컴투스,⑥ 감가상각비,무형자산상각비,2024,10773517000
컴투스,⑥ 감가상각비,무형자산상각비,2025,6621687000
컴투스,⑨ 기타판관비,대손상각비,2024,681259000
컴투스,⑨ 기타판관비,대손상각비,2025,1342996000
컴투스,⑨ 기타판관비,보험료,2024,1225447000
컴투스,⑨ 기타판관비,보험료,2025,1138941000
컴투스,⑨ 기타판관비,복구충당부채전입액,2024,-93587000
컴투스,⑨ 기타판관비,복구충당부채전입액,2025,-28799000
컴투스,⑨ 기타판관비,세금과공과,2024,3685149000
컴투스,⑨ 기타판관비,세금과공과,2025,4551488000
컴투스,⑨ 기타판관비,소모품비,2024,1551265000
컴투스,⑨ 기타판관비,소모품비,2025,1526278000
컴투스,⑨ 기타판관비,잡비,2024,101879000
컴투스,⑨ 기타판관비,잡비,2025,53483000
컴투스,⑨ 기타판관비,재고자산평가손실,2024,1993177000
컴투스,⑨ 기타판관비,재고자산평가손실,2025,258405000
컴투스,⑨ 기타판관비,접대비,2024,3580064000
컴투스,⑨ 기타판관비,접대비,2025,3324062000
컴투스,⑨ 기타판관비,종업원주식기준보상거래로부터의비용,2024,-243035000
컴투스,⑨ 기타판관비,종업원주식기준보상거래로부터의비용,2025,919671000
컴투스,⑨ 기타판관비,협회비,2024,195653000
컴투스,⑨ 기타판관비,협회비,2025,237932000
컴투스,부채총계,부채총계,2024,596109000000
컴투스,부채총계,부채총계,2025,546524000000
컴투스,순운전자본+,매출채권및계약자산,2024,98334208034
컴투스,순운전자본+,매출채권및계약자산,2025,82071189751
컴투스,순운전자본+,유동성당기손익-공정가치측정금융자산,2024,40000000000
컴투스,순운전자본+,유동성당기손익-공정가치측정금융자산,2025,40197890000
컴투스,순운전자본+,현금및현금성자산,2024,152960000000
컴투스,순운전자본+,현금및현금성자산,2025,108936000000
컴투스,순운전자본-,단기차입금,2024,171839000000
컴투스,순운전자본-,단기차입금,2025,202089000000
컴투스,순운전자본-,유동성금융부채,2024,81333737068
컴투스,순운전자본-,유동성금융부채,2025,56064673503
컴투스,순운전자본-,유동성장기차입금,2024,524990000
컴투스,순운전자본-,유동성장기차입금,2025,71971429474
컴투스,영업활동현금흐름,영업활동현금흐름,2024,15528039642
컴투스,영업활동현금흐름,영업활동현금흐름,2025,-39213012905
컴투스,이익잉여금,이익잉여금,2024,848796000000
컴투스,이익잉여금,이익잉여금,2025,876995000000
컴투스,자본총계,자본총계,2024,1049870000000
컴투스,자본총계,자본총계,2025,1069100000000
컴투스,자산총계,자산총계,2024,1645980000000
컴투스,자산총계,자산총계,2025,1615620000000
컴투스,재고자산,재고자산,2024,15941625494
컴투스,재고자산,재고자산,2025,8758797958
컴투스,재무활동현금흐름,재무활동현금흐름,2024,28936051565
컴투스,재무활동현금흐름,재무활동현금흐름,2025,-10893713125
컴투스,투자활동현금흐름,투자활동현금흐름,2024,-39960842337
컴투스,투자활동현금흐름,투자활동현금흐름,2025,6822862861
컴투스,현금의 증감,현금및현금성자산의순증가,2024,4503248870
컴투스,현금의 증감,현금및현금성자산의순증가,2025,-43283863169
컴포즈커피,Ⅰ. 매출액,매출액,2024,89275658935
컴포즈커피,Ⅰ. 매출액,매출액,2025,300348000000
컴포즈커피,Ⅱ. 매출원가,매출원가,2024,27475000107
컴포즈커피,Ⅱ. 매출원가,매출원가,2025,219142000000
컴포즈커피,Ⅲ. 매출총이익(Ⅰ - Ⅱ),매출총이익,2024,61800658828
컴포즈커피,Ⅲ. 매출총이익(Ⅰ - Ⅱ),매출총이익,2025,81206773291
컴포즈커피,Ⅳ. 판매비와 관리비,판매비와관리비,2024,18939196992
컴포즈커피,Ⅳ. 판매비와 관리비,판매비와관리비,2025,41323566172
컴포즈커피,Ⅴ. 영업손익(Ⅲ - Ⅳ),영업이익,2024,42861461836
컴포즈커피,Ⅴ. 영업손익(Ⅲ - Ⅳ),영업이익,2025,39883207119
컴포즈커피,Ⅷ. 당기순손익(Ⅴ+Ⅵ-Ⅶ),당기순이익,2024,46868626686
컴포즈커피,Ⅷ. 당기순손익(Ⅴ+Ⅵ-Ⅶ),당기순이익,2025,33226398024
컴포즈커피,① 인건비,급여와임금,2024,5693360000
컴포즈커피,① 인건비,급여와임금,2025,8077729000
컴포즈커피,① 인건비,퇴직급여,2024,391414000
컴포즈커피,① 인건비,퇴직급여,2025,861230000
컴포즈커피,② 복리후생비,교육훈련비,2024,16525000
컴포즈커피,② 복리후생비,교육훈련비,2025,1230000
컴포즈커피,② 복리후생비,도서인쇄비,2024,19237000
컴포즈커피,② 복리후생비,도서인쇄비,2025,1457000
컴포즈커피,② 복리후생비,복리후생비,2024,385609000
컴포즈커피,② 복리후생비,복리후생비,2025,632192000
컴포즈커피,② 복리후생비,여비교통비,2024,89156000
컴포즈커피,② 복리후생비,여비교통비,2025,162311000
컴포즈커피,③ 지급/용역수수료,지급수수료,2024,2439948000
컴포즈커피,③ 지급/용역수수료,지급수수료,2025,3718459000
컴포즈커피,④ 광고선전비,광고선전비,2024,7746788000
컴포즈커피,④ 광고선전비,광고선전비,2025,10078689000
컴포즈커피,④ 광고선전비,판매촉진비,2024,3000
컴포즈커피,④ 광고선전비,판매촉진비,2025,0
컴포즈커피,⑤ 임차/관리비,건물관리비,2024,35946000
컴포즈커피,⑤ 임차/관리비,건물관리비,2025,163295000
컴포즈커피,⑤ 임차/관리비,수도광열비,2024,47479000
컴포즈커피,⑤ 임차/관리비,수도광열비,2025,5358000
컴포즈커피,⑤ 임차/관리비,임차료,2024,97951000
컴포즈커피,⑤ 임차/관리비,임차료,2025,122288000
컴포즈커피,⑤ 임차/관리비,정보통신비,2024,6932000
컴포즈커피,⑤ 임차/관리비,정보통신비,2025,5007000
컴포즈커피,⑥ 감가상각비,감가상각비,2024,798015000
컴포즈커피,⑥ 감가상각비,감가상각비,2025,1279368000
컴포즈커피,⑥ 감가상각비,무형자산감가상각비,2024,218015000
컴포즈커피,⑥ 감가상각비,무형자산감가상각비,2025,289715000
컴포즈커피,⑦ 물류/운반비,운반비,2024,4571000
컴포즈커피,⑦ 물류/운반비,운반비,2025,12963943000
컴포즈커피,⑨ 기타판관비,보험료,2024,278334000
컴포즈커피,⑨ 기타판관비,보험료,2025,251743000
컴포즈커피,⑨ 기타판관비,사무용품비,2024,5486000
컴포즈커피,⑨ 기타판관비,사무용품비,2025,1118000
컴포즈커피,⑨ 기타판관비,세금과공과,2024,250405000
컴포즈커피,⑨ 기타판관비,세금과공과,2025,1996083000
컴포즈커피,⑨ 기타판관비,소모품비,2024,167891000
컴포즈커피,⑨ 기타판관비,소모품비,2025,82093000
컴포즈커피,⑨ 기타판관비,수선유지비,2024,5118000
컴포즈커피,⑨ 기타판관비,수선유지비,2025,0
컴포즈커피,⑨ 기타판관비,영업활동비,2024,118751000
컴포즈커피,⑨ 기타판관비,영업활동비,2025,179964000
컴포즈커피,⑨ 기타판관비,잡비,2024,1125000
컴포즈커피,⑨ 기타판관비,잡비,2025,0
컴포즈커피,⑨ 기타판관비,차량비,2024,121138000
컴포즈커피,⑨ 기타판관비,차량비,2025,450294000
컴포즈커피,리스부채,비유동리스부채,2024,472261903
컴포즈커피,리스부채,비유동리스부채,2025,192102363
컴포즈커피,리스부채,유동리스부채,2024,612390338
컴포즈커피,리스부채,유동리스부채,2025,522487935
컴포즈커피,부채총계,부채총계,2024,16930053997
컴포즈커피,부채총계,부채총계,2025,34858277055
컴포즈커피,사용권자산,사용권자산,2024,1612508969
컴포즈커피,사용권자산,사용권자산,2025,970542907
컴포즈커피,순운전자본+,매출채권및기타채권,2024,4915657380
컴포즈커피,순운전자본+,매출채권및기타채권,2025,2621424044
컴포즈커피,순운전자본+,현금및현금성자산,2024,48029463757
컴포즈커피,순운전자본+,현금및현금성자산,2025,74655892376
컴포즈커피,순운전자본-,기타유동금융부채,2024,0
컴포즈커피,순운전자본-,기타유동금융부채,2025,0
컴포즈커피,순운전자본-,매입채무및기타채무,2024,6675338143
컴포즈커피,순운전자본-,매입채무및기타채무,2025,25614582112
컴포즈커피,영업활동현금흐름,영업활동현금흐름,2024,17006069178
컴포즈커피,영업활동현금흐름,영업활동현금흐름,2025,29881345596
컴포즈커피,자본총계,자본총계,2024,58605337892
컴포즈커피,자본총계,자본총계,2025,69740905916
컴포즈커피,자산총계,자산총계,2024,75535391889
컴포즈커피,자산총계,자산총계,2025,104599000000
컴포즈커피,재고자산,재고자산,2024,4407504407
컴포즈커피,재고자산,재고자산,2025,5572848143
컴포즈커피,재무활동현금흐름,재무활동현금흐름,2024,-507148483
컴포즈커피,재무활동현금흐름,재무활동현금흐름,2025,-673060044
컴포즈커피,투자활동현금흐름,투자활동현금흐름,2024,17323675962
컴포즈커피,투자활동현금흐름,투자활동현금흐름,2025,-2581856933
컴포즈커피,현금의 증감,현금및현금성자산의순증가,2024,33822596657
컴포즈커피,현금의 증감,현금및현금성자산의순증가,2025,26626428619
코스맥스,Ⅰ. 매출액,수익,2023,1777494448320
코스맥스,Ⅰ. 매출액,수익,2024,2166089636742
코스맥스,Ⅰ. 매출액,수익,2025,2398757972848
코스맥스,Ⅱ. 매출원가,매출원가,2023,1483847710237
코스맥스,Ⅱ. 매출원가,매출원가,2024,1747882332515
코스맥스,Ⅱ. 매출원가,매출원가,2025,1989743208026
코스맥스,Ⅲ. 매출총이익(Ⅰ - Ⅱ),매출총이익,2023,293646738083
코스맥스,Ⅲ. 매출총이익(Ⅰ - Ⅱ),매출총이익,2024,418207304227
코스맥스,Ⅲ. 매출총이익(Ⅰ - Ⅱ),매출총이익,2025,409014764822
코스맥스,Ⅳ. 판매비와 관리비,판매비와관리비,2023,177960958227
코스맥스,Ⅳ. 판매비와 관리비,판매비와관리비,2024,242812025122
코스맥스,Ⅳ. 판매비와 관리비,판매비와관리비,2025,213223103198
코스맥스,Ⅴ. 영업손익(Ⅲ - Ⅳ),영업이익,2023,115685779856
코스맥스,Ⅴ. 영업손익(Ⅲ - Ⅳ),영업이익,2024,175395279105
코스맥스,Ⅴ. 영업손익(Ⅲ - Ⅳ),영업이익,2025,195791661624
코스맥스,Ⅷ. 당기순손익(Ⅴ+Ⅵ-Ⅶ),당기순이익,2023,37799983055
코스맥스,Ⅷ. 당기순손익(Ⅴ+Ⅵ-Ⅶ),당기순이익,2024,88417411666
코스맥스,Ⅷ. 당기순손익(Ⅴ+Ⅵ-Ⅶ),당기순이익,2025,131076173228
코스맥스,① 인건비,"급여,판관비",2024,64661024661
코스맥스,① 인건비,"급여,판관비",2025,69549427605
코스맥스,① 인건비,"상여,판관비",2024,11399781084
코스맥스,① 인건비,"상여,판관비",2025,7815571477
코스맥스,① 인건비,"퇴직급여,판관비",2024,5281341085
코스맥스,① 인건비,"퇴직급여,판관비",2025,5369378522
코스맥스,② 복리후생비,"교육훈련비,판관비",2024,350124431
코스맥스,② 복리후생비,"교육훈련비,판관비",2025,638018003
코스맥스,② 복리후생비,"도서인쇄비,판관비",2024,24180395
코스맥스,② 복리후생비,"도서인쇄비,판관비",2025,25331487
코스맥스,② 복리후생비,"복리후생비,판관비",2024,11804546243
코스맥스,② 복리후생비,"복리후생비,판관비",2025,12483927553
코스맥스,② 복리후생비,"여비교통비,판관비",2024,4677423316
코스맥스,② 복리후생비,"여비교통비,판관비",2025,4643280754
코스맥스,③ 지급/용역수수료,"수출제비용,판관비",2024,420355581
코스맥스,③ 지급/용역수수료,"수출제비용,판관비",2025,616395013
코스맥스,③ 지급/용역수수료,"지급수수료,판관비",2024,87625054114
코스맥스,③ 지급/용역수수료,"지급수수료,판관비",2025,71370504199
코스맥스,④ 광고선전비,"광고선전비,판관비",2024,4203975830
코스맥스,④ 광고선전비,"광고선전비,판관비",2025,6489935904
코스맥스,⑤ 임차/관리비,"임차관리비,판관비",2024,1757072323
코스맥스,⑤ 임차/관리비,"임차관리비,판관비",2025,1050038906
코스맥스,⑥ 감가상각비,"감가상각비,판관비",2024,8674400838
코스맥스,⑥ 감가상각비,"감가상각비,판관비",2025,9345656761
코스맥스,⑥ 감가상각비,"무형자산상각비,판관비",2024,4945028606
코스맥스,⑥ 감가상각비,"무형자산상각비,판관비",2025,4252064162
코스맥스,⑦ 물류/운반비,"운반비,판관비",2024,6130518634
코스맥스,⑦ 물류/운반비,"운반비,판관비",2025,7112202829
코스맥스,⑨ 기타판관비,대손상각비,2024,17206959584
코스맥스,⑨ 기타판관비,대손상각비,2025,-1555388289
코스맥스,⑨ 기타판관비,"보험료,판관비",2024,504419925
코스맥스,⑨ 기타판관비,"보험료,판관비",2025,492768442
코스맥스,⑨ 기타판관비,"세금과공과,판관비",2024,1342262764
코스맥스,⑨ 기타판관비,"세금과공과,판관비",2025,865241823
코스맥스,⑨ 기타판관비,"소모품비,판관비",2024,4655314956
코스맥스,⑨ 기타판관비,"소모품비,판관비",2025,4489208520
코스맥스,⑨ 기타판관비,"수도광열비,판관비",2024,357844965
코스맥스,⑨ 기타판관비,"수도광열비,판관비",2025,458185720
코스맥스,⑨ 기타판관비,"수선비,판관비",2024,364883426
코스맥스,⑨ 기타판관비,"수선비,판관비",2025,383007875
코스맥스,⑨ 기타판관비,"연구개발비,판관비",2024,1471457551
코스맥스,⑨ 기타판관비,"연구개발비,판관비",2025,2337895756
코스맥스,⑨ 기타판관비,"접대비,판관비",2024,3368053999
코스맥스,⑨ 기타판관비,"접대비,판관비",2025,3422401762
코스맥스,⑨ 기타판관비,"차량유지비,판관비",2024,379556389
코스맥스,⑨ 기타판관비,"차량유지비,판관비",2025,333858198
코스맥스,⑨ 기타판관비,"통신비,판관비",2024,1206444422
코스맥스,⑨ 기타판관비,"통신비,판관비",2025,1234190216
코스맥스,부채총계,부채총계,2023,1198515835534
코스맥스,부채총계,부채총계,2024,1424903002848
코스맥스,부채총계,부채총계,2025,1513074591553
코스맥스,순운전자본+,단기금융자산,2023,51650345360
코스맥스,순운전자본+,단기금융자산,2024,46246113220
코스맥스,순운전자본+,단기금융자산,2025,42807748360
코스맥스,순운전자본+,매출채권,2023,271522375821
코스맥스,순운전자본+,매출채권,2024,349166438038
코스맥스,순운전자본+,매출채권,2025,426885433744
코스맥스,순운전자본+,현금및현금성자산,2023,256890168641
코스맥스,순운전자본+,현금및현금성자산,2024,256411937856
코스맥스,순운전자본+,현금및현금성자산,2025,192279928597
코스맥스,순운전자본-,단기금융부채,2023,529518589251
코스맥스,순운전자본-,단기금융부채,2024,609382334585
코스맥스,순운전자본-,단기금융부채,2025,772272966210
코스맥스,순운전자본-,매입채무,2023,240823168835
코스맥스,순운전자본-,매입채무,2024,231093305533
코스맥스,순운전자본-,매입채무,2025,270686139601
코스맥스,영업활동현금흐름,영업활동현금흐름,2023,231020761952
코스맥스,영업활동현금흐름,영업활동현금흐름,2024,72966186220
코스맥스,영업활동현금흐름,영업활동현금흐름,2025,86704661578
코스맥스,이익잉여금,이익잉여금,2023,313066873788
코스맥스,이익잉여금,이익잉여금,2024,383575482948
코스맥스,이익잉여금,이익잉여금,2025,483417519872
코스맥스,자본총계,자본총계,2023,358561439285
코스맥스,자본총계,자본총계,2024,508810486465
코스맥스,자본총계,자본총계,2025,612343808452
코스맥스,자산총계,자산총계,2023,1557077274819
코스맥스,자산총계,자산총계,2024,1933713489313
코스맥스,자산총계,자산총계,2025,2125418400005
코스맥스,재고자산,재고자산,2023,218401261040
코스맥스,재고자산,재고자산,2024,257029474049
코스맥스,재고자산,재고자산,2025,270823198801
코스맥스,재무활동현금흐름,재무활동현금흐름,2023,-39181921094
코스맥스,재무활동현금흐름,재무활동현금흐름,2024,67515595138
코스맥스,재무활동현금흐름,재무활동현금흐름,2025,28332445263
코스맥스,투자활동현금흐름,투자활동현금흐름,2023,-104549447579
코스맥스,투자활동현금흐름,투자활동현금흐름,2024,-160026022210
코스맥스,투자활동현금흐름,투자활동현금흐름,2025,-179427912301
코스맥스,현금의 증감,현금및현금성자산의순증가,2023,87680321736
코스맥스,현금의 증감,현금및현금성자산의순증가,2024,-675308785
코스맥스,현금의 증감,현금및현금성자산의순증가,2025,-64132009259
코스알엑스,Ⅰ. 매출액,매출액,2024,589846286459
코스알엑스,Ⅰ. 매출액,매출액,2025,456246005204
코스알엑스,Ⅱ. 매출원가,매출원가,2024,176584048773
코스알엑스,Ⅱ. 매출원가,매출원가,2025,127018552653
코스알엑스,Ⅲ. 매출총이익(Ⅰ - Ⅱ),매출총이익,2024,413262237686
코스알엑스,Ⅲ. 매출총이익(Ⅰ - Ⅱ),매출총이익,2025,329227452551
코스알엑스,Ⅳ. 판매비와 관리비,판매비와관리비,2024,236290441555
코스알엑스,Ⅳ. 판매비와 관리비,판매비와관리비,2025,215212183092
코스알엑스,Ⅴ. 영업손익(Ⅲ - Ⅳ),영업이익,2024,176971796131
코스알엑스,Ⅴ. 영업손익(Ⅲ - Ⅳ),영업이익,2025,114015269459
코스알엑스,Ⅷ. 당기순손익(Ⅴ+Ⅵ-Ⅶ),당기순이익,2024,146439454834
코스알엑스,Ⅷ. 당기순손익(Ⅴ+Ⅵ-Ⅶ),당기순이익,2025,91713999099
코스알엑스,① 인건비,급여및퇴직급여,2024,15860667000
코스알엑스,① 인건비,급여및퇴직급여,2025,18190396000
코스알엑스,② 복리후생비,복리후생비,2024,1184547000
코스알엑스,② 복리후생비,복리후생비,2025,2561703000
코스알엑스,③ 지급/용역수수료,수출비,2024,88993358000
코스알엑스,③ 지급/용역수수료,수출비,2025,68398044000
코스알엑스,③ 지급/용역수수료,지급수수료,2024,5160689000
코스알엑스,③ 지급/용역수수료,지급수수료,2025,6176650000
코스알엑스,④ 광고선전비,광고선전비및판매촉진비,2024,62162637000
코스알엑스,④ 광고선전비,광고선전비및판매촉진비,2025,67136915000
코스알엑스,⑤ 임차/관리비,임차료,2024,4318493000
코스알엑스,⑤ 임차/관리비,임차료,2025,4252895000
코스알엑스,⑥ 감가상각비,감가상각비및무형자산상각비,2024,3082572000
코스알엑스,⑥ 감가상각비,감가상각비및무형자산상각비,2025,3524853000
코스알엑스,⑦ 물류/운반비,운반비,2024,3110798000
코스알엑스,⑦ 물류/운반비,운반비,2025,2872708000
코스알엑스,⑨ 기타판관비,기타,2024,51527704
코스알엑스,⑨ 기타판관비,기타,2025,40149766000
코스알엑스,⑨ 기타판관비,세금과공과,2024,888977000
코스알엑스,⑨ 기타판관비,세금과공과,2025,1948253000
코스알엑스,리스부채,리스비유동부채,2023,4126363705
코스알엑스,리스부채,리스비유동부채,2024,2230591277
코스알엑스,리스부채,리스비유동부채,2025,166769747
코스알엑스,리스부채,리스유동부채,2023,1918769328
코스알엑스,리스부채,리스유동부채,2024,2065589145
코스알엑스,리스부채,리스유동부채,2025,2057484619
코스알엑스,부채총계,부채총계,2023,60514361405
코스알엑스,부채총계,부채총계,2024,51971123052
코스알엑스,부채총계,부채총계,2025,68679072346
코스알엑스,사용권자산,사용권자산,2023,6107013559
코스알엑스,사용권자산,사용권자산,2024,4210950771
코스알엑스,사용권자산,사용권자산,2025,2118241587
코스알엑스,순운전자본+,당기손익-공정가치측정금융자산,2024,20300535224
코스알엑스,순운전자본+,당기손익-공정가치측정금융자산,2025,29275442591
코스알엑스,순운전자본+,매출채권,2023,17369904662
코스알엑스,순운전자본+,매출채권,2024,24442751639
코스알엑스,순운전자본+,매출채권,2025,22064696790
코스알엑스,순운전자본+,현금및현금성자산,2023,177022163317
코스알엑스,순운전자본+,현금및현금성자산,2024,139173737596
코스알엑스,순운전자본+,현금및현금성자산,2025,125816520365
코스알엑스,순운전자본-,기타지급채무,2023,5113646518
코스알엑스,순운전자본-,기타지급채무,2024,6273108668
코스알엑스,순운전자본-,기타지급채무,2025,12624160215
코스알엑스,순운전자본-,매입채무,2023,8170563623
코스알엑스,순운전자본-,매입채무,2024,1682058454
코스알엑스,순운전자본-,매입채무,2025,25399806515
코스알엑스,영업활동현금흐름,영업활동으로인한현금흐름,2024,101077034895
코스알엑스,영업활동현금흐름,영업활동으로인한현금흐름,2025,137243239931
코스알엑스,이익잉여금,이익잉여금,2023,219131185407
코스알엑스,이익잉여금,이익잉여금,2024,245490889879
코스알엑스,이익잉여금,이익잉여금,2025,187515188343
코스알엑스,자본총계,자본총계,2023,228920083950
코스알엑스,자본총계,자본총계,2024,259475818490
코스알엑스,자본총계,자본총계,2025,203388420892
코스알엑스,자산총계,자산총계,2023,289434445355
코스알엑스,자산총계,자산총계,2024,311446941542
코스알엑스,자산총계,자산총계,2025,272067493238
코스알엑스,재고자산,재고자산,2023,70449321177
코스알엑스,재고자산,재고자산,2024,99355763761
코스알엑스,재고자산,재고자산,2025,70301957880
코스알엑스,재무활동현금흐름,재무활동으로인한현금흐름,2024,-120068680374
코스알엑스,재무활동현금흐름,재무활동으로인한현금흐름,2025,-150118216260
코스알엑스,투자활동현금흐름,투자활동으로인한현금흐름,2024,-22443442753
코스알엑스,투자활동현금흐름,투자활동으로인한현금흐름,2025,-2824555681
쿠팡,Ⅰ. 매출액,매출액,2024,38298800000000
쿠팡,Ⅰ. 매출액,매출액,2025,45455500000000
쿠팡,Ⅱ. 매출원가,매출원가,2024,27120500000000
쿠팡,Ⅱ. 매출원가,매출원가,2025,31285900000000
쿠팡,Ⅳ. 판매비와 관리비,영업일반관리비,2024,9553840000000
쿠팡,Ⅳ. 판매비와 관리비,영업일반관리비,2025,11881300000000
쿠팡,Ⅴ. 영업손익(Ⅲ - Ⅳ),영업이익,2024,1624520000000
쿠팡,Ⅴ. 영업손익(Ⅲ - Ⅳ),영업이익,2025,2288360000000
쿠팡,Ⅷ. 당기순손익(Ⅴ+Ⅵ-Ⅶ),당기순이익,2024,1159840000000
쿠팡,Ⅷ. 당기순손익(Ⅴ+Ⅵ-Ⅶ),당기순이익,2025,1589150000000
쿠팡,① 인건비,인건비,2024,7216540000000
쿠팡,① 인건비,인건비,2025,8849650000000
쿠팡,③ 지급/용역수수료,서비스이용수수료,2024,2938400000000
쿠팡,③ 지급/용역수수료,서비스이용수수료,2025,4234790000000
쿠팡,④ 광고선전비,광고선전비,2024,1034550000000
쿠팡,④ 광고선전비,광고선전비,2025,1262170000000
쿠팡,⑥ 감가상각비,감가상각비와무형자산상각비,2024,1212940000000
쿠팡,⑥ 감가상각비,감가상각비와무형자산상각비,2025,1569700000000
쿠팡,⑦ 물류/운반비,운반및임차료,2024,2599050000000
쿠팡,⑦ 물류/운반비,운반및임차료,2025,3046380000000
쿠팡,⑨ 기타판관비,세금과공과,2024,204150000000
쿠팡,⑨ 기타판관비,세금과공과,2025,266554000000
쿠팡,⑨ 기타판관비,소모품등매입,2024,469011000000
쿠팡,⑨ 기타판관비,소모품등매입,2025,512287000000
쿠팡,리스부채,비유동리스부채,2024,2286820000000
쿠팡,리스부채,비유동리스부채,2025,3276810000000
쿠팡,리스부채,유동리스부채,2024,542638000000
쿠팡,리스부채,유동리스부채,2025,688846000000
쿠팡,부채총계,부채총계,2024,13270200000000
쿠팡,부채총계,부채총계,2025,15962200000000
쿠팡,사용권자산,사용권자산,2024,2496110000000
쿠팡,사용권자산,사용권자산,2025,3510280000000
쿠팡,순운전자본+,기타유동금융자산,2024,224424000000
쿠팡,순운전자본+,기타유동금융자산,2025,239537000000
쿠팡,순운전자본+,단기금융자산,2024,884373000000
쿠팡,순운전자본+,단기금융자산,2025,279782000000
쿠팡,순운전자본+,매출채권,2024,353095000000
쿠팡,순운전자본+,매출채권,2025,408396000000
쿠팡,순운전자본+,현금및현금성자산,2024,5771320000000
쿠팡,순운전자본+,현금및현금성자산,2025,6910490000000
쿠팡,순운전자본-,기타유동금융부채,2024,111965000000
쿠팡,순운전자본-,기타유동금융부채,2025,101662000000
쿠팡,순운전자본-,단기차입금,2024,11808000000
쿠팡,순운전자본-,단기차입금,2025,32000000
쿠팡,순운전자본-,매입채무및기타채무,2024,7898160000000
쿠팡,순운전자본-,매입채무및기타채무,2025,8951100000000
쿠팡,순운전자본-,유동성장기차입금,2024,231000000
쿠팡,순운전자본-,유동성장기차입금,2025,0
쿠팡,영업활동현금흐름,영업활동으로인한현금흐름,2024,3742100000000
쿠팡,영업활동현금흐름,영업활동으로인한현금흐름,2025,4648750000000
쿠팡,이익잉여금,이익잉여금,2024,3508280000000
쿠팡,이익잉여금,이익잉여금,2025,3631530000000
쿠팡,자본총계,자본총계,2024,4426930000000
쿠팡,자본총계,자본총계,2025,4889090000000
쿠팡,자산총계,자산총계,2024,17697100000000
쿠팡,자산총계,자산총계,2025,20851300000000
쿠팡,재고자산,재고자산,2024,2475560000000
쿠팡,재고자산,재고자산,2025,2765300000000
쿠팡,재무활동현금흐름,재무활동으로인한현금흐름,2024,-680240000000
쿠팡,재무활동현금흐름,재무활동으로인한현금흐름,2025,-2023920000000
쿠팡,투자활동현금흐름,투자활동으로인한현금흐름,2024,-1589280000000
쿠팡,투자활동현금흐름,투자활동으로인한현금흐름,2025,-1504180000000
쿠팡,현금의 증감,현금및현금성자산의증가,2024,1472580000000
쿠팡,현금의 증감,현금및현금성자산의증가,2025,1120650000000
쿠팡로지스틱스,Ⅰ. 매출액,영업수익,2024,3834950000000
쿠팡로지스틱스,Ⅰ. 매출액,영업수익,2025,4721400000000
쿠팡로지스틱스,Ⅳ. 판매비와 관리비,영업비용,2024,3779810000000
쿠팡로지스틱스,Ⅳ. 판매비와 관리비,영업비용,2025,4591360000000
쿠팡로지스틱스,Ⅴ. 영업손익(Ⅲ - Ⅳ),영업이익,2024,55133807000
쿠팡로지스틱스,Ⅴ. 영업손익(Ⅲ - Ⅳ),영업이익,2025,130038000000
쿠팡로지스틱스,Ⅷ. 당기순손익(Ⅴ+Ⅵ-Ⅶ),당기순이익,2024,34273585000
쿠팡로지스틱스,Ⅷ. 당기순손익(Ⅴ+Ⅵ-Ⅶ),당기순이익,2025,65064416000
쿠팡로지스틱스,① 인건비,인건비,2024,1029460000000
쿠팡로지스틱스,① 인건비,인건비,2025,1248100000000
쿠팡로지스틱스,③ 지급/용역수수료,서비스이용수수료,2024,149797000000
쿠팡로지스틱스,③ 지급/용역수수료,서비스이용수수료,2025,207722000000
쿠팡로지스틱스,⑥ 감가상각비,감가상각비및무형자산상각비,2024,217226000000
쿠팡로지스틱스,⑥ 감가상각비,감가상각비및무형자산상각비,2025,285556000000
쿠팡로지스틱스,⑦ 물류/운반비,운반및임차료,2024,2331670000000
쿠팡로지스틱스,⑦ 물류/운반비,운반및임차료,2025,2791010000000
쿠팡로지스틱스,⑨ 기타판관비,기타,2024,20721037000
쿠팡로지스틱스,⑨ 기타판관비,기타,2025,20338158000
쿠팡로지스틱스,⑨ 기타판관비,세금과공과,2024,5610614000
쿠팡로지스틱스,⑨ 기타판관비,세금과공과,2025,9014966000
쿠팡로지스틱스,⑨ 기타판관비,소모품등매입,2024,25327295000
쿠팡로지스틱스,⑨ 기타판관비,소모품등매입,2025,29611778000
쿠팡로지스틱스,리스부채,비유동리스부채,2024,527925000000
쿠팡로지스틱스,리스부채,비유동리스부채,2025,732532000000
쿠팡로지스틱스,리스부채,유동리스부채,2024,139876000000
쿠팡로지스틱스,리스부채,유동리스부채,2025,197102000000
쿠팡로지스틱스,부채총계,부채총계,2024,1372460000000
쿠팡로지스틱스,부채총계,부채총계,2025,1748300000000
쿠팡로지스틱스,사용권자산,사용권자산,2024,627830000000
쿠팡로지스틱스,사용권자산,사용권자산,2025,849049000000
쿠팡로지스틱스,순운전자본+,기타유동금융자산,2024,60577347000
쿠팡로지스틱스,순운전자본+,기타유동금융자산,2025,66483700000
쿠팡로지스틱스,순운전자본+,매출채권,2024,501670000000
쿠팡로지스틱스,순운전자본+,매출채권,2025,638860000000
쿠팡로지스틱스,순운전자본+,현금및현금성자산,2024,162944000000
쿠팡로지스틱스,순운전자본+,현금및현금성자산,2025,23073523000
쿠팡로지스틱스,순운전자본-,매입채무및기타채무,2024,499297000000
쿠팡로지스틱스,순운전자본-,매입채무및기타채무,2025,558845000000
쿠팡로지스틱스,영업활동현금흐름,영업활동으로인한현금흐름,2024,200917000000
쿠팡로지스틱스,영업활동현금흐름,영업활동으로인한현금흐름,2025,301662000000
쿠팡로지스틱스,이익잉여금,이익잉여금,2024,104096000000
쿠팡로지스틱스,이익잉여금,이익잉여금,2025,169160000000
쿠팡로지스틱스,자본총계,자본총계,2024,456609000000
쿠팡로지스틱스,자본총계,자본총계,2025,537429000000
쿠팡로지스틱스,자산총계,자산총계,2024,1829070000000
쿠팡로지스틱스,자산총계,자산총계,2025,2285730000000
쿠팡로지스틱스,재무활동현금흐름,재무활동으로인한현금흐름,2024,71792667000
쿠팡로지스틱스,재무활동현금흐름,재무활동으로인한현금흐름,2025,-138167000000
쿠팡로지스틱스,투자활동현금흐름,투자활동으로인한현금흐름,2024,-173225000000
쿠팡로지스틱스,투자활동현금흐름,투자활동으로인한현금흐름,2025,-303366000000
쿠팡로지스틱스,현금의 증감,현금및현금성자산의증가,2024,99484612000
쿠팡로지스틱스,현금의 증감,현금및현금성자산의증가,2025,-139871000000
쿠팡이츠,Ⅰ. 매출액,영업수익,2024,1881920000000
쿠팡이츠,Ⅰ. 매출액,영업수익,2025,2900590000000
쿠팡이츠,Ⅳ. 판매비와 관리비,영업비용,2024,1860260000000
쿠팡이츠,Ⅳ. 판매비와 관리비,영업비용,2025,2818820000000
쿠팡이츠,Ⅴ. 영업손익(Ⅲ - Ⅳ),영업이익,2024,21658602000
쿠팡이츠,Ⅴ. 영업손익(Ⅲ - Ⅳ),영업이익,2025,81768017000
쿠팡이츠,Ⅷ. 당기순손익(Ⅴ+Ⅵ-Ⅶ),당기순이익,2024,22812973000
쿠팡이츠,Ⅷ. 당기순손익(Ⅴ+Ⅵ-Ⅶ),당기순이익,2025,61432869000
쿠팡이츠,① 인건비,인건비,2024,1100420000000
쿠팡이츠,① 인건비,인건비,2025,1350410000000
쿠팡이츠,③ 지급/용역수수료,서비스이용수수료,2024,746895000000
쿠팡이츠,③ 지급/용역수수료,서비스이용수수료,2025,1451320000000
쿠팡이츠,④ 광고선전비,광고선전비,2024,7824658000
쿠팡이츠,④ 광고선전비,광고선전비,2025,9594045000
쿠팡이츠,⑥ 감가상각비,감가상각비와무형자산상각비,2024,2074598000
쿠팡이츠,⑥ 감가상각비,감가상각비와무형자산상각비,2025,2134586000
쿠팡이츠,⑦ 물류/운반비,운반및임차료,2024,750717000
쿠팡이츠,⑦ 물류/운반비,운반및임차료,2025,499133000
쿠팡이츠,⑨ 기타판관비,기타,2024,1788391000
쿠팡이츠,⑨ 기타판관비,기타,2025,2127254000
쿠팡이츠,⑨ 기타판관비,세금과공과,2024,189978000
쿠팡이츠,⑨ 기타판관비,세금과공과,2025,2225126000
쿠팡이츠,⑨ 기타판관비,소모품등매입,2024,310735000
쿠팡이츠,⑨ 기타판관비,소모품등매입,2025,505105000
쿠팡이츠,리스부채,비유동리스부채,2024,70507000
쿠팡이츠,리스부채,비유동리스부채,2025,3640378000
쿠팡이츠,리스부채,유동리스부채,2024,890605000
쿠팡이츠,리스부채,유동리스부채,2025,970353000
쿠팡이츠,부채총계,부채총계,2024,136752000000
쿠팡이츠,부채총계,부채총계,2025,200810000000
쿠팡이츠,사용권자산,사용권자산,2024,912661000
쿠팡이츠,사용권자산,사용권자산,2025,4609954000
쿠팡이츠,순운전자본+,기타유동금융자산,2024,1310849000
쿠팡이츠,순운전자본+,기타유동금융자산,2025,18019050000
쿠팡이츠,순운전자본+,매출채권,2024,125534000000
쿠팡이츠,순운전자본+,매출채권,2025,171975000000
쿠팡이츠,순운전자본+,현금및현금성자산,2024,42985055000
쿠팡이츠,순운전자본+,현금및현금성자산,2025,101070000000
쿠팡이츠,순운전자본-,매입채무및기타채무,2024,96328919000
쿠팡이츠,순운전자본-,매입채무및기타채무,2025,140125000000
쿠팡이츠,영업활동현금흐름,영업활동으로인한현금흐름,2024,12933052000
쿠팡이츠,영업활동현금흐름,영업활동으로인한현금흐름,2025,59745757000
쿠팡이츠,이익잉여금,이익잉여금,2024,29899616000
쿠팡이츠,이익잉여금,이익잉여금,2025,91332485000
쿠팡이츠,자본총계,자본총계,2024,40242278000
쿠팡이츠,자본총계,자본총계,2025,103504000000
쿠팡이츠,자산총계,자산총계,2024,176994000000
쿠팡이츠,자산총계,자산총계,2025,304314000000
쿠팡이츠,재무활동현금흐름,재무활동으로인한현금흐름,2024,-1034318000
쿠팡이츠,재무활동현금흐름,재무활동으로인한현금흐름,2025,-1190919000
쿠팡이츠,투자활동현금흐름,투자활동으로인한현금흐름,2024,-2966038000
쿠팡이츠,투자활동현금흐름,투자활동으로인한현금흐름,2025,-472358000
쿠팡이츠,현금의 증감,현금및현금성자산의증가,2024,8932696000
쿠팡이츠,현금의 증감,현금및현금성자산의증가,2025,58082480000
쿠팡페이,Ⅰ. 매출액,영업수익,2024,1124800000000
쿠팡페이,Ⅰ. 매출액,영업수익,2025,1416960000000
쿠팡페이,Ⅳ. 판매비와 관리비,영업비용,2024,1068720000000
쿠팡페이,Ⅳ. 판매비와 관리비,영업비용,2025,1331640000000
쿠팡페이,Ⅴ. 영업손익(Ⅲ - Ⅳ),영업이익,2024,56084000000
쿠팡페이,Ⅴ. 영업손익(Ⅲ - Ⅳ),영업이익,2025,85321000000
쿠팡페이,Ⅷ. 당기순손익(Ⅴ+Ⅵ-Ⅶ),당기순이익,2024,127142000000
쿠팡페이,Ⅷ. 당기순손익(Ⅴ+Ⅵ-Ⅶ),당기순이익,2025,128720000000
쿠팡페이,① 인건비,인건비,2024,40517000000
쿠팡페이,① 인건비,인건비,2025,59968000000
쿠팡페이,③ 지급/용역수수료,서비스이용수수료,2024,1019170000000
쿠팡페이,③ 지급/용역수수료,서비스이용수수료,2025,1259560000000
쿠팡페이,⑤ 임차/관리비,임차료,2024,1313000000
쿠팡페이,⑤ 임차/관리비,임차료,2025,1426000000
쿠팡페이,⑥ 감가상각비,감가상각비와무형자산상각비,2024,4917000000
쿠팡페이,⑥ 감가상각비,감가상각비와무형자산상각비,2025,4972000000
쿠팡페이,⑨ 기타판관비,기타,2024,2140000000
쿠팡페이,⑨ 기타판관비,기타,2025,2659000000
쿠팡페이,⑨ 기타판관비,세금과공과,2024,448000000
쿠팡페이,⑨ 기타판관비,세금과공과,2025,2894000000
쿠팡페이,⑨ 기타판관비,소모품등매입,2024,212000000
쿠팡페이,⑨ 기타판관비,소모품등매입,2025,154000000
쿠팡페이,리스부채,비유동리스부채,2024,1546000000
쿠팡페이,리스부채,비유동리스부채,2025,767000000
쿠팡페이,리스부채,유동리스부채,2024,1313000000
쿠팡페이,리스부채,유동리스부채,2025,1835000000
쿠팡페이,부채총계,부채총계,2024,3477030000000
쿠팡페이,부채총계,부채총계,2025,3987940000000
쿠팡페이,사용권자산,사용권자산,2024,2796000000
쿠팡페이,사용권자산,사용권자산,2025,2509000000
쿠팡페이,순운전자본+,기타유동금융자산,2024,232883000000
쿠팡페이,순운전자본+,기타유동금융자산,2025,311866000000
쿠팡페이,순운전자본+,단기금융자산,2024,350000000000
쿠팡페이,순운전자본+,단기금융자산,2025,50000000000
쿠팡페이,순운전자본+,매출채권,2024,241342000000
쿠팡페이,순운전자본+,매출채권,2025,278714000000
쿠팡페이,순운전자본+,현금및현금성자산,2024,2982310000000
쿠팡페이,순운전자본+,현금및현금성자산,2025,3612520000000
쿠팡페이,순운전자본-,매입채무및기타채무,2024,3332840000000
쿠팡페이,순운전자본-,매입채무및기타채무,2025,3847220000000
쿠팡페이,영업활동현금흐름,영업활동으로인한현금흐름,2024,813732000000
쿠팡페이,영업활동현금흐름,영업활동으로인한현금흐름,2025,549410000000
쿠팡페이,이익잉여금,이익잉여금,2024,353874000000
쿠팡페이,이익잉여금,이익잉여금,2025,302594000000
쿠팡페이,자본총계,자본총계,2024,396248000000
쿠팡페이,자본총계,자본총계,2025,357125000000
쿠팡페이,자산총계,자산총계,2024,3873280000000
쿠팡페이,자산총계,자산총계,2025,4345070000000
쿠팡페이,재무활동현금흐름,재무활동으로인한현금흐름,2024,-936000000
쿠팡페이,재무활동현금흐름,재무활동으로인한현금흐름,2025,-181630000000
쿠팡페이,투자활동현금흐름,투자활동으로인한현금흐름,2024,-104914000000
쿠팡페이,투자활동현금흐름,투자활동으로인한현금흐름,2025,260699000000
쿠팡페이,현금의 증감,현금및현금성자산의증가,2024,707882000000
쿠팡페이,현금의 증감,현금및현금성자산의증가,2025,628479000000
쿠팡풀필먼트,Ⅰ. 매출액,영업수익,2024,4373840000000
쿠팡풀필먼트,Ⅰ. 매출액,영업수익,2025,5546290000000
쿠팡풀필먼트,Ⅳ. 판매비와 관리비,영업비용,2024,4293940000000
쿠팡풀필먼트,Ⅳ. 판매비와 관리비,영업비용,2025,5342360000000
쿠팡풀필먼트,Ⅴ. 영업손익(Ⅲ - Ⅳ),영업이익,2024,79900564000
쿠팡풀필먼트,Ⅴ. 영업손익(Ⅲ - Ⅳ),영업이익,2025,203927000000
쿠팡풀필먼트,Ⅷ. 당기순손익(Ⅴ+Ⅵ-Ⅶ),당기순이익,2024,110158000000
쿠팡풀필먼트,Ⅷ. 당기순손익(Ⅴ+Ⅵ-Ⅶ),당기순이익,2025,100911000000
쿠팡풀필먼트,① 인건비,인건비,2024,2667840000000
쿠팡풀필먼트,① 인건비,인건비,2025,3101680000000
쿠팡풀필먼트,③ 지급/용역수수료,서비스이용수수료,2024,512047000000
쿠팡풀필먼트,③ 지급/용역수수료,서비스이용수수료,2025,722053000000
쿠팡풀필먼트,⑥ 감가상각비,감가상각비와무형자산상각비,2024,267193000000
쿠팡풀필먼트,⑥ 감가상각비,감가상각비와무형자산상각비,2025,396740000000
쿠팡풀필먼트,⑦ 물류/운반비,운반및임차료,2024,688275000000
쿠팡풀필먼트,⑦ 물류/운반비,운반및임차료,2025,918700000000
쿠팡풀필먼트,⑨ 기타판관비,기타,2024,82158127000
쿠팡풀필먼트,⑨ 기타판관비,기타,2025,125044000000
쿠팡풀필먼트,⑨ 기타판관비,세금과공과,2024,10752330000
쿠팡풀필먼트,⑨ 기타판관비,세금과공과,2025,15161269000
쿠팡풀필먼트,⑨ 기타판관비,소모품등매입,2024,36199535000
쿠팡풀필먼트,⑨ 기타판관비,소모품등매입,2025,39254423000
쿠팡풀필먼트,리스부채,비유동리스부채,2024,734194000000
쿠팡풀필먼트,리스부채,비유동리스부채,2025,1378800000000
쿠팡풀필먼트,리스부채,유동리스부채,2024,247505000000
쿠팡풀필먼트,리스부채,유동리스부채,2025,365796000000
쿠팡풀필먼트,부채총계,부채총계,2024,2053870000000
쿠팡풀필먼트,부채총계,부채총계,2025,2965740000000
쿠팡풀필먼트,사용권자산,사용권자산,2024,911527000000
쿠팡풀필먼트,사용권자산,사용권자산,2025,1649640000000
쿠팡풀필먼트,순운전자본+,기타유동금융자산,2024,75709558000
쿠팡풀필먼트,순운전자본+,기타유동금융자산,2025,127645000000
쿠팡풀필먼트,순운전자본+,단기금융자산,2024,27500000000
쿠팡풀필먼트,순운전자본+,단기금융자산,2025,0
쿠팡풀필먼트,순운전자본+,매출채권,2024,705138000000
쿠팡풀필먼트,순운전자본+,매출채권,2025,879620000000
쿠팡풀필먼트,순운전자본+,현금및현금성자산,2024,10631955000
쿠팡풀필먼트,순운전자본+,현금및현금성자산,2025,18944423000
쿠팡풀필먼트,순운전자본-,단기차입금,2024,11808000000
쿠팡풀필먼트,순운전자본-,단기차입금,2025,0
쿠팡풀필먼트,순운전자본-,매입채무및기타채무,2024,608290000000
쿠팡풀필먼트,순운전자본-,매입채무및기타채무,2025,701274000000
쿠팡풀필먼트,영업활동현금흐름,영업활동으로인한현금흐름,2024,420145000000
쿠팡풀필먼트,영업활동현금흐름,영업활동으로인한현금흐름,2025,503070000000
쿠팡풀필먼트,이익잉여금,이익잉여금,2024,247937000000
쿠팡풀필먼트,이익잉여금,이익잉여금,2025,348848000000
쿠팡풀필먼트,자본총계,자본총계,2024,316158000000
쿠팡풀필먼트,자본총계,자본총계,2025,557641000000
쿠팡풀필먼트,자산총계,자산총계,2024,2370030000000
쿠팡풀필먼트,자산총계,자산총계,2025,3523380000000
쿠팡풀필먼트,재고자산,재고자산,2024,353427000
쿠팡풀필먼트,재고자산,재고자산,2025,224605000
쿠팡풀필먼트,재무활동현금흐름,재무활동으로인한현금흐름,2024,-248811000000
쿠팡풀필먼트,재무활동현금흐름,재무활동으로인한현금흐름,2025,-256394000000
쿠팡풀필먼트,투자활동현금흐름,투자활동으로인한현금흐름,2024,-219072000000
쿠팡풀필먼트,투자활동현금흐름,투자활동으로인한현금흐름,2025,-238364000000
쿠팡풀필먼트,현금의 증감,현금및현금성자산의증가,2024,-47737687000
쿠팡풀필먼트,현금의 증감,현금및현금성자산의증가,2025,8312468000
크래프톤,Ⅰ. 매출액,영업수익,2024,2709770000000
크래프톤,Ⅰ. 매출액,영업수익,2025,3326550000000
크래프톤,Ⅳ. 판매비와 관리비,영업비용,2024,1527290000000
크래프톤,Ⅳ. 판매비와 관리비,영업비용,2025,2272170000000
크래프톤,Ⅴ. 영업손익(Ⅲ - Ⅳ),영업이익,2024,1182490000000
크래프톤,Ⅴ. 영업손익(Ⅲ - Ⅳ),영업이익,2025,1054380000000
크래프톤,Ⅷ. 당기순손익(Ⅴ+Ⅵ-Ⅶ),당기순이익,2024,1302590000000
크래프톤,Ⅷ. 당기순손익(Ⅴ+Ⅵ-Ⅶ),당기순이익,2025,733704000000
크래프톤,① 인건비,급여및상여,2024,387172000000
크래프톤,① 인건비,급여및상여,2025,493411000000
크래프톤,① 인건비,퇴직급여,2024,33642399000
크래프톤,① 인건비,퇴직급여,2025,40646098000
크래프톤,② 복리후생비,복리후생비,2024,95962744000
크래프톤,② 복리후생비,복리후생비,2025,200638000000
크래프톤,② 복리후생비,여비교통비,2024,10928356000
크래프톤,② 복리후생비,여비교통비,2025,17054496000
크래프톤,③ 지급/용역수수료,앱수수료/매출원가,2024,349293000000
크래프톤,③ 지급/용역수수료,앱수수료/매출원가,2025,421318000000
크래프톤,③ 지급/용역수수료,지급수수료,2024,316069000000
크래프톤,③ 지급/용역수수료,지급수수료,2025,712338000000
크래프톤,④ 광고선전비,광고선전비,2024,101437000000
크래프톤,④ 광고선전비,광고선전비,2025,144060000000
크래프톤,⑥ 감가상각비,감가상각비,2024,83090693000
크래프톤,⑥ 감가상각비,감가상각비,2025,108489000000
크래프톤,⑥ 감가상각비,무형자산상각비,2024,21583796000
크래프톤,⑥ 감가상각비,무형자산상각비,2025,35571218000
크래프톤,⑥ 감가상각비,투자부동산상각비,2024,1765953000
크래프톤,⑥ 감가상각비,투자부동산상각비,2025,1842011000
크래프톤,⑨ 기타판관비,기타영업비용,2024,15742654000
크래프톤,⑨ 기타판관비,기타영업비용,2025,34149063000
크래프톤,⑨ 기타판관비,대손상각비,2024,-82043000
크래프톤,⑨ 기타판관비,대손상각비,2025,-189405000
크래프톤,⑨ 기타판관비,보험료,2024,6742416000
크래프톤,⑨ 기타판관비,보험료,2025,10524922000
크래프톤,⑨ 기타판관비,소모품비,2024,1532889000
크래프톤,⑨ 기타판관비,소모품비,2025,2697267000
크래프톤,⑨ 기타판관비,주식보상비용,2024,102405000000
크래프톤,⑨ 기타판관비,주식보상비용,2025,49623103000
크래프톤,부채총계,부채총계,2024,1090330000000
크래프톤,부채총계,부채총계,2025,2249500000000
크래프톤,순운전자본+,기타유동금융자산,2024,140259000000
크래프톤,순운전자본+,기타유동금융자산,2025,181806000000
크래프톤,순운전자본+,매출채권,2024,1006750000000
크래프톤,순운전자본+,매출채권,2025,1338720000000
크래프톤,순운전자본+,유동성당기손익-공정가치측정금융자산,2024,3190300000000
크래프톤,순운전자본+,유동성당기손익-공정가치측정금융자산,2025,2583930000000
크래프톤,순운전자본+,현금및현금성자산,2024,581660000000
크래프톤,순운전자본+,현금및현금성자산,2025,596726000000
크래프톤,순운전자본-,기타유동금융부채,2024,291074000000
크래프톤,순운전자본-,기타유동금융부채,2025,930962000000
크래프톤,순운전자본-,유동성당기손익-공정가치측정금융부채,2024,27799840320
크래프톤,순운전자본-,유동성당기손익-공정가치측정금융부채,2025,0
크래프톤,순운전자본-,유동성사채및단기차입금,2024,7000000000
크래프톤,순운전자본-,유동성사채및단기차입금,2025,253883000000
크래프톤,영업활동현금흐름,영업활동으로인한현금흐름,2024,907929000000
크래프톤,영업활동현금흐름,영업활동으로인한현금흐름,2025,1045100000000
크래프톤,이익잉여금,이익잉여금,2024,5081460000000
크래프톤,이익잉여금,이익잉여금,2025,5637470000000
크래프톤,자본총계,자본총계,2024,6829130000000
크래프톤,자본총계,자본총계,2025,7184140000000
크래프톤,자산총계,자산총계,2024,7919460000000
크래프톤,자산총계,자산총계,2025,9433650000000
크래프톤,재무활동현금흐름,재무활동으로인한현금흐름,2024,-258658000000
크래프톤,재무활동현금흐름,재무활동으로인한현금흐름,2025,-451940000000
크래프톤,투자활동현금흐름,투자활동으로인한현금흐름,2024,-831616000000
크래프톤,투자활동현금흐름,투자활동으로인한현금흐름,2025,-579593000000
크래프톤,현금의 증감,현금및현금성자산의증가,2024,-182345000000
크래프톤,현금의 증감,현금및현금성자산의증가,2025,13571134499
클래스101,Ⅰ. 매출액,영업수익,2024,30972938089
클래스101,Ⅰ. 매출액,영업수익,2025,28225974358
클래스101,Ⅳ. 판매비와 관리비,영업비용,2024,27033991065
클래스101,Ⅳ. 판매비와 관리비,영업비용,2025,26820077493
클래스101,Ⅴ. 영업손익(Ⅲ - Ⅳ),영업이익,2024,3938947024
클래스101,Ⅴ. 영업손익(Ⅲ - Ⅳ),영업이익,2025,1405896865
클래스101,Ⅷ. 당기순손익(Ⅴ+Ⅵ-Ⅶ),당기순이익,2024,1815513468
클래스101,Ⅷ. 당기순손익(Ⅴ+Ⅵ-Ⅶ),당기순이익,2025,225345862
클래스101,① 인건비,급여,2024,5511746000
클래스101,① 인건비,급여,2025,6575317000
클래스101,① 인건비,퇴직급여,2024,439755000
클래스101,① 인건비,퇴직급여,2025,455933000
클래스101,② 복리후생비,복리후생비,2024,749521000
클래스101,② 복리후생비,복리후생비,2025,777801000
클래스101,② 복리후생비,여비교통비,2024,98115000
클래스101,② 복리후생비,여비교통비,2025,75969000
클래스101,③ 지급/용역수수료,외주용역비,2024,1510531000
클래스101,③ 지급/용역수수료,외주용역비,2025,274544000
클래스101,③ 지급/용역수수료,지급수수료,2024,7072382000
클래스101,③ 지급/용역수수료,지급수수료,2025,8538039000
클래스101,④ 광고선전비,광고선전비,2024,7012473000
클래스101,④ 광고선전비,광고선전비,2025,7911983000
클래스101,⑤ 임차/관리비,지급임차료,2024,2264366000
클래스101,⑤ 임차/관리비,지급임차료,2025,487478000
클래스101,⑥ 감가상각비,감가상각비,2024,79547000
클래스101,⑥ 감가상각비,감가상각비,2025,81889000
클래스101,⑥ 감가상각비,무형자산상각비,2024,546563000
클래스101,⑥ 감가상각비,무형자산상각비,2025,524019000
클래스101,⑦ 물류/운반비,운반비,2024,10801000
클래스101,⑦ 물류/운반비,운반비,2025,9926000
클래스101,⑨ 기타판관비,개발비,2024,1851631000
클래스101,⑨ 기타판관비,개발비,2025,1582857000
클래스101,⑨ 기타판관비,기타,2024,97822000
클래스101,⑨ 기타판관비,기타,2025,73344000
클래스101,⑨ 기타판관비,대손상각비,2024,-338936000
클래스101,⑨ 기타판관비,대손상각비,2025,-685878000
클래스101,⑨ 기타판관비,보험료,2024,100861000
클래스101,⑨ 기타판관비,보험료,2025,132987000
클래스101,⑨ 기타판관비,세금과공과,2024,13143000
클래스101,⑨ 기타판관비,세금과공과,2025,3869000
클래스101,부채총계,부채총계,2024,34146647753
클래스101,부채총계,부채총계,2025,26234843146
클래스101,순운전자본+,단기금융상품,2025,5984000000
클래스101,순운전자본+,매출채권,2024,3077103476
클래스101,순운전자본+,매출채권,2025,2484193876
클래스101,순운전자본+,미수금,2024,519458917
클래스101,순운전자본+,미수금,2025,92160162
클래스101,순운전자본+,현금및현금성자산,2024,10663686820
클래스101,순운전자본+,현금및현금성자산,2025,4493817527
클래스101,순운전자본-,단기차입금,2024,7000000000
클래스101,순운전자본-,단기차입금,2025,11300000000
클래스101,순운전자본-,미지급금,2024,3353523672
클래스101,순운전자본-,미지급금,2025,2514426152
클래스101,순운전자본-,부가세예수금,2024,330028733
클래스101,순운전자본-,부가세예수금,2025,386215675
클래스101,순운전자본-,예수금,2024,168740071
클래스101,순운전자본-,예수금,2025,133218033
클래스101,영업활동현금흐름,영업활동으로인한현금흐름,2024,-2238731374
클래스101,영업활동현금흐름,영업활동으로인한현금흐름,2025,-1651487363
클래스101,이익잉여금,결손금,2024,-94625170675
클래스101,이익잉여금,결손금,2025,-94399824813
클래스101,자본총계,자본총계,2024,-14294207634
클래스101,자본총계,자본총계,2025,-10962904626
클래스101,자산총계,자산총계,2024,19852440119
클래스101,자산총계,자산총계,2025,15271938520
클래스101,재무활동현금흐름,재무활동으로인한현금흐름,2024,12137363888
클래스101,재무활동현금흐름,재무활동으로인한현금흐름,2025,-1928687478
클래스101,현금의 증감,현금의증가,2024,8695267451
클래스101,현금의 증감,현금의증가,2025,-6169869293
테라로사,Ⅰ. 매출액,매출액,2024,45441063423
테라로사,Ⅰ. 매출액,매출액,2025,55705953366
테라로사,Ⅱ. 매출원가,매출원가,2024,16775707196
테라로사,Ⅱ. 매출원가,매출원가,2025,19654548482
테라로사,Ⅲ. 매출총이익(Ⅰ - Ⅱ),매출총이익,2024,28665356227
테라로사,Ⅲ. 매출총이익(Ⅰ - Ⅱ),매출총이익,2025,36051404884
테라로사,Ⅳ. 판매비와 관리비,판매비와관리비,2024,26410509985
테라로사,Ⅳ. 판매비와 관리비,판매비와관리비,2025,32985967827
테라로사,Ⅴ. 영업손익(Ⅲ - Ⅳ),영업이익,2024,2254846242
테라로사,Ⅴ. 영업손익(Ⅲ - Ⅳ),영업이익,2025,3065437057
테라로사,Ⅷ. 당기순손익(Ⅴ+Ⅵ-Ⅶ),법인세비용,2024,476414309
테라로사,Ⅷ. 당기순손익(Ⅴ+Ⅵ-Ⅶ),법인세비용,2025,333100699
테라로사,① 인건비,급여,2024,11013120000
테라로사,① 인건비,급여,2025,13389332000
테라로사,① 인건비,퇴직급여,2024,822860000
테라로사,① 인건비,퇴직급여,2025,1364454000
테라로사,② 복리후생비,복리후생비,2024,878512000
테라로사,② 복리후생비,복리후생비,2025,1100647000
테라로사,② 복리후생비,여비교통비,2024,177856000
테라로사,② 복리후생비,여비교통비,2025,228599000
테라로사,③ 지급/용역수수료,지급수수료,2024,2396224000
테라로사,③ 지급/용역수수료,지급수수료,2025,3060743000
테라로사,④ 광고선전비,광고선전비,2024,913526000
테라로사,④ 광고선전비,광고선전비,2025,799799000
테라로사,⑤ 임차/관리비,임차료,2024,4455821000
테라로사,⑤ 임차/관리비,임차료,2025,5802197000
테라로사,⑥ 감가상각비,감가상각비,2024,1166490000
테라로사,⑥ 감가상각비,감가상각비,2025,1737341000
테라로사,⑥ 감가상각비,무형자산상각비,2024,203957000
테라로사,⑥ 감가상각비,무형자산상각비,2025,371989000
테라로사,⑦ 물류/운반비,포장비,2024,208646000
테라로사,⑦ 물류/운반비,포장비,2025,233130000
테라로사,⑨ 기타판관비,기타,2024,2212375000
테라로사,⑨ 기타판관비,기타,2025,2479372000
테라로사,⑨ 기타판관비,대손상각비,2024,-3474000
테라로사,⑨ 기타판관비,대손상각비,2025,2159000
테라로사,⑨ 기타판관비,세금과공과,2024,1292433000
테라로사,⑨ 기타판관비,세금과공과,2025,1366723000
테라로사,⑨ 기타판관비,소모품비,2024,672164000
테라로사,⑨ 기타판관비,소모품비,2025,1049483000
테라로사,부채총계,부채총계,2024,10880592166
테라로사,부채총계,부채총계,2025,9233597685
테라로사,순운전자본+,단기금융상품,2024,15200928007
테라로사,순운전자본+,단기금융상품,2025,11516214294
테라로사,순운전자본+,매도가능증권,2024,0
테라로사,순운전자본+,매도가능증권,2025,4200939863
테라로사,순운전자본+,매출채권,2024,1456047622
테라로사,순운전자본+,매출채권,2025,1669791641
테라로사,순운전자본+,미수금,2024,0
테라로사,순운전자본+,미수금,2025,48064207
테라로사,순운전자본+,현금및현금성자산,2024,1202638760
테라로사,순운전자본+,현금및현금성자산,2025,3010328189
테라로사,순운전자본-,매입채무,2024,193419978
테라로사,순운전자본-,매입채무,2025,589099742
테라로사,순운전자본-,미지급금,2024,1979687505
테라로사,순운전자본-,미지급금,2025,1211571009
테라로사,순운전자본-,미지급비용,2024,1698341360
테라로사,순운전자본-,미지급비용,2025,2128978070
테라로사,순운전자본-,부가세예수금,2024,341986704
테라로사,순운전자본-,부가세예수금,2025,949622366
테라로사,순운전자본-,예수금,2024,216323481
테라로사,순운전자본-,예수금,2025,225228631
테라로사,영업활동현금흐름,영업활동으로인한현금흐름,2024,5842585677
테라로사,영업활동현금흐름,영업활동으로인한현금흐름,2025,4959850527
테라로사,이익잉여금,이익잉여금,2024,52953842423
테라로사,이익잉여금,이익잉여금,2025,53063552180
테라로사,자본총계,자본총계,2024,53504879459
테라로사,자본총계,자본총계,2025,53425980836
테라로사,자산총계,자산총계,2024,64385471625
테라로사,자산총계,자산총계,2025,62659578521
테라로사,재고자산,재고자산,2024,6935381296
테라로사,재고자산,재고자산,2025,6516994786
테라로사,재무활동현금흐름,재무활동으로인한현금흐름,2024,2600000000
테라로사,재무활동현금흐름,재무활동으로인한현금흐름,2025,0
테라로사,투자활동현금흐름,투자활동으로인한현금흐름,2024,-7671745459
테라로사,투자활동현금흐름,투자활동으로인한현금흐름,2025,-3152161098
테라로사,현금의 증감,현금의증가,2024,770840218
테라로사,현금의 증감,현금의증가,2025,1807689429
투썸플레이스,Ⅰ. 매출액,영업수익,2024,520068000000
투썸플레이스,Ⅰ. 매출액,영업수익,2025,582427000000
투썸플레이스,Ⅳ. 판매비와 관리비,영업비용,2024,487390000000
투썸플레이스,Ⅳ. 판매비와 관리비,영업비용,2025,546449000000
투썸플레이스,Ⅴ. 영업손익(Ⅲ - Ⅳ),영업이익,2024,32677781517
투썸플레이스,Ⅴ. 영업손익(Ⅲ - Ⅳ),영업이익,2025,35978103957
투썸플레이스,Ⅷ. 당기순손익(Ⅴ+Ⅵ-Ⅶ),당기순이익,2024,24418388608
투썸플레이스,Ⅷ. 당기순손익(Ⅴ+Ⅵ-Ⅶ),당기순이익,2025,20831403700
투썸플레이스,① 인건비,임직원급여,2024,101985000000
투썸플레이스,① 인건비,임직원급여,2025,111373000000
투썸플레이스,② 복리후생비,여비교통비,2024,2498380000
투썸플레이스,② 복리후생비,여비교통비,2025,2777252000
투썸플레이스,③ 지급/용역수수료,지급수수료,2024,52824778000
투썸플레이스,③ 지급/용역수수료,지급수수료,2025,58244257000
투썸플레이스,⑤ 임차/관리비,수도광열비,2024,6862644000
투썸플레이스,⑤ 임차/관리비,수도광열비,2025,7291357000
투썸플레이스,⑤ 임차/관리비,임차료,2024,9039867000
투썸플레이스,⑤ 임차/관리비,임차료,2025,11742429000
투썸플레이스,⑥ 감가상각비,감가상각비,2024,40856380000
투썸플레이스,⑥ 감가상각비,감가상각비,2025,44483116000
투썸플레이스,⑥ 감가상각비,무형자산상각비,2024,20641649000
투썸플레이스,⑥ 감가상각비,무형자산상각비,2025,21513053000
투썸플레이스,⑦ 물류/운반비,운반비,2024,16182416000
투썸플레이스,⑦ 물류/운반비,운반비,2025,17210535000
투썸플레이스,⑨ 기타판관비,기타,2024,5328915000
투썸플레이스,⑨ 기타판관비,기타,2025,5462967000
투썸플레이스,⑨ 기타판관비,보험료,2024,2459981000
투썸플레이스,⑨ 기타판관비,보험료,2025,1127137000
투썸플레이스,⑨ 기타판관비,소모품비,2024,2906542000
투썸플레이스,⑨ 기타판관비,소모품비,2025,3417808000
투썸플레이스,⑨ 기타판관비,원재료및소모품사용,2024,224810000000
투썸플레이스,⑨ 기타판관비,원재료및소모품사용,2025,265509000000
투썸플레이스,⑨ 기타판관비,제품및상품의변동,2024,993186000
투썸플레이스,⑨ 기타판관비,제품및상품의변동,2025,-3702837000
투썸플레이스,리스부채,리스부채,2024,48697214962
투썸플레이스,리스부채,리스부채,2025,72403991443
투썸플레이스,리스부채,유동성리스부채,2024,19909430448
투썸플레이스,리스부채,유동성리스부채,2025,18923590369
투썸플레이스,부채총계,부채총계,2024,347080000000
투썸플레이스,부채총계,부채총계,2025,380272000000
투썸플레이스,순운전자본+,기타유동금융자산,2024,24107512485
투썸플레이스,순운전자본+,기타유동금융자산,2025,32122932303
투썸플레이스,순운전자본+,매출채권,2024,45513564515
투썸플레이스,순운전자본+,매출채권,2025,52721236522
투썸플레이스,순운전자본+,현금및현금성자산,2024,45468372773
투썸플레이스,순운전자본+,현금및현금성자산,2025,49214272298
투썸플레이스,순운전자본-,매입채무,2024,49793058359
투썸플레이스,순운전자본-,매입채무,2025,55210666530
투썸플레이스,영업활동현금흐름,영업활동현금흐름,2024,85749686613
투썸플레이스,영업활동현금흐름,영업활동현금흐름,2025,74819563639
투썸플레이스,자본총계,자본총계,2024,909779000000
투썸플레이스,자본총계,자본총계,2025,910752000000
투썸플레이스,자산총계,자산총계,2024,1256860000000
투썸플레이스,자산총계,자산총계,2025,1291020000000
투썸플레이스,재고자산,재고자산,2024,25693407294
투썸플레이스,재고자산,재고자산,2025,37990254469
투썸플레이스,재무활동현금흐름,재무활동현금흐름,2024,-61946273987
투썸플레이스,재무활동현금흐름,재무활동현금흐름,2025,-44300724791
투썸플레이스,투자활동현금흐름,투자활동현금흐름,2024,-15756213470
투썸플레이스,투자활동현금흐름,투자활동현금흐름,2025,-26659626554
투썸플레이스,현금의 증감,현금및현금성자산의순증가,2024,8047199156
투썸플레이스,현금의 증감,현금및현금성자산의순증가,2025,3859212294
팀스파르타,Ⅰ. 매출액,영업수익,2024,60653223441
팀스파르타,Ⅰ. 매출액,영업수익,2025,73386113128
팀스파르타,Ⅳ. 판매비와 관리비,영업비용,2024,49330463869
팀스파르타,Ⅳ. 판매비와 관리비,영업비용,2025,63883721080
팀스파르타,Ⅴ. 영업손익(Ⅲ - Ⅳ),영업이익,2024,11322759572
팀스파르타,Ⅴ. 영업손익(Ⅲ - Ⅳ),영업이익,2025,9502392048
팀스파르타,Ⅷ. 당기순손익(Ⅴ+Ⅵ-Ⅶ),당기순이익,2024,10331591928
팀스파르타,Ⅷ. 당기순손익(Ⅴ+Ⅵ-Ⅶ),당기순이익,2025,7684267252
팀스파르타,① 인건비,급여,2024,8242043624
팀스파르타,① 인건비,급여,2025,16194777077
팀스파르타,① 인건비,퇴직급여,2024,674818653
팀스파르타,① 인건비,퇴직급여,2025,1000288621
팀스파르타,② 복리후생비,교육훈련비,2024,39627812
팀스파르타,② 복리후생비,교육훈련비,2025,70310986
팀스파르타,② 복리후생비,도서인쇄비,2024,121621931
팀스파르타,② 복리후생비,도서인쇄비,2025,154764144
팀스파르타,② 복리후생비,복리후생비,2024,1581564807
팀스파르타,② 복리후생비,복리후생비,2025,2203153605
팀스파르타,② 복리후생비,여비교통비,2024,203316081
팀스파르타,② 복리후생비,여비교통비,2025,161367508
팀스파르타,③ 지급/용역수수료,외주용역비,2024,13344928305
팀스파르타,③ 지급/용역수수료,외주용역비,2025,19161607514
팀스파르타,③ 지급/용역수수료,지급수수료,2024,3346092543
팀스파르타,③ 지급/용역수수료,지급수수료,2025,5368024377
팀스파르타,④ 광고선전비,광고선전비,2024,18662428485
팀스파르타,④ 광고선전비,광고선전비,2025,14712707293
팀스파르타,④ 광고선전비,판매촉진비,2024,-25305322
팀스파르타,④ 광고선전비,판매촉진비,2025,-123250
팀스파르타,⑤ 임차/관리비,지급임차료,2024,1856595590
팀스파르타,⑤ 임차/관리비,지급임차료,2025,2127546304
팀스파르타,⑥ 감가상각비,감가상각비,2024,410556504
팀스파르타,⑥ 감가상각비,감가상각비,2025,704097529
팀스파르타,⑥ 감가상각비,무형자산상각비,2024,1357522
팀스파르타,⑥ 감가상각비,무형자산상각비,2025,5812102
팀스파르타,⑦ 물류/운반비,운반비,2024,11235482
팀스파르타,⑦ 물류/운반비,운반비,2025,24401929
팀스파르타,⑨ 기타판관비,경상연구개발비,2024,151333430
팀스파르타,⑨ 기타판관비,경상연구개발비,2025,240348010
팀스파르타,⑨ 기타판관비,대손상각비,2024,305319360
팀스파르타,⑨ 기타판관비,대손상각비,2025,950300000
팀스파르타,⑨ 기타판관비,보험료,2024,8234400
팀스파르타,⑨ 기타판관비,보험료,2025,7186548
팀스파르타,⑨ 기타판관비,세금과공과,2024,128978083
팀스파르타,⑨ 기타판관비,세금과공과,2025,492551587
팀스파르타,⑨ 기타판관비,소모품비,2024,127023183
팀스파르타,⑨ 기타판관비,소모품비,2025,139970745
팀스파르타,⑨ 기타판관비,접대비,2024,67937067
팀스파르타,⑨ 기타판관비,접대비,2025,101247861
팀스파르타,⑨ 기타판관비,통신비,2024,55937959
팀스파르타,⑨ 기타판관비,통신비,2025,57967821
팀스파르타,⑨ 기타판관비,회의비,2024,14818370
팀스파르타,⑨ 기타판관비,회의비,2025,5412769
팀스파르타,부채총계,부채총계,2024,4953797413
팀스파르타,부채총계,부채총계,2025,5683380559
팀스파르타,순운전자본+,매출채권,2024,5271736815
팀스파르타,순운전자본+,매출채권,2025,8096375943
팀스파르타,순운전자본+,미수금,2024,2119073441
팀스파르타,순운전자본+,미수금,2025,2087773658
팀스파르타,순운전자본+,현금및현금성자산,2024,18634889667
팀스파르타,순운전자본+,현금및현금성자산,2025,19709236623
팀스파르타,순운전자본-,미지급금,2024,1103620727
팀스파르타,순운전자본-,미지급금,2025,1572314713
팀스파르타,순운전자본-,미지급비용,2024,1722690718
팀스파르타,순운전자본-,미지급비용,2025,2890706344
팀스파르타,순운전자본-,예수금,2024,205640256
팀스파르타,순운전자본-,예수금,2025,153184660
팀스파르타,영업활동현금흐름,영업활동으로인한현금흐름,2024,11186973002
팀스파르타,영업활동현금흐름,영업활동으로인한현금흐름,2025,5285370690
팀스파르타,이익잉여금,이익잉여금,2024,12596084369
팀스파르타,이익잉여금,이익잉여금,2025,20280351621
팀스파르타,자본총계,자본총계,2024,25595697799
팀스파르타,자본총계,자본총계,2025,33280953051
팀스파르타,자산총계,자산총계,2024,30549495212
팀스파르타,자산총계,자산총계,2025,38964333610
팀스파르타,재무활동현금흐름,재무활동으로인한현금흐름,2024,0
팀스파르타,재무활동현금흐름,재무활동으로인한현금흐름,2025,988000
팀스파르타,투자활동현금흐름,투자활동으로인한현금흐름,2024,-2224453985
팀스파르타,투자활동현금흐름,투자활동으로인한현금흐름,2025,-4212011734
팀스파르타,현금의 증감,현금의증가,2024,8962519017
팀스파르타,현금의 증감,현금의증가,2025,1074346956
펄어비스,Ⅰ. 매출액,영업수익,2024,342384719856
펄어비스,Ⅰ. 매출액,영업수익,2025,365564943738
펄어비스,Ⅳ. 판매비와 관리비,영업비용,2024,354677402484
펄어비스,Ⅳ. 판매비와 관리비,영업비용,2025,380372485142
펄어비스,Ⅴ. 영업손익(Ⅲ - Ⅳ),영업손익,2024,-12292682628
펄어비스,Ⅴ. 영업손익(Ⅲ - Ⅳ),영업손익,2025,-14807541404
펄어비스,Ⅷ. 당기순손익(Ⅴ+Ⅵ-Ⅶ),당기순이익,2024,60343569967
펄어비스,Ⅷ. 당기순손익(Ⅴ+Ⅵ-Ⅶ),당기순이익,2025,-8414919237
펄어비스,① 인건비,급여,2024,132562741000
펄어비스,① 인건비,급여,2025,140716474000
펄어비스,① 인건비,퇴직급여,2024,13646493000
펄어비스,① 인건비,퇴직급여,2025,13071258000
펄어비스,② 복리후생비,교육훈련비,2024,524785000
펄어비스,② 복리후생비,교육훈련비,2025,635538000
펄어비스,② 복리후생비,도서인쇄비,2024,62743000
펄어비스,② 복리후생비,도서인쇄비,2025,77633000
펄어비스,② 복리후생비,복리후생비,2024,35321607000
펄어비스,② 복리후생비,복리후생비,2025,37955171000
펄어비스,② 복리후생비,여비교통비,2024,2607626000
펄어비스,② 복리후생비,여비교통비,2025,3209850000
펄어비스,② 복리후생비,차량유지비,2024,247249000
펄어비스,② 복리후생비,차량유지비,2025,253439000
펄어비스,③ 지급/용역수수료,외주용역비,2024,21253161000
펄어비스,③ 지급/용역수수료,외주용역비,2025,23485488000
펄어비스,③ 지급/용역수수료,지급수수료,2024,70955662000
펄어비스,③ 지급/용역수수료,지급수수료,2025,75471943000
펄어비스,④ 광고선전비,광고선전비,2024,33611955000
펄어비스,④ 광고선전비,광고선전비,2025,43654638000
펄어비스,⑤ 임차/관리비,전력비,2024,3904308000
펄어비스,⑤ 임차/관리비,전력비,2025,4061720000
펄어비스,⑤ 임차/관리비,지급임차료,2024,578021000
펄어비스,⑤ 임차/관리비,지급임차료,2025,809148000
펄어비스,⑤ 임차/관리비,통신비,2024,593850000
펄어비스,⑤ 임차/관리비,통신비,2025,646958000
펄어비스,⑥ 감가상각비,감가상각비,2024,15839267000
펄어비스,⑥ 감가상각비,감가상각비,2025,14530856000
펄어비스,⑥ 감가상각비,무형자산상각비,2024,9291308000
펄어비스,⑥ 감가상각비,무형자산상각비,2025,9559766000
펄어비스,⑥ 감가상각비,투자부동산상각비,2024,59729000
펄어비스,⑥ 감가상각비,투자부동산상각비,2025,51633000
펄어비스,⑦ 물류/운반비,운반비,2024,124854000
펄어비스,⑦ 물류/운반비,운반비,2025,59329000
펄어비스,⑨ 기타판관비,대손상각비,2024,808149000
펄어비스,⑨ 기타판관비,대손상각비,2025,-10221000
펄어비스,⑨ 기타판관비,보험료,2024,1029360000
펄어비스,⑨ 기타판관비,보험료,2025,1135701000
펄어비스,⑨ 기타판관비,사무용품비,2024,9639000
펄어비스,⑨ 기타판관비,사무용품비,2025,13214000
펄어비스,⑨ 기타판관비,상품원가,2024,73329000
펄어비스,⑨ 기타판관비,상품원가,2025,22024000
펄어비스,⑨ 기타판관비,세금과공과금,2024,2644575000
펄어비스,⑨ 기타판관비,세금과공과금,2025,145117000
펄어비스,⑨ 기타판관비,소모품비,2024,1777801000
펄어비스,⑨ 기타판관비,소모품비,2025,2473393000
펄어비스,⑨ 기타판관비,수선비,2024,89328000
펄어비스,⑨ 기타판관비,수선비,2025,143858000
펄어비스,⑨ 기타판관비,잡비,2024,5202000
펄어비스,⑨ 기타판관비,잡비,2025,9723000
펄어비스,⑨ 기타판관비,접대비,2024,550383000
펄어비스,⑨ 기타판관비,접대비,2025,673051000
펄어비스,⑨ 기타판관비,주식보상비용,2024,2814647000
펄어비스,⑨ 기타판관비,주식보상비용,2025,2025077000
펄어비스,⑨ 기타판관비,협회비,2024,408717000
펄어비스,⑨ 기타판관비,협회비,2025,411328000
펄어비스,리스부채,비유동리스부채,2024,15755986297
펄어비스,리스부채,비유동리스부채,2025,13323877549
펄어비스,리스부채,유동성리스부채,2024,5471049076
펄어비스,리스부채,유동성리스부채,2025,5204730750
펄어비스,부채총계,부채총계,2024,336846483610
펄어비스,부채총계,부채총계,2025,349996486912
펄어비스,순운전자본+,단기금융상품,2024,221016200000
펄어비스,순운전자본+,단기금융상품,2025,218564073218
펄어비스,순운전자본+,당기손익-공정가치측정금융자산,2024,1918172500
펄어비스,순운전자본+,당기손익-공정가치측정금융자산,2025,15344884726
펄어비스,순운전자본+,매출채권및기타유동채권,2024,71584405376
펄어비스,순운전자본+,매출채권및기타유동채권,2025,58376515505
펄어비스,순운전자본+,현금및현금성자산,2024,142826606745
펄어비스,순운전자본+,현금및현금성자산,2025,133874628885
펄어비스,순운전자본-,미지급법인세,2024,5213067310
펄어비스,순운전자본-,미지급법인세,2025,2017626785
펄어비스,순운전자본-,유동성사채,2024,0
펄어비스,순운전자본-,유동성사채,2025,0
펄어비스,영업활동현금흐름,영업활동현금흐름,2024,-5388079092
펄어비스,영업활동현금흐름,영업활동현금흐름,2025,23933800287
펄어비스,이익잉여금,이익잉여금,2024,558569816555
펄어비스,이익잉여금,이익잉여금,2025,550154897318
펄어비스,자본총계,자본총계,2024,805974577846
펄어비스,자본총계,자본총계,2025,799102814399
펄어비스,자산총계,자산총계,2024,1142821061456
펄어비스,자산총계,자산총계,2025,1149099301311
펄어비스,재고자산,유동재고자산,2024,120974400
펄어비스,재고자산,유동재고자산,2025,237564253
펄어비스,재무활동현금흐름,재무활동현금흐름,2024,-151810863521
펄어비스,재무활동현금흐름,재무활동현금흐름,2025,-9350327755
펄어비스,투자활동현금흐름,투자활동현금흐름,2024,56490355954
펄어비스,투자활동현금흐름,투자활동현금흐름,2025,-22415554248
펄어비스,현금의 증감,현금및현금성자산의증가,2024,-100708586659
펄어비스,현금의 증감,현금및현금성자산의증가,2025,-7832081716
포커스미디어코리아,Ⅰ. 매출액,영업수익,2024,68607002990
포커스미디어코리아,Ⅰ. 매출액,영업수익,2025,72573807523
포커스미디어코리아,Ⅳ. 판매비와 관리비,영업비용,2024,82072381149
포커스미디어코리아,Ⅳ. 판매비와 관리비,영업비용,2025,58153281420
포커스미디어코리아,Ⅴ. 영업손익(Ⅲ - Ⅳ),영업이익,2024,-13465378159
포커스미디어코리아,Ⅴ. 영업손익(Ⅲ - Ⅳ),영업이익,2025,14420526103
포커스미디어코리아,Ⅷ. 당기순손익(Ⅴ+Ⅵ-Ⅶ),당기순이익,2024,-20322800177
포커스미디어코리아,Ⅷ. 당기순손익(Ⅴ+Ⅵ-Ⅶ),당기순이익,2025,10075351681
포커스미디어코리아,① 인건비,급여,2024,12560946000
포커스미디어코리아,① 인건비,급여,2025,9695253000
포커스미디어코리아,① 인건비,퇴직급여,2024,1662377000
포커스미디어코리아,① 인건비,퇴직급여,2025,1118674000
포커스미디어코리아,③ 지급/용역수수료,지급수수료,2024,5766612000
포커스미디어코리아,③ 지급/용역수수료,지급수수료,2025,2893473000
포커스미디어코리아,③ 지급/용역수수료,판매수수료,2024,5864180000
포커스미디어코리아,③ 지급/용역수수료,판매수수료,2025,11248842000
포커스미디어코리아,⑤ 임차/관리비,사용권자산상각비,2024,34822500000
포커스미디어코리아,⑤ 임차/관리비,사용권자산상각비,2025,17995053000
포커스미디어코리아,⑤ 임차/관리비,지급임차료,2024,976761000
포커스미디어코리아,⑤ 임차/관리비,지급임차료,2025,299574000
포커스미디어코리아,⑥ 감가상각비,감가상각비,2024,4901842000
포커스미디어코리아,⑥ 감가상각비,감가상각비,2025,4582009000
포커스미디어코리아,⑥ 감가상각비,무형자산상각비,2024,598533000
포커스미디어코리아,⑥ 감가상각비,무형자산상각비,2025,289341000
포커스미디어코리아,⑨ 기타판관비,기타,2024,8134408000
포커스미디어코리아,⑨ 기타판관비,기타,2025,5745558000
포커스미디어코리아,⑨ 기타판관비,통신비,2024,6784222000
포커스미디어코리아,⑨ 기타판관비,통신비,2025,4285504000
포커스미디어코리아,리스부채,비유동리스부채,2024,14937011939
포커스미디어코리아,리스부채,비유동리스부채,2025,9337480909
포커스미디어코리아,리스부채,유동리스부채,2024,20408964119
포커스미디어코리아,리스부채,유동리스부채,2025,10506101258
포커스미디어코리아,부채총계,부채총계,2024,69610959238
포커스미디어코리아,부채총계,부채총계,2025,47808521792
포커스미디어코리아,사용권자산,사용권자산,2024,35362035451
포커스미디어코리아,사용권자산,사용권자산,2025,20902628622
포커스미디어코리아,순운전자본+,매출채권및기타수취채권,2024,18650293409
포커스미디어코리아,순운전자본+,매출채권및기타수취채권,2025,14285413185
포커스미디어코리아,순운전자본+,현금및현금성자산,2024,163205995
포커스미디어코리아,순운전자본+,현금및현금성자산,2025,17387230150
포커스미디어코리아,순운전자본-,기타지급채무,2024,8498687883
포커스미디어코리아,순운전자본-,기타지급채무,2025,6273738165
포커스미디어코리아,순운전자본-,단기차입금,2024,5202632579
포커스미디어코리아,순운전자본-,단기차입금,2025,15885600000
포커스미디어코리아,영업활동현금흐름,영업활동으로인한현금흐름,2024,25573415739
포커스미디어코리아,영업활동현금흐름,영업활동으로인한현금흐름,2025,40579918471
포커스미디어코리아,이익잉여금,이익잉여금,2024,-19754367971
포커스미디어코리아,이익잉여금,이익잉여금,2025,-9259577149
포커스미디어코리아,자본총계,자본총계,2024,7450365129
포커스미디어코리아,자본총계,자본총계,2025,17945155951
포커스미디어코리아,자산총계,자산총계,2024,77061324367
포커스미디어코리아,자산총계,자산총계,2025,65753677743
포커스미디어코리아,재고자산,재고자산,2024,317947791
포커스미디어코리아,재고자산,재고자산,2025,57215616
포커스미디어코리아,재무활동현금흐름,재무활동으로인한현금흐름,2024,-25248910300
포커스미디어코리아,재무활동현금흐름,재무활동으로인한현금흐름,2025,-23444467492
포커스미디어코리아,투자활동현금흐름,투자활동으로인한현금흐름,2024,-451306445
포커스미디어코리아,투자활동현금흐름,투자활동으로인한현금흐름,2025,88573189
포컴퍼니,Ⅰ. 매출액,매출액,2024,84640662032
포컴퍼니,Ⅰ. 매출액,매출액,2025,165829986212
포컴퍼니,Ⅱ. 매출원가,매출원가,2024,34556716713
포컴퍼니,Ⅱ. 매출원가,매출원가,2025,69268753264
포컴퍼니,Ⅱ. 매출원가,상품매출원가,2024,783600268
포컴퍼니,Ⅱ. 매출원가,상품매출원가,2025,163352932
포컴퍼니,Ⅳ. 판매비와 관리비,판매비와관리비,2024,47540682504
포컴퍼니,Ⅳ. 판매비와 관리비,판매비와관리비,2025,82119883877
포컴퍼니,Ⅴ. 영업손익(Ⅲ - Ⅳ),영업이익,2024,2543262815
포컴퍼니,Ⅴ. 영업손익(Ⅲ - Ⅳ),영업이익,2025,14441349071
포컴퍼니,Ⅷ. 당기순손익(Ⅴ+Ⅵ-Ⅶ),당기순이익,2024,2906831317
포컴퍼니,Ⅷ. 당기순손익(Ⅴ+Ⅵ-Ⅶ),당기순이익,2025,12783873612
포컴퍼니,① 인건비,급여,2024,5985072236
포컴퍼니,① 인건비,급여,2025,9049251843
포컴퍼니,① 인건비,퇴직급여,2024,306070694
포컴퍼니,① 인건비,퇴직급여,2025,1305110289
포컴퍼니,② 복리후생비,교육훈련비,2024,24895729
포컴퍼니,② 복리후생비,교육훈련비,2025,23721701
포컴퍼니,② 복리후생비,복리후생비,2024,588581499
포컴퍼니,② 복리후생비,복리후생비,2025,1616759080
포컴퍼니,② 복리후생비,여비교통비,2024,121059868
포컴퍼니,② 복리후생비,여비교통비,2025,139362918
포컴퍼니,③ 지급/용역수수료,지급수수료,2024,6986119174
포컴퍼니,③ 지급/용역수수료,지급수수료,2025,9535404638
포컴퍼니,③ 지급/용역수수료,판매수수료,2024,5418659443
포컴퍼니,③ 지급/용역수수료,판매수수료,2025,17345639180
포컴퍼니,④ 광고선전비,광고선전비,2024,15773600712
포컴퍼니,④ 광고선전비,광고선전비,2025,25948031987
포컴퍼니,④ 광고선전비,판매촉진비,2024,2311109180
포컴퍼니,④ 광고선전비,판매촉진비,2025,1960223052
포컴퍼니,⑤ 임차/관리비,건물관리비,2024,118317347
포컴퍼니,⑤ 임차/관리비,건물관리비,2025,169784988
포컴퍼니,⑤ 임차/관리비,수도광열비,2024,22795420
포컴퍼니,⑤ 임차/관리비,수도광열비,2025,31571505
포컴퍼니,⑤ 임차/관리비,지급임차료,2024,310928509
포컴퍼니,⑤ 임차/관리비,지급임차료,2025,362934794
포컴퍼니,⑥ 감가상각비,감가상각비,2024,288439263
포컴퍼니,⑥ 감가상각비,감가상각비,2025,394496180
포컴퍼니,⑥ 감가상각비,무형자산상각비,2024,47457796
포컴퍼니,⑥ 감가상각비,무형자산상각비,2025,40288611
포컴퍼니,⑦ 물류/운반비,보관료,2024,570260780
포컴퍼니,⑦ 물류/운반비,보관료,2025,975542570
포컴퍼니,⑦ 물류/운반비,운반비,2024,6061830248
포컴퍼니,⑦ 물류/운반비,운반비,2025,8816169994
포컴퍼니,⑨ 기타판관비,경상연구개발비,2024,706522603
포컴퍼니,⑨ 기타판관비,경상연구개발비,2025,1095729623
포컴퍼니,⑨ 기타판관비,대손상각비,2024,75675600
포컴퍼니,⑨ 기타판관비,보험료,2024,102848531
포컴퍼니,⑨ 기타판관비,보험료,2025,166791685
포컴퍼니,⑨ 기타판관비,세금과공과금,2024,374431151
포컴퍼니,⑨ 기타판관비,세금과공과금,2025,1871975190
포컴퍼니,⑨ 기타판관비,소모품비,2024,1300468368
포컴퍼니,⑨ 기타판관비,소모품비,2025,1194311989
포컴퍼니,⑨ 기타판관비,접대비,2024,33775315
포컴퍼니,⑨ 기타판관비,접대비,2025,64331780
포컴퍼니,⑨ 기타판관비,차량유지비,2024,4869351
포컴퍼니,⑨ 기타판관비,차량유지비,2025,6592057
포컴퍼니,⑨ 기타판관비,통신비,2024,6893687
포컴퍼니,⑨ 기타판관비,통신비,2025,5858223
포컴퍼니,부채총계,부채총계,2024,22518864627
포컴퍼니,부채총계,부채총계,2025,39809795647
포컴퍼니,순운전자본+,단기금융상품,2024,4616173152
포컴퍼니,순운전자본+,단기매매증권,2025,1005475047
포컴퍼니,순운전자본+,매출채권,2024,6478387297
포컴퍼니,순운전자본+,매출채권,2025,13756896881
포컴퍼니,순운전자본+,매출채권대손충당금,2024,-3616389924
포컴퍼니,순운전자본+,매출채권대손충당금,2025,-3530039389
포컴퍼니,순운전자본+,현금및현금성자산,2024,2042090730
포컴퍼니,순운전자본+,현금및현금성자산,2025,5903953080
포컴퍼니,순운전자본-,단기차입금,2024,7315000000
포컴퍼니,순운전자본-,단기차입금,2025,8775000000
포컴퍼니,순운전자본-,매입채무,2024,10056905651
포컴퍼니,순운전자본-,매입채무,2025,17250457489
포컴퍼니,순운전자본-,미지급금,2024,2441005695
포컴퍼니,순운전자본-,미지급금,2025,3750811368
포컴퍼니,순운전자본-,미지급비용,2024,1065147032
포컴퍼니,순운전자본-,미지급비용,2025,1573142449
포컴퍼니,순운전자본-,예수금,2024,121935204
포컴퍼니,순운전자본-,예수금,2025,303016210
포컴퍼니,순운전자본-,유동성장기차입금,2024,208340000
포컴퍼니,순운전자본-,유동성장기차입금,2025,599960000
포컴퍼니,영업활동현금흐름,영업활동으로인한현금흐름,2024,-3988810313
포컴퍼니,영업활동현금흐름,영업활동으로인한현금흐름,2025,10365505913
포컴퍼니,이익잉여금,이익잉여금,2024,13746905663
포컴퍼니,이익잉여금,이익잉여금,2025,26530779275
포컴퍼니,자본총계,자본총계,2024,14369974583
포컴퍼니,자본총계,자본총계,2025,27153848195
포컴퍼니,자산총계,자산총계,2024,36888839210
포컴퍼니,자산총계,자산총계,2025,66963643842
포컴퍼니,재고자산,재고자산,2024,17919790398
포컴퍼니,재고자산,재고자산,2025,24491459355
포컴퍼니,재무활동현금흐름,재무활동으로인한현금흐름,2024,3123440000
포컴퍼니,재무활동현금흐름,재무활동으로인한현금흐름,2025,5751660000
포컴퍼니,투자활동현금흐름,투자활동으로인한현금흐름,2024,-2854681461
포컴퍼니,투자활동현금흐름,투자활동으로인한현금흐름,2025,-12255303563
포컴퍼니,현금의 증감,현금의증가,2024,-3720051774
포컴퍼니,현금의 증감,현금의증가,2025,3861862350
폰드그룹,Ⅰ. 매출액,수익,2024,368653000000
폰드그룹,Ⅰ. 매출액,수익,2025,485569000000
폰드그룹,Ⅱ. 매출원가,매출원가,2024,174237000000
폰드그룹,Ⅱ. 매출원가,매출원가,2025,228898000000
폰드그룹,Ⅲ. 매출총이익(Ⅰ - Ⅱ),매출총이익,2024,194416000000
폰드그룹,Ⅲ. 매출총이익(Ⅰ - Ⅱ),매출총이익,2025,256671000000
폰드그룹,Ⅳ. 판매비와 관리비,판매비와관리비,2024,153093000000
폰드그룹,Ⅳ. 판매비와 관리비,판매비와관리비,2025,199293000000
폰드그룹,Ⅴ. 영업손익(Ⅲ - Ⅳ),영업이익,2024,41322955438
폰드그룹,Ⅴ. 영업손익(Ⅲ - Ⅳ),영업이익,2025,57377364737
폰드그룹,Ⅷ. 당기순손익(Ⅴ+Ⅵ-Ⅶ),당기순이익,2024,27155630666
폰드그룹,Ⅷ. 당기순손익(Ⅴ+Ⅵ-Ⅶ),당기순이익,2025,44238143029
폰드그룹,① 인건비,"급여,판관비",2024,19507501000
폰드그룹,① 인건비,"급여,판관비",2025,23885159000
폰드그룹,① 인건비,"퇴직급여,판관비",2024,1200646000
폰드그룹,① 인건비,"퇴직급여,판관비",2025,1629624000
폰드그룹,② 복리후생비,"복리후생비,판관비",2024,2611016000
폰드그룹,② 복리후생비,"복리후생비,판관비",2025,3031413000
폰드그룹,② 복리후생비,"여비교통비,판관비",2024,248457000
폰드그룹,② 복리후생비,"여비교통비,판관비",2025,440952000
폰드그룹,③ 지급/용역수수료,"지급수수료,판관비",2024,15527743000
폰드그룹,③ 지급/용역수수료,"지급수수료,판관비",2025,32451437000
폰드그룹,③ 지급/용역수수료,"판매수수료,판관비",2024,75153820000
폰드그룹,③ 지급/용역수수료,"판매수수료,판관비",2025,86111480000
폰드그룹,④ 광고선전비,"광고선전비,판관비",2024,10126811000
폰드그룹,④ 광고선전비,"광고선전비,판관비",2025,13614895000
폰드그룹,⑥ 감가상각비,"감가상각비,판관비",2024,6772623000
폰드그룹,⑥ 감가상각비,"감가상각비,판관비",2025,10747010000
폰드그룹,⑥ 감가상각비,"무형자산상각비,판관비",2024,734840000
폰드그룹,⑥ 감가상각비,"무형자산상각비,판관비",2025,2440303000
폰드그룹,⑦ 물류/운반비,"운반비,판관비",2024,13526980000
폰드그룹,⑦ 물류/운반비,"운반비,판관비",2025,12905367000
폰드그룹,⑨ 기타판관비,기타판매비와관리비,2024,4947838000
폰드그룹,⑨ 기타판관비,기타판매비와관리비,2025,10132885000
폰드그룹,⑨ 기타판관비,대손상각비,2024,804316000
폰드그룹,⑨ 기타판관비,대손상각비,2025,-392351000
폰드그룹,⑨ 기타판관비,"보험료,판관비",2024,1208855000
폰드그룹,⑨ 기타판관비,"보험료,판관비",2025,1278121000
폰드그룹,⑨ 기타판관비,"세금과공과,판관비",2024,721994000
폰드그룹,⑨ 기타판관비,"세금과공과,판관비",2025,1017095000
폰드그룹,리스부채,비유동리스부채,2024,5702834737
폰드그룹,리스부채,비유동리스부채,2025,6621418219
폰드그룹,리스부채,유동리스부채,2024,4433723664
폰드그룹,리스부채,유동리스부채,2025,6501515035
폰드그룹,부채총계,부채총계,2024,185041000000
폰드그룹,부채총계,부채총계,2025,213665000000
폰드그룹,순운전자본+,기타유동금융자산,2024,2274038138
폰드그룹,순운전자본+,기타유동금융자산,2025,2813698887
폰드그룹,순운전자본+,단기금융상품,2024,10240264567
폰드그룹,순운전자본+,단기금융상품,2025,2300000000
폰드그룹,순운전자본+,매출채권,2024,38832525594
폰드그룹,순운전자본+,매출채권,2025,44293973904
폰드그룹,순운전자본+,현금및현금성자산,2024,23743809883
폰드그룹,순운전자본+,현금및현금성자산,2025,58469950232
폰드그룹,순운전자본-,기타유동금융부채,2024,20752180625
폰드그룹,순운전자본-,기타유동금융부채,2025,21030254810
폰드그룹,순운전자본-,단기매입채무,2024,18380514814
폰드그룹,순운전자본-,단기매입채무,2025,18280646561
폰드그룹,순운전자본-,단기차입금,2024,59845385805
폰드그룹,순운전자본-,단기차입금,2025,92797800000
폰드그룹,영업활동현금흐름,영업활동현금흐름,2024,3068425320
폰드그룹,영업활동현금흐름,영업활동현금흐름,2025,54115232309
폰드그룹,이익잉여금,이익잉여금,2024,25375910637
폰드그룹,이익잉여금,이익잉여금,2025,47705842307
폰드그룹,자본총계,자본총계,2024,237702000000
폰드그룹,자본총계,자본총계,2025,270066000000
폰드그룹,자산총계,자산총계,2024,422743000000
폰드그룹,자산총계,자산총계,2025,483731000000
폰드그룹,재고자산,유동재고자산,2024,114845000000
폰드그룹,재고자산,유동재고자산,2025,119429000000
폰드그룹,재무활동현금흐름,재무활동현금흐름,2024,-5332357309
폰드그룹,재무활동현금흐름,재무활동현금흐름,2025,7610186693
폰드그룹,투자활동현금흐름,투자활동현금흐름,2024,10356442280
폰드그룹,투자활동현금흐름,투자활동현금흐름,2025,-26896740389
폰드그룹,현금의 증감,환율변동효과반영전현금및현금성자산의순증가,2024,8092510291
폰드그룹,현금의 증감,환율변동효과반영전현금및현금성자산의순증가,2025,34828678613
풀무원,Ⅰ. 매출액,매출액,2024,3213700000000
풀무원,Ⅰ. 매출액,매출액,2025,3380190000000
풀무원,Ⅱ. 매출원가,매출원가,2024,2399220000000
풀무원,Ⅱ. 매출원가,매출원가,2025,2548560000000
풀무원,Ⅲ. 매출총이익(Ⅰ - Ⅱ),매출총이익,2024,814475000000
풀무원,Ⅲ. 매출총이익(Ⅰ - Ⅱ),매출총이익,2025,831625000000
풀무원,Ⅳ. 판매비와 관리비,물류비,2024,234381000000
풀무원,Ⅳ. 판매비와 관리비,물류비,2025,243093000000
풀무원,Ⅳ. 판매비와 관리비,판매관리비,2024,458174000000
풀무원,Ⅳ. 판매비와 관리비,판매관리비,2025,462722000000
풀무원,Ⅴ. 영업손익(Ⅲ - Ⅳ),영업이익,2024,91829407927
풀무원,Ⅴ. 영업손익(Ⅲ - Ⅳ),영업이익,2025,93173090796
풀무원,Ⅷ. 당기순손익(Ⅴ+Ⅵ-Ⅶ),당기순이익,2024,34386551192
풀무원,Ⅷ. 당기순손익(Ⅴ+Ⅵ-Ⅶ),당기순이익,2025,15159940983
풀무원,① 인건비,"급여,판관비",2024,193044000000
풀무원,① 인건비,"급여,판관비",2025,204338000000
풀무원,① 인건비,"퇴직급여,판관비",2024,15443515000
풀무원,① 인건비,"퇴직급여,판관비",2025,16796347000
풀무원,② 복리후생비,"교육훈련비,판관비",2024,3060530000
풀무원,② 복리후생비,"교육훈련비,판관비",2025,3062646000
풀무원,② 복리후생비,"복리후생비,판관비",2024,42817991000
풀무원,② 복리후생비,"복리후생비,판관비",2025,44069364000
풀무원,② 복리후생비,"여비교통비,판관비",2024,8959625000
풀무원,② 복리후생비,"여비교통비,판관비",2025,9703925000
풀무원,③ 지급/용역수수료,"지급수수료,판관비",2024,79966249000
풀무원,③ 지급/용역수수료,"지급수수료,판관비",2025,79632201000
풀무원,④ 광고선전비,"광고선전비,판관비",2024,56636640000
풀무원,④ 광고선전비,"광고선전비,판관비",2025,50961079000
풀무원,⑤ 임차/관리비,"임차료,판관비",2024,6647729000
풀무원,⑤ 임차/관리비,"임차료,판관비",2025,4229677000
풀무원,⑥ 감가상각비,"감가상각비,판관비",2024,22256521000
풀무원,⑥ 감가상각비,"감가상각비,판관비",2025,22505333000
풀무원,⑥ 감가상각비,"무형자산상각비,판관비",2024,7193022000
풀무원,⑥ 감가상각비,"무형자산상각비,판관비",2025,6895221000
풀무원,⑦ 물류/운반비,물류비,2024,234381000000
풀무원,⑦ 물류/운반비,물류비,2025,243093000000
풀무원,⑨ 기타판관비,기타판매비와관리비,2024,21526822000
풀무원,⑨ 기타판관비,기타판매비와관리비,2025,20134093000
풀무원,⑨ 기타판관비,주식보상비용,2024,621895000
풀무원,⑨ 기타판관비,주식보상비용,2025,394686000
풀무원,리스부채,유동성리스부채,2024,58431356764
풀무원,리스부채,유동성리스부채,2025,68042504961
풀무원,부채총계,부채총계,2024,1747720000000
풀무원,부채총계,부채총계,2025,1730430000000
풀무원,순운전자본+,단기금융자산,2024,7966787260
풀무원,순운전자본+,단기금융자산,2025,11673080890
풀무원,순운전자본+,매출채권및기타채권,2024,306181000000
풀무원,순운전자본+,매출채권및기타채권,2025,316552000000
풀무원,순운전자본+,현금및현금성자산,2024,170347000000
풀무원,순운전자본+,현금및현금성자산,2025,129844000000
풀무원,순운전자본-,기타유동금융부채,2024,34100408807
풀무원,순운전자본-,기타유동금융부채,2025,22553896033
풀무원,순운전자본-,단기차입금,2024,624943000000
풀무원,순운전자본-,단기차입금,2025,597363000000
풀무원,순운전자본-,매입채무및기타채무,2024,345248000000
풀무원,순운전자본-,매입채무및기타채무,2025,345984000000
풀무원,영업활동현금흐름,영업활동현금흐름,2024,172620000000
풀무원,영업활동현금흐름,영업활동현금흐름,2025,163748000000
풀무원,이익잉여금,이익잉여금,2024,151772000000
풀무원,이익잉여금,이익잉여금,2025,161284000000
풀무원,자본총계,자본총계,2024,583439000000
풀무원,자본총계,자본총계,2025,617725000000
풀무원,자산총계,자산총계,2024,2331160000000
풀무원,자산총계,자산총계,2025,2348150000000
풀무원,재고자산,재고자산,2024,187079000000
풀무원,재고자산,재고자산,2025,188518000000
풀무원,재무활동현금흐름,재무활동현금흐름,2024,-27087155042
풀무원,재무활동현금흐름,재무활동현금흐름,2025,-44492159859
풀무원,투자활동현금흐름,투자활동현금흐름,2024,-106738000000
풀무원,투자활동현금흐름,투자활동현금흐름,2025,-159402000000
풀무원,현금의 증감,현금및현금성자산의증가,2024,43061192278
풀무원,현금의 증감,현금및현금성자산의증가,2025,-40502862433
피자알볼로,Ⅰ. 매출액,매출액,2024,27314003249
피자알볼로,Ⅰ. 매출액,매출액,2025,27905939538
피자알볼로,Ⅱ. 매출원가,매출원가,2024,19694977732
피자알볼로,Ⅱ. 매출원가,매출원가,2025,19425371804
피자알볼로,Ⅲ. 매출총이익(Ⅰ - Ⅱ),매출총이익,2024,7619025517
피자알볼로,Ⅲ. 매출총이익(Ⅰ - Ⅱ),매출총이익,2025,8480567734
피자알볼로,Ⅳ. 판매비와 관리비,판매비와관리비,2024,7973591802
피자알볼로,Ⅳ. 판매비와 관리비,판매비와관리비,2025,7996885338
피자알볼로,Ⅴ. 영업손익(Ⅲ - Ⅳ),영업이익,2024,-354566285
피자알볼로,Ⅴ. 영업손익(Ⅲ - Ⅳ),영업이익,2025,483682396
피자알볼로,Ⅷ. 당기순손익(Ⅴ+Ⅵ-Ⅶ),당기순이익,2024,-887761413
피자알볼로,Ⅷ. 당기순손익(Ⅴ+Ⅵ-Ⅶ),당기순이익,2025,3521674298
피자알볼로,① 인건비,급여,2024,2034084149
피자알볼로,① 인건비,급여,2025,1698570336
피자알볼로,① 인건비,퇴직급여,2024,200268747
피자알볼로,① 인건비,퇴직급여,2025,225985064
피자알볼로,② 복리후생비,교육훈련비,2024,15733617
피자알볼로,② 복리후생비,교육훈련비,2025,6419221
피자알볼로,② 복리후생비,도서인쇄비,2024,71824326
피자알볼로,② 복리후생비,도서인쇄비,2025,37451677
피자알볼로,② 복리후생비,복리후생비,2024,195713618
피자알볼로,② 복리후생비,복리후생비,2025,149628121
피자알볼로,② 복리후생비,여비교통비,2024,43227122
피자알볼로,② 복리후생비,여비교통비,2025,35220680
피자알볼로,③ 지급/용역수수료,지급수수료,2024,1525922440
피자알볼로,③ 지급/용역수수료,지급수수료,2025,1896931594
피자알볼로,④ 광고선전비,광고선전비,2024,1229463452
피자알볼로,④ 광고선전비,광고선전비,2025,1724173145
피자알볼로,⑤ 임차/관리비,건물관리비,2024,2510957
피자알볼로,⑤ 임차/관리비,건물관리비,2025,10329700
피자알볼로,⑤ 임차/관리비,수도광열비,2024,1625413
피자알볼로,⑤ 임차/관리비,수도광열비,2025,850787
피자알볼로,⑤ 임차/관리비,전력비,2024,25803569
피자알볼로,⑤ 임차/관리비,전력비,2025,20776210
피자알볼로,⑤ 임차/관리비,지급임차료,2024,99596454
피자알볼로,⑤ 임차/관리비,지급임차료,2025,98432285
피자알볼로,⑥ 감가상각비,감가상각비,2024,243769580
피자알볼로,⑥ 감가상각비,감가상각비,2025,190362832
피자알볼로,⑥ 감가상각비,무형자산상각비,2024,111071734
피자알볼로,⑥ 감가상각비,무형자산상각비,2025,32091477
피자알볼로,⑦ 물류/운반비,물류수수료,2024,1772811797
피자알볼로,⑦ 물류/운반비,물류수수료,2025,1540184793
피자알볼로,⑦ 물류/운반비,운반비,2024,4537817
피자알볼로,⑦ 물류/운반비,운반비,2025,2200525
피자알볼로,⑨ 기타판관비,보험료,2024,38538952
피자알볼로,⑨ 기타판관비,보험료,2025,44897812
피자알볼로,⑨ 기타판관비,세금과공과금,2024,132606144
피자알볼로,⑨ 기타판관비,세금과공과금,2025,89447074
피자알볼로,⑨ 기타판관비,소모품비,2024,35978087
피자알볼로,⑨ 기타판관비,소모품비,2025,28481819
피자알볼로,⑨ 기타판관비,수선비,2024,2175000
피자알볼로,⑨ 기타판관비,수선비,2025,18336364
피자알볼로,⑨ 기타판관비,접대비,2024,102909298
피자알볼로,⑨ 기타판관비,접대비,2025,79743849
피자알볼로,⑨ 기타판관비,차량유지비,2024,68202069
피자알볼로,⑨ 기타판관비,차량유지비,2025,53685838
피자알볼로,⑨ 기타판관비,통신비,2024,9267460
피자알볼로,⑨ 기타판관비,통신비,2025,8984135
피자알볼로,⑨ 기타판관비,협회비,2024,5950000
피자알볼로,⑨ 기타판관비,협회비,2025,3700000
피자알볼로,부채총계,부채총계,2024,10411865251
피자알볼로,부채총계,부채총계,2025,4168991327
피자알볼로,순운전자본+,대손충당금,2024,-13111309
피자알볼로,순운전자본+,대손충당금,2025,-13111309
피자알볼로,순운전자본+,미수금,2024,182218358
피자알볼로,순운전자본+,미수금,2025,176366285
피자알볼로,순운전자본+,외상매출금,2024,935596523
피자알볼로,순운전자본+,외상매출금,2025,1117312078
피자알볼로,순운전자본+,현금및현금성자산,2024,217121012
피자알볼로,순운전자본+,현금및현금성자산,2025,1710481543
피자알볼로,순운전자본-,단기차입금,2024,2089488127
피자알볼로,순운전자본-,단기차입금,2025,0
피자알볼로,순운전자본-,미지급금,2024,805862841
피자알볼로,순운전자본-,미지급금,2025,1343366145
피자알볼로,순운전자본-,미지급비용,2024,106412909
피자알볼로,순운전자본-,미지급비용,2025,95472885
피자알볼로,순운전자본-,예수금,2024,242429076
피자알볼로,순운전자본-,예수금,2025,64723186
피자알볼로,순운전자본-,유동성장기차입금,2024,2170000000
피자알볼로,순운전자본-,유동성장기차입금,2025,0
피자알볼로,영업활동현금흐름,영업활동으로인한현금흐름,2024,-1524217931
피자알볼로,영업활동현금흐름,영업활동으로인한현금흐름,2025,240513007
피자알볼로,이익잉여금,미처분이익잉여금,2024,268805841
피자알볼로,이익잉여금,미처분이익잉여금,2025,3790480139
피자알볼로,자본총계,자본총계,2024,343805841
피자알볼로,자본총계,자본총계,2025,3865480139
피자알볼로,자산총계,자산총계,2024,10755671092
피자알볼로,자산총계,자산총계,2025,8034471466
피자알볼로,재고자산,재고자산,2024,844085319
피자알볼로,재고자산,재고자산,2025,975164601
피자알볼로,재무활동현금흐름,재무활동으로인한현금흐름,2024,939488127
피자알볼로,재무활동현금흐름,재무활동으로인한현금흐름,2025,-6359488127
피자알볼로,투자활동현금흐름,투자활동으로인한현금흐름,2024,-382683121
피자알볼로,투자활동현금흐름,투자활동으로인한현금흐름,2025,7612335651
피자알볼로,현금의 증감,현금의증가,2024,-967412925
피자알볼로,현금의 증감,현금의증가,2025,1493360531
한국콜마,Ⅰ. 매출액,매출액,2023,2155675927422
한국콜마,Ⅰ. 매출액,매출액,2024,2452063980463
한국콜마,Ⅰ. 매출액,매출액,2025,2722419169325
한국콜마,Ⅱ. 매출원가,매출원가,2023,1577549940392
한국콜마,Ⅱ. 매출원가,매출원가,2024,1753138458114
한국콜마,Ⅱ. 매출원가,매출원가,2025,1930972042083
한국콜마,Ⅲ. 매출총이익(Ⅰ - Ⅱ),매출총이익,2023,578125987030
한국콜마,Ⅲ. 매출총이익(Ⅰ - Ⅱ),매출총이익,2024,698925522349
한국콜마,Ⅲ. 매출총이익(Ⅰ - Ⅱ),매출총이익,2025,791447127242
한국콜마,Ⅳ. 판매비와 관리비,판매비와관리비,2023,441982647038
한국콜마,Ⅳ. 판매비와 관리비,판매비와관리비,2024,505075098001
한국콜마,Ⅳ. 판매비와 관리비,판매비와관리비,2025,551852386794
한국콜마,Ⅴ. 영업손익(Ⅲ - Ⅳ),영업이익,2023,136143339992
한국콜마,Ⅴ. 영업손익(Ⅲ - Ⅳ),영업이익,2024,193850424348
한국콜마,Ⅴ. 영업손익(Ⅲ - Ⅳ),영업이익,2025,239594740448
한국콜마,Ⅷ. 당기순손익(Ⅴ+Ⅵ-Ⅶ),당기순이익,2023,25138828951
한국콜마,Ⅷ. 당기순손익(Ⅴ+Ⅵ-Ⅶ),당기순이익,2024,125324615188
한국콜마,Ⅷ. 당기순손익(Ⅴ+Ⅵ-Ⅶ),당기순이익,2025,168220449431
한국콜마,① 인건비,"급여,판관비",2024,147858262000
한국콜마,① 인건비,"급여,판관비",2025,156564678000
한국콜마,① 인건비,"퇴직급여,판관비",2024,9503290000
한국콜마,① 인건비,"퇴직급여,판관비",2025,14848229000
한국콜마,② 복리후생비,"교육훈련비,판관비",2024,1970226000
한국콜마,② 복리후생비,"교육훈련비,판관비",2025,1858231000
한국콜마,② 복리후생비,"도서인쇄비,판관비",2024,228059000
한국콜마,② 복리후생비,"도서인쇄비,판관비",2025,206004000
한국콜마,② 복리후생비,"복리후생비,판관비",2024,30686334000
한국콜마,② 복리후생비,"복리후생비,판관비",2025,31112782000
한국콜마,② 복리후생비,"여비교통비,판관비",2024,10218004000
한국콜마,② 복리후생비,"여비교통비,판관비",2025,10893778000
한국콜마,② 복리후생비,"회의비,판관비",2024,2398624000
한국콜마,② 복리후생비,"회의비,판관비",2025,1880514000
한국콜마,③ 지급/용역수수료,"수출제비용,판관비",2024,3755598000
한국콜마,③ 지급/용역수수료,"수출제비용,판관비",2025,1901202000
한국콜마,③ 지급/용역수수료,"지급수수료,판관비",2024,121205785000
한국콜마,③ 지급/용역수수료,"지급수수료,판관비",2025,140040479000
한국콜마,④ 광고선전비,"광고선전비,판관비",2024,49517671000
한국콜마,④ 광고선전비,"광고선전비,판관비",2025,50469014000
한국콜마,⑤ 임차/관리비,"사용권자산상각비,판관비",2024,6956890000
한국콜마,⑤ 임차/관리비,"사용권자산상각비,판관비",2025,6065835000
한국콜마,⑤ 임차/관리비,"임차료,판관비",2024,4964826000
한국콜마,⑤ 임차/관리비,"임차료,판관비",2025,3091383000
한국콜마,⑥ 감가상각비,"감가상각비,판관비",2024,11001993000
한국콜마,⑥ 감가상각비,"감가상각비,판관비",2025,17570858000
한국콜마,⑥ 감가상각비,"무형자산상각비,판관비",2024,22134565000
한국콜마,⑥ 감가상각비,"무형자산상각비,판관비",2025,22811508000
한국콜마,⑦ 물류/운반비,"운반비,판관비",2024,22285120000
한국콜마,⑦ 물류/운반비,"운반비,판관비",2025,27838393000
한국콜마,⑨ 기타판관비,"견본품비,판관비",2024,604389000
한국콜마,⑨ 기타판관비,"견본품비,판관비",2025,912276000
한국콜마,⑨ 기타판관비,"경상개발비,판관비",2024,31876185000
한국콜마,⑨ 기타판관비,"경상개발비,판관비",2025,31586441000
한국콜마,⑨ 기타판관비,기타판매비와관리비,2024,666449000
한국콜마,⑨ 기타판관비,기타판매비와관리비,2025,309995000
한국콜마,⑨ 기타판관비,대손상각비,2024,-811653000
한국콜마,⑨ 기타판관비,대손상각비,2025,1383472000
한국콜마,⑨ 기타판관비,"보험료,판관비",2024,3664378000
한국콜마,⑨ 기타판관비,"보험료,판관비",2025,4135938000
한국콜마,⑨ 기타판관비,"세금과공과,판관비",2024,11279028000
한국콜마,⑨ 기타판관비,"세금과공과,판관비",2025,11999923000
한국콜마,⑨ 기타판관비,"소모품비,판관비",2024,3747698000
한국콜마,⑨ 기타판관비,"소모품비,판관비",2025,3783508000
한국콜마,⑨ 기타판관비,"수도광열비,판관비",2024,2815862000
한국콜마,⑨ 기타판관비,"수도광열비,판관비",2025,3470857000
한국콜마,⑨ 기타판관비,"수선비,판관비",2024,1515428000
한국콜마,⑨ 기타판관비,"수선비,판관비",2025,2023810000
한국콜마,⑨ 기타판관비,"접대비,판관비",2024,2152152000
한국콜마,⑨ 기타판관비,"접대비,판관비",2025,2798767000
한국콜마,⑨ 기타판관비,"차량유지비,판관비",2024,555448000
한국콜마,⑨ 기타판관비,"차량유지비,판관비",2025,560890000
한국콜마,⑨ 기타판관비,"통신비,판관비",2024,429794000
한국콜마,⑨ 기타판관비,"통신비,판관비",2025,421097000
한국콜마,⑨ 기타판관비,"판매보증비,판관비",2024,1883691000
한국콜마,⑨ 기타판관비,"판매보증비,판관비",2025,1297443000
한국콜마,⑨ 기타판관비,"환경유지비,판관비",2024,11003000
한국콜마,⑨ 기타판관비,"환경유지비,판관비",2025,15079000
한국콜마,리스부채,비유동리스부채,2023,50406316173
한국콜마,리스부채,비유동리스부채,2024,42261897395
한국콜마,리스부채,비유동리스부채,2025,39178823506
한국콜마,리스부채,유동리스부채,2023,15574983192
한국콜마,리스부채,유동리스부채,2024,12193617715
한국콜마,리스부채,유동리스부채,2025,12883069282
한국콜마,부채총계,부채총계,2023,1590839241152
한국콜마,부채총계,부채총계,2024,1620961053261
한국콜마,부채총계,부채총계,2025,1790419097924
한국콜마,사용권자산,사용권자산,2023,68908747628
한국콜마,사용권자산,사용권자산,2024,60147679106
한국콜마,사용권자산,사용권자산,2025,57643526092
한국콜마,순운전자본+,기타유동금융자산,2023,103034758576
한국콜마,순운전자본+,기타유동금융자산,2024,68487464986
한국콜마,순운전자본+,기타유동금융자산,2025,116327874822
한국콜마,순운전자본+,당기손익-공정가치측정금융자산,2023,13813398125
한국콜마,순운전자본+,당기손익-공정가치측정금융자산,2024,9048969739
한국콜마,순운전자본+,당기손익-공정가치측정금융자산,2025,284826044
한국콜마,순운전자본+,매출채권,2023,318088861866
한국콜마,순운전자본+,매출채권,2024,284223381552
한국콜마,순운전자본+,매출채권,2025,333164710162
한국콜마,순운전자본+,현금및현금성자산,2023,170839479489
한국콜마,순운전자본+,현금및현금성자산,2024,141871214022
한국콜마,순운전자본+,현금및현금성자산,2025,225316644282
한국콜마,순운전자본-,기타유동금융부채,2023,105551629856
한국콜마,순운전자본-,기타유동금융부채,2024,60063175606
한국콜마,순운전자본-,기타유동금융부채,2025,64655604252
한국콜마,순운전자본-,단기차입금,2023,598515299793
한국콜마,순운전자본-,단기차입금,2024,726829527032
한국콜마,순운전자본-,단기차입금,2025,744082072506
한국콜마,순운전자본-,매입채무,2023,190467671579
한국콜마,순운전자본-,매입채무,2024,187540385366
한국콜마,순운전자본-,매입채무,2025,230770454246
한국콜마,순운전자본-,유동사채,2023,239870176037
한국콜마,순운전자본-,유동사채,2024,59986856265
한국콜마,순운전자본-,유동사채,2025,104912793825
한국콜마,영업활동현금흐름,영업활동으로인한현금흐름,2023,112241475356
한국콜마,영업활동현금흐름,영업활동으로인한현금흐름,2024,215382940702
한국콜마,영업활동현금흐름,영업활동으로인한현금흐름,2025,291432572833
한국콜마,이익잉여금,이익잉여금,2023,367618540069
한국콜마,이익잉여금,이익잉여금,2024,487914233535
한국콜마,이익잉여금,이익잉여금,2025,592665590999
한국콜마,자본총계,자본총계,2023,1418590136562
한국콜마,자본총계,자본총계,2024,1505731966547
한국콜마,자본총계,자본총계,2025,1667349364857
한국콜마,자산총계,자산총계,2023,3009429377714
한국콜마,자산총계,자산총계,2024,3126693019808
한국콜마,자산총계,자산총계,2025,3457768462781
한국콜마,재고자산,재고자산,2023,280914965122
한국콜마,재고자산,재고자산,2024,327667249099
한국콜마,재고자산,재고자산,2025,324796974755
한국콜마,재무활동현금흐름,재무활동으로인한현금흐름,2023,-8409314669
한국콜마,재무활동현금흐름,재무활동으로인한현금흐름,2024,-43228340800
한국콜마,재무활동현금흐름,재무활동으로인한현금흐름,2025,40248032150
한국콜마,투자활동현금흐름,투자활동으로인한현금흐름,2023,-155684341344
한국콜마,투자활동현금흐름,투자활동으로인한현금흐름,2024,-205249104547
한국콜마,투자활동현금흐름,투자활동으로인한현금흐름,2025,-247683777115
한국콜마,현금의 증감,환율변동효과전현금및현금성자산의증가,2023,-51852180657
한국콜마,현금의 증감,환율변동효과전현금및현금성자산의증가,2024,-33094504645
한국콜마,현금의 증감,환율변동효과전현금및현금성자산의증가,2025,83996827868
한섬,Ⅰ. 매출액,수익,2024,1485260000000
한섬,Ⅰ. 매출액,수익,2025,1491760000000
한섬,Ⅱ. 매출원가,매출원가,2024,631342000000
한섬,Ⅱ. 매출원가,매출원가,2025,651805000000
한섬,Ⅲ. 매출총이익(Ⅰ - Ⅱ),매출총이익,2024,853922000000
한섬,Ⅲ. 매출총이익(Ⅰ - Ⅱ),매출총이익,2025,839959000000
한섬,Ⅳ. 판매비와 관리비,판매비와관리비,2024,790451000000
한섬,Ⅳ. 판매비와 관리비,판매비와관리비,2025,787781000000
한섬,Ⅴ. 영업손익(Ⅲ - Ⅳ),영업이익,2024,63471661000
한섬,Ⅴ. 영업손익(Ⅲ - Ⅳ),영업이익,2025,52178677000
한섬,Ⅷ. 당기순손익(Ⅴ+Ⅵ-Ⅶ),당기순이익,2024,43314643000
한섬,Ⅷ. 당기순손익(Ⅴ+Ⅵ-Ⅶ),당기순이익,2025,46244859000
한섬,① 인건비,급여,2024,65371366000
한섬,① 인건비,급여,2025,65001700000
한섬,① 인건비,퇴직급여,2024,8236723000
한섬,① 인건비,퇴직급여,2025,9491945000
한섬,② 복리후생비,복리후생비,2024,11712586000
한섬,② 복리후생비,복리후생비,2025,11139459000
한섬,② 복리후생비,여비교통비,2024,4219447000
한섬,② 복리후생비,여비교통비,2025,3617925000
한섬,③ 지급/용역수수료,지급수수료,2024,482994000000
한섬,③ 지급/용역수수료,지급수수료,2025,483395000000
한섬,④ 광고선전비,광고선전비,2024,45154584000
한섬,④ 광고선전비,광고선전비,2025,41437551000
한섬,⑤ 임차/관리비,수도광열비,2024,4210159000
한섬,⑤ 임차/관리비,수도광열비,2025,4099219000
한섬,⑤ 임차/관리비,임차료및관리비,2024,45455374000
한섬,⑤ 임차/관리비,임차료및관리비,2025,48521456000
한섬,⑥ 감가상각비,감가상각비,2024,42465350000
한섬,⑥ 감가상각비,감가상각비,2025,45206966000
한섬,⑥ 감가상각비,무형자산상각비,2024,27077551000
한섬,⑥ 감가상각비,무형자산상각비,2025,23319195000
한섬,⑦ 물류/운반비,운반비,2024,13019359000
한섬,⑦ 물류/운반비,운반비,2025,13069101000
한섬,⑨ 기타판관비,기타판매비와관리비,2024,7420991000
한섬,⑨ 기타판관비,기타판매비와관리비,2025,6549832000
한섬,⑨ 기타판관비,세금과공과,2024,6184677000
한섬,⑨ 기타판관비,세금과공과,2025,6406427000
한섬,⑨ 기타판관비,소모품비,2024,16114891000
한섬,⑨ 기타판관비,소모품비,2025,15106083000
한섬,⑨ 기타판관비,수선비,2024,5061667000
한섬,⑨ 기타판관비,수선비,2025,4934283000
한섬,⑨ 기타판관비,전산비,2024,5751851000
한섬,⑨ 기타판관비,전산비,2025,6484198000
한섬,리스부채,비유동리스부채,2024,29458072000
한섬,리스부채,비유동리스부채,2025,32022440000
한섬,리스부채,유동리스부채,2024,13890969000
한섬,리스부채,유동리스부채,2025,12679296000
한섬,부채총계,부채총계,2024,340068000000
한섬,부채총계,부채총계,2025,297739000000
한섬,순운전자본+,기타유동금융자산,2024,33416863000
한섬,순운전자본+,기타유동금융자산,2025,39573655000
한섬,순운전자본+,단기금융상품,2025,22000000
한섬,순운전자본+,유동당기손익인식금융자산,2024,58823917000
한섬,순운전자본+,유동당기손익인식금융자산,2025,33898516000
한섬,순운전자본+,유동매출채권,2024,89308871000
한섬,순운전자본+,유동매출채권,2025,95057767000
한섬,순운전자본+,현금및현금성자산,2024,17679426000
한섬,순운전자본+,현금및현금성자산,2025,20486459000
한섬,순운전자본-,기타유동금융부채,2024,116972000000
한섬,순운전자본-,기타유동금융부채,2025,120738000000
한섬,순운전자본-,유동매입채무,2024,41033992000
한섬,순운전자본-,유동매입채무,2025,42587991000
한섬,순운전자본-,유동차입금,2024,43817780000
한섬,순운전자본-,유동차입금,2025,25000000000
한섬,영업활동현금흐름,영업활동현금흐름,2024,102041000000
한섬,영업활동현금흐름,영업활동현금흐름,2025,116180000000
한섬,이익잉여금,이익잉여금,2024,1309890000000
한섬,이익잉여금,이익잉여금,2025,1330070000000
한섬,자본총계,자본총계,2024,1406100000000
한섬,자본총계,자본총계,2025,1437090000000
한섬,재고자산,유동재고자산,2024,624321000000
한섬,재고자산,유동재고자산,2025,620080000000
한섬,재무활동현금흐름,재무활동현금흐름,2024,-38476487000
한섬,재무활동현금흐름,재무활동현금흐름,2025,-50881278000
한섬,투자활동현금흐름,투자활동현금흐름,2024,-65140837000
한섬,투자활동현금흐름,투자활동현금흐름,2025,-62565264000
한섬,현금의 증감,현금및현금성자산의증가,2024,-1575890000
한섬,현금의 증감,현금및현금성자산의증가,2025,2733330000
한세실업,Ⅰ. 매출액,매출액,2024,1797800000000
한세실업,Ⅰ. 매출액,매출액,2025,1941780000000
한세실업,Ⅱ. 매출원가,매출원가,2024,1489300000000
한세실업,Ⅱ. 매출원가,매출원가,2025,1680320000000
한세실업,Ⅲ. 매출총이익(Ⅰ - Ⅱ),매출총이익,2024,308495000000
한세실업,Ⅲ. 매출총이익(Ⅰ - Ⅱ),매출총이익,2025,261454000000
한세실업,Ⅳ. 판매비와 관리비,판매관리비,2024,166298000000
한세실업,Ⅳ. 판매비와 관리비,판매관리비,2025,178038000000
한세실업,Ⅴ. 영업손익(Ⅲ - Ⅳ),영업이익,2024,142198000000
한세실업,Ⅴ. 영업손익(Ⅲ - Ⅳ),영업이익,2025,83416342796
한세실업,Ⅷ. 당기순손익(Ⅴ+Ⅵ-Ⅶ),당기순이익,2024,58382382679
한세실업,Ⅷ. 당기순손익(Ⅴ+Ⅵ-Ⅶ),당기순이익,2025,57255205232
한세실업,① 인건비,급여,2024,68110895000
한세실업,① 인건비,급여,2025,75940345000
한세실업,① 인건비,퇴직급여,2024,6312702000
한세실업,① 인건비,퇴직급여,2025,4598209000
한세실업,② 복리후생비,복리후생비,2024,9799132000
한세실업,② 복리후생비,복리후생비,2025,11071891000
한세실업,② 복리후생비,여비교통비,2024,832844000
한세실업,② 복리후생비,여비교통비,2025,537862000
한세실업,③ 지급/용역수수료,수수료,2024,33005401000
한세실업,③ 지급/용역수수료,수수료,2025,35341852000
한세실업,③ 지급/용역수수료,수출제비용,2024,175529000
한세실업,③ 지급/용역수수료,수출제비용,2025,706057000
한세실업,⑤ 임차/관리비,사용권자산상각비,2024,4183888000
한세실업,⑤ 임차/관리비,사용권자산상각비,2025,4996624000
한세실업,⑤ 임차/관리비,지급임차료,2024,1226974000
한세실업,⑤ 임차/관리비,지급임차료,2025,1392174000
한세실업,⑥ 감가상각비,감가상각비,2024,1723028000
한세실업,⑥ 감가상각비,감가상각비,2025,2324232000
한세실업,⑥ 감가상각비,무형자산상각비,2024,512678000
한세실업,⑥ 감가상각비,무형자산상각비,2025,1240573000
한세실업,⑥ 감가상각비,투자부동산상각비,2024,399750000
한세실업,⑥ 감가상각비,투자부동산상각비,2025,413314000
한세실업,⑦ 물류/운반비,운반비,2024,15250960000
한세실업,⑦ 물류/운반비,운반비,2025,10799188000
한세실업,⑨ 기타판관비,견본비,2024,5759825000
한세실업,⑨ 기타판관비,견본비,2025,6318265000
한세실업,⑨ 기타판관비,기타,2024,11385974000
한세실업,⑨ 기타판관비,기타,2025,11706450000
한세실업,⑨ 기타판관비,대손상각비,2024,113794000
한세실업,⑨ 기타판관비,대손상각비,2025,4258876000
한세실업,⑨ 기타판관비,접대비,2024,1428594000
한세실업,⑨ 기타판관비,접대비,2025,1144891000
한세실업,⑨ 기타판관비,통신비,2024,824256000
한세실업,⑨ 기타판관비,통신비,2025,669195000
한세실업,⑨ 기타판관비,해외출장비,2024,5251295000
한세실업,⑨ 기타판관비,해외출장비,2025,4577806000
한세실업,리스부채,리스부채,2024,9924537144
한세실업,리스부채,리스부채,2025,17822127747
한세실업,부채총계,부채총계,2024,714862000000
한세실업,부채총계,부채총계,2025,800934000000
한세실업,사용권자산,사용권자산,2024,73856395473
한세실업,사용권자산,사용권자산,2025,91040027915
한세실업,순운전자본+,단기금융상품,2024,0
한세실업,순운전자본+,단기금융상품,2025,0
한세실업,순운전자본+,당기손익-공정가치측정금융자산,2024,2928364420
한세실업,순운전자본+,당기손익-공정가치측정금융자산,2025,2392309047
한세실업,순운전자본+,매출채권및기타채권,2024,212207000000
한세실업,순운전자본+,매출채권및기타채권,2025,209502000000
한세실업,순운전자본+,현금및현금성자산,2024,68826194387
한세실업,순운전자본+,현금및현금성자산,2025,311589000000
한세실업,순운전자본-,매입채무및기타채무,2024,79910531115
한세실업,순운전자본-,매입채무및기타채무,2025,89615475699
한세실업,순운전자본-,차입금,2024,424492000000
한세실업,순운전자본-,차입금,2025,442798000000
한세실업,영업활동현금흐름,영업활동현금흐름,2024,56290511063
한세실업,영업활동현금흐름,영업활동현금흐름,2025,85379007016
한세실업,이익잉여금,이익잉여금,2024,611438000000
한세실업,이익잉여금,이익잉여금,2025,683645000000
한세실업,자본총계,자본총계,2024,709666000000
한세실업,자본총계,자본총계,2025,734725000000
한세실업,자산총계,자산총계,2024,1424530000000
한세실업,자산총계,자산총계,2025,1535660000000
한세실업,재고자산,재고자산,2024,302819000000
한세실업,재고자산,재고자산,2025,310413000000
한세실업,재무활동현금흐름,재무활동현금흐름,2024,20519513575
한세실업,재무활동현금흐름,재무활동현금흐름,2025,48821761230
한세실업,투자활동현금흐름,투자활동현금흐름,2024,-83923040940
한세실업,투자활동현금흐름,투자활동현금흐름,2025,109600000000
한세실업,현금의 증감,현금및현금성자산의증감,2024,-7113016302
한세실업,현금의 증감,현금및현금성자산의증감,2025,243801000000
휴넷,Ⅰ. 매출액,영업수익,2024,82347147602
휴넷,Ⅰ. 매출액,영업수익,2025,82656652035
휴넷,Ⅳ. 판매비와 관리비,영업비용,2024,78413159524
휴넷,Ⅳ. 판매비와 관리비,영업비용,2025,78522951357
휴넷,Ⅴ. 영업손익(Ⅲ - Ⅳ),영업이익,2024,3933988078
휴넷,Ⅴ. 영업손익(Ⅲ - Ⅳ),영업이익,2025,4133700678
휴넷,Ⅷ. 당기순손익(Ⅴ+Ⅵ-Ⅶ),당기순이익,2024,361223866
휴넷,Ⅷ. 당기순손익(Ⅴ+Ⅵ-Ⅶ),당기순이익,2025,2575080680
휴넷,① 인건비,급여,2024,21695498005
휴넷,① 인건비,급여,2025,20695794668
휴넷,① 인건비,퇴직급여,2024,2229251035
휴넷,① 인건비,퇴직급여,2025,2213183022
휴넷,② 복리후생비,교육훈련비,2024,53572107
휴넷,② 복리후생비,교육훈련비,2025,26781920
휴넷,② 복리후생비,도서원가,2024,1127226575
휴넷,② 복리후생비,도서원가,2025,1237751393
휴넷,② 복리후생비,도서인쇄비,2024,76649203
휴넷,② 복리후생비,도서인쇄비,2025,54356628
휴넷,② 복리후생비,복리후생비,2024,4313381307
휴넷,② 복리후생비,복리후생비,2025,3655027381
휴넷,② 복리후생비,여비교통비,2024,396398072
휴넷,② 복리후생비,여비교통비,2025,280684243
휴넷,② 복리후생비,차량유지비,2024,148267901
휴넷,② 복리후생비,차량유지비,2025,190518980
휴넷,③ 지급/용역수수료,강사료,2024,3052467163
휴넷,③ 지급/용역수수료,강사료,2025,4273927393
휴넷,③ 지급/용역수수료,외주용역비,2024,11466852848
휴넷,③ 지급/용역수수료,외주용역비,2025,11003116462
휴넷,③ 지급/용역수수료,지급수수료,2024,22751893841
휴넷,③ 지급/용역수수료,지급수수료,2025,18889563269
휴넷,④ 광고선전비,광고선전비,2024,2597501244
휴넷,④ 광고선전비,광고선전비,2025,864746508
휴넷,④ 광고선전비,판매촉진비,2024,750189215
휴넷,④ 광고선전비,판매촉진비,2025,5824903505
휴넷,⑤ 임차/관리비,수도광열비,2024,201941100
휴넷,⑤ 임차/관리비,수도광열비,2025,232237820
휴넷,⑤ 임차/관리비,지급임차료,2024,132427064
휴넷,⑤ 임차/관리비,지급임차료,2025,120804733
휴넷,⑤ 임차/관리비,통신비,2024,51573876
휴넷,⑤ 임차/관리비,통신비,2025,43422779
휴넷,⑥ 감가상각비,감가상각비,2024,1429543289
휴넷,⑥ 감가상각비,감가상각비,2025,1268644571
휴넷,⑥ 감가상각비,무형자산상각비,2024,3151618633
휴넷,⑥ 감가상각비,무형자산상각비,2025,4300475022
휴넷,⑨ 기타판관비,교육운영비,2024,2284065771
휴넷,⑨ 기타판관비,교육운영비,2025,2886013224
휴넷,⑨ 기타판관비,기업업무추진비,2024,22185535
휴넷,⑨ 기타판관비,기업업무추진비,2025,18666160
휴넷,⑨ 기타판관비,대손상각비,2024,46145010
휴넷,⑨ 기타판관비,대손상각비,2025,10103000
휴넷,⑨ 기타판관비,보험료,2024,20530321
휴넷,⑨ 기타판관비,보험료,2025,23415057
휴넷,⑨ 기타판관비,세금과공과,2024,283417022
휴넷,⑨ 기타판관비,세금과공과,2025,293524550
휴넷,⑨ 기타판관비,소모품비,2024,76503798
휴넷,⑨ 기타판관비,소모품비,2025,60286557
휴넷,⑨ 기타판관비,수선비,2024,15050747
휴넷,⑨ 기타판관비,수선비,2025,23751395
휴넷,⑨ 기타판관비,운반비,2024,39008842
휴넷,⑨ 기타판관비,운반비,2025,31251117
휴넷,부채총계,부채총계,2024,36530873659
휴넷,부채총계,부채총계,2025,33986994802
휴넷,순운전자본+,단기금융상품,2024,110000000
휴넷,순운전자본+,단기금융상품,2025,110000000
휴넷,순운전자본+,대손충당금,2024,-229545814
휴넷,순운전자본+,대손충당금,2025,-239648814
휴넷,순운전자본+,매출채권,2024,11382734665
휴넷,순운전자본+,매출채권,2025,10032860362
휴넷,순운전자본+,현금및현금성자산,2024,1691051807
휴넷,순운전자본+,현금및현금성자산,2025,924054287
휴넷,순운전자본-,단기차입금,2024,19258195066
휴넷,순운전자본-,단기차입금,2025,17830000000
휴넷,순운전자본-,미지급금,2024,6470351913
휴넷,순운전자본-,미지급금,2025,6516645035
휴넷,순운전자본-,미지급비용,2024,2174006442
휴넷,순운전자본-,미지급비용,2025,1881338565
휴넷,순운전자본-,부가가치세예수금,2024,653979611
휴넷,순운전자본-,부가가치세예수금,2025,636625315
휴넷,순운전자본-,예수금,2024,258847889
휴넷,순운전자본-,예수금,2025,266725663
휴넷,순운전자본-,유동성장기차입금,2024,6190017777
휴넷,순운전자본-,유동성장기차입금,2025,5787240000
휴넷,영업활동현금흐름,영업활동으로인한현금흐름,2024,7367560102
휴넷,영업활동현금흐름,영업활동으로인한현금흐름,2025,9470362198
휴넷,이익잉여금,이익잉여금,2024,19647358610
휴넷,이익잉여금,이익잉여금,2025,22222439290
휴넷,자본총계,자본총계,2024,19392143773
휴넷,자본총계,자본총계,2025,21967224453
휴넷,자산총계,자산총계,2024,55923017432
휴넷,자산총계,자산총계,2025,55954219255
휴넷,재고자산,재고자산,2024,330697166
휴넷,재고자산,재고자산,2025,211522680
휴넷,재무활동현금흐름,재무활동으로인한현금흐름,2024,3036145571
휴넷,재무활동현금흐름,재무활동으로인한현금흐름,2025,-1926712843
휴넷,투자활동현금흐름,투자활동으로인한현금흐름,2024,-9609029379
휴넷,투자활동현금흐름,투자활동으로인한현금흐름,2025,-8310646875
